
✨  Synthesis time: 4.97s

RiamLmsStack:  start: Building e11e863af2029fb4f9a1d67e4ce3e4b17a8099c44323dadd56148f106371eb4c:682190641149-us-west-2
#0 building with "desktop-linux" instance using docker driver

#1 [internal] load build definition from Dockerfile
#1 transferring dockerfile: 562B done
#1 DONE 0.0s

#2 [internal] load metadata for docker.io/library/python:3.12-slim
#2 DONE 1.9s

#3 [internal] load .dockerignore
#3 transferring context: 2B done
#3 DONE 0.0s

#4 [internal] load build context
#4 transferring context: 282.03kB 0.0s done
#4 DONE 0.0s

#5 [1/6] FROM docker.io/library/python:3.12-slim@sha256:d75c4b6cdd039ae966a34cd3ccab9e0e5f7299280ad76fe1744882d86eedce0b
#5 resolve docker.io/library/python:3.12-slim@sha256:d75c4b6cdd039ae966a34cd3ccab9e0e5f7299280ad76fe1744882d86eedce0b done
#5 sha256:d75c4b6cdd039ae966a34cd3ccab9e0e5f7299280ad76fe1744882d86eedce0b 10.37kB / 10.37kB done
#5 sha256:d237c0210168cc90e5338e5ff67ff8d863d5c593f0811f8af4a8af2d01d59900 1.75kB / 1.75kB done
#5 sha256:8cee32bd74cfacf0b0abfb8c919add49c74cf48dfcb967ac0ed73669cac121c0 5.69kB / 5.69kB done
#5 sha256:d637807aba98f742a62ad9b0146579ceb0297a3c831f56b2361664b7f5fbc75b 0B / 30.13MB 0.1s
#5 sha256:62f081338475b5a6f3290978246cc54b770ed2e05654ce042089a663613dbe1d 0B / 1.27MB 0.1s
#5 sha256:1b3d94f08eccf47fbc1421c7f58e97032478791558de0f4e33e222516d8aa35a 0B / 12.04MB 0.1s
#5 sha256:d637807aba98f742a62ad9b0146579ceb0297a3c831f56b2361664b7f5fbc75b 2.10MB / 30.13MB 0.4s
#5 sha256:d637807aba98f742a62ad9b0146579ceb0297a3c831f56b2361664b7f5fbc75b 13.63MB / 30.13MB 0.6s
#5 sha256:d637807aba98f742a62ad9b0146579ceb0297a3c831f56b2361664b7f5fbc75b 23.07MB / 30.13MB 0.8s
#5 sha256:62f081338475b5a6f3290978246cc54b770ed2e05654ce042089a663613dbe1d 1.27MB / 1.27MB 0.6s done
#5 sha256:1b3d94f08eccf47fbc1421c7f58e97032478791558de0f4e33e222516d8aa35a 2.10MB / 12.04MB 0.8s
#5 sha256:140d16322bf108b2991aa4c4ad3d1526a775c13611f553f3ab2e7fdb770d1d07 0B / 249B 0.8s
#5 sha256:d637807aba98f742a62ad9b0146579ceb0297a3c831f56b2361664b7f5fbc75b 27.26MB / 30.13MB 0.9s
#5 sha256:1b3d94f08eccf47fbc1421c7f58e97032478791558de0f4e33e222516d8aa35a 3.15MB / 12.04MB 0.9s
#5 sha256:d637807aba98f742a62ad9b0146579ceb0297a3c831f56b2361664b7f5fbc75b 30.13MB / 30.13MB 1.0s done
#5 sha256:1b3d94f08eccf47fbc1421c7f58e97032478791558de0f4e33e222516d8aa35a 6.29MB / 12.04MB 1.0s
#5 sha256:140d16322bf108b2991aa4c4ad3d1526a775c13611f553f3ab2e7fdb770d1d07 249B / 249B 1.0s done
#5 sha256:1b3d94f08eccf47fbc1421c7f58e97032478791558de0f4e33e222516d8aa35a 8.39MB / 12.04MB 1.1s
#5 extracting sha256:d637807aba98f742a62ad9b0146579ceb0297a3c831f56b2361664b7f5fbc75b 0.1s
#5 sha256:1b3d94f08eccf47fbc1421c7f58e97032478791558de0f4e33e222516d8aa35a 11.53MB / 12.04MB 1.2s
#5 sha256:1b3d94f08eccf47fbc1421c7f58e97032478791558de0f4e33e222516d8aa35a 12.04MB / 12.04MB 1.2s done
#5 extracting sha256:d637807aba98f742a62ad9b0146579ceb0297a3c831f56b2361664b7f5fbc75b 0.8s done
#5 extracting sha256:62f081338475b5a6f3290978246cc54b770ed2e05654ce042089a663613dbe1d 0.1s done
#5 extracting sha256:1b3d94f08eccf47fbc1421c7f58e97032478791558de0f4e33e222516d8aa35a 0.1s
#5 extracting sha256:1b3d94f08eccf47fbc1421c7f58e97032478791558de0f4e33e222516d8aa35a 0.4s done
#5 extracting sha256:140d16322bf108b2991aa4c4ad3d1526a775c13611f553f3ab2e7fdb770d1d07 done
#5 DONE 2.4s

#6 [2/6] WORKDIR /app
#6 DONE 0.2s

#7 [3/6] RUN apt-get update && apt-get install -y     gcc     g++     libsndfile1     libsndfile1-dev     ffmpeg     && rm -rf /var/lib/apt/lists/*
#7 0.254 Hit:1 http://deb.debian.org/debian trixie InRelease
#7 0.280 Get:2 http://deb.debian.org/debian trixie-updates InRelease [47.3 kB]
#7 0.372 Get:3 http://deb.debian.org/debian-security trixie-security InRelease [43.4 kB]
#7 0.413 Get:4 http://deb.debian.org/debian trixie/main arm64 Packages [9607 kB]
#7 0.688 Get:5 http://deb.debian.org/debian trixie-updates/main arm64 Packages [5404 B]
#7 0.717 Get:6 http://deb.debian.org/debian-security trixie-security/main arm64 Packages [95.8 kB]
#7 1.477 Fetched 9799 kB in 1s (7209 kB/s)
#7 1.477 Reading package lists...
#7 1.980 Reading package lists...
#7 2.473 Building dependency tree...
#7 2.575 Reading state information...
#7 2.759 The following additional packages will be installed:
#7 2.759   adwaita-icon-theme alsa-topology-conf alsa-ucm-conf at-spi2-common
#7 2.759   at-spi2-core binutils binutils-aarch64-linux-gnu binutils-common cpp cpp-14
#7 2.759   cpp-14-aarch64-linux-gnu cpp-aarch64-linux-gnu dbus dbus-bin dbus-daemon
#7 2.759   dbus-session-bus-common dbus-system-bus-common dbus-user-session
#7 2.759   dconf-gsettings-backend dconf-service dmsetup fontconfig fontconfig-config
#7 2.759   fonts-dejavu-core fonts-dejavu-mono g++-14 g++-14-aarch64-linux-gnu
#7 2.759   g++-aarch64-linux-gnu gcc-14 gcc-14-aarch64-linux-gnu gcc-aarch64-linux-gnu
#7 2.759   gsettings-desktop-schemas gtk-update-icon-cache hicolor-icon-theme
#7 2.759   krb5-locales libaacs0 libaom3 libapparmor1 libasan8 libasound2-data
#7 2.759   libasound2t64 libass9 libasyncns0 libatk-bridge2.0-0t64 libatk1.0-0t64
#7 2.759   libatomic1 libatspi2.0-0t64 libavahi-client3 libavahi-common-data
#7 2.759   libavahi-common3 libavc1394-0 libavcodec61 libavdevice61 libavfilter10
#7 2.759   libavformat61 libavutil59 libbdplus0 libbinutils libblas3 libbluray2
#7 2.759   libbrotli1 libbs2b0 libc-dev-bin libc6-dev libcaca0 libcairo-gobject2
#7 2.759   libcairo2 libcc1-0 libcdio-cdda2t64 libcdio-paranoia2t64 libcdio19t64
#7 2.759   libchromaprint1 libcjson1 libcloudproviders0 libcodec2-1.2 libcolord2
#7 2.759   libcom-err2 libcrypt-dev libcryptsetup12 libctf-nobfd0 libctf0 libcups2t64
#7 2.759   libdatrie1 libdav1d7 libdbus-1-3 libdc1394-25 libdconf1 libdecor-0-0
#7 2.759   libdecor-0-plugin-1-gtk libdeflate0 libdevmapper1.02.1 libdrm-amdgpu1
#7 2.759   libdrm-common libdrm2 libdvdnav4 libdvdread8t64 libedit2 libelf1t64
#7 2.759   libepoxy0 libexpat1 libfftw3-double3 libflac-dev libflac14 libflite1
#7 2.759   libfontconfig1 libfreetype6 libfribidi0 libgbm1 libgcc-14-dev libgcrypt20
#7 2.759   libgdk-pixbuf-2.0-0 libgdk-pixbuf2.0-bin libgdk-pixbuf2.0-common
#7 2.759   libgfortran5 libgl1 libgl1-mesa-dri libglib2.0-0t64 libglib2.0-data
#7 2.759   libglvnd0 libglx-mesa0 libglx0 libgme0 libgnutls30t64 libgomp1
#7 2.759   libgpg-error-l10n libgpg-error0 libgprofng0 libgraphite2-3 libgsm1
#7 2.759   libgssapi-krb5-2 libgtk-3-0t64 libgtk-3-bin libgtk-3-common libharfbuzz0b
#7 2.759   libhwasan0 libhwy1t64 libidn2-0 libiec61883-0 libisl23 libitm1
#7 2.759   libjack-jackd2-0 libjansson4 libjbig0 libjpeg62-turbo libjson-c5 libjxl0.11
#7 2.759   libk5crypto3 libkeyutils1 libkmod2 libkrb5-3 libkrb5support0 liblapack3
#7 2.759   liblcms2-2 liblerc4 liblilv-0-0 libllvm19 liblsan0 libmbedcrypto16
#7 2.759   libmp3lame0 libmpc3 libmpfr6 libmpg123-0t64 libmpg123-dev libmysofa1
#7 2.759   libnorm1t64 libnss-systemd libnuma1 libogg-dev libogg0 libopenal-data
#7 2.759   libopenal1 libopenjp2-7 libopenmpt0t64 libopus-dev libopus0 libout123-0t64
#7 2.759   libp11-kit0 libpam-systemd libpango-1.0-0 libpangocairo-1.0-0
#7 2.759   libpangoft2-1.0-0 libpgm-5.3-0t64 libpixman-1-0 libpkgconf3 libplacebo349
#7 2.759   libpng16-16t64 libpocketsphinx3 libpostproc58 libproc2-0 libpulse0
#7 2.760   librabbitmq4 librav1e0.7 libraw1394-11 librist4 librsvg2-2 librsvg2-common
#7 2.760   librubberband2 libsamplerate0 libsdl2-2.0-0 libsensors-config libsensors5
#7 2.760   libserd-0-0 libsframe1 libsharpyuv0 libshine3 libslang2 libsnappy1v5
#7 2.760   libsodium23 libsord-0-0 libsoxr0 libspeex1 libsphinxbase3t64 libsratom-0-0
#7 2.760   libsrt1.5-gnutls libssh-4 libstdc++-14-dev libsvtav1enc2 libswresample5
#7 2.760   libswscale8 libsyn123-0t64 libsystemd-shared libtasn1-6 libthai-data
#7 2.760   libthai0 libtheoradec1 libtheoraenc1 libtiff6 libtsan2 libtwolame0 libubsan1
#7 2.760   libudfread0 libunibreak6 libunistring5 libusb-1.0-0 libva-drm2 libva-x11-2
#7 2.760   libva2 libvdpau-va-gl1 libvdpau1 libvidstab1.1 libvorbis-dev libvorbis0a
#7 2.760   libvorbisenc2 libvorbisfile3 libvpx9 libvulkan1 libwayland-client0
#7 2.760   libwayland-cursor0 libwayland-egl1 libwayland-server0 libwebp7 libwebpmux3
#7 2.760   libx11-6 libx11-data libx11-xcb1 libx264-164 libx265-215 libxau6
#7 2.760   libxcb-dri3-0 libxcb-glx0 libxcb-present0 libxcb-randr0 libxcb-render0
#7 2.760   libxcb-shape0 libxcb-shm0 libxcb-sync1 libxcb-xfixes0 libxcb1 libxcomposite1
#7 2.760   libxcursor1 libxdamage1 libxdmcp6 libxext6 libxfixes3 libxi6 libxinerama1
#7 2.760   libxkbcommon0 libxml2 libxrandr2 libxrender1 libxshmfence1 libxss1 libxtst6
#7 2.760   libxv1 libxvidcore4 libxxf86vm1 libz3-4 libzimg2 libzix-0-0 libzmq5
#7 2.760   libzvbi-common libzvbi0t64 linux-libc-dev linux-sysctl-defaults manpages
#7 2.760   manpages-dev mesa-libgallium mesa-va-drivers mesa-vdpau-drivers
#7 2.760   mesa-vulkan-drivers ocl-icd-libopencl1 pkgconf pkgconf-bin
#7 2.760   pocketsphinx-en-us procps psmisc rpcsvc-proto shared-mime-info systemd
#7 2.760   systemd-cryptsetup systemd-sysv systemd-timesyncd va-driver-all
#7 2.760   vdpau-driver-all x11-common xdg-user-dirs xkb-data
#7 2.761 Suggested packages:
#7 2.761   adwaita-icon-theme-legacy binutils-doc gprofng-gui binutils-gold cpp-doc
#7 2.761   gcc-14-locales cpp-14-doc ffmpeg-doc gcc-14-doc gcc-multilib make autoconf
#7 2.761   automake libtool flex bison gdb gcc-doc gdb-aarch64-linux-gnu alsa-utils
#7 2.761   libasound2-plugins libcuda1 libnvcuvid1 libnvidia-encode1 libbluray-bdj
#7 2.761   libc-devtools glibc-doc colord cups-common libdvdcss2 libfftw3-bin
#7 2.761   libfftw3-dev rng-tools low-memory-monitor gnutls-bin krb5-doc krb5-user gvfs
#7 2.761   jackd2 liblcms2-utils libtss2-rc0t64 libportaudio2 libsndio7.0 opus-tools
#7 2.761   pulseaudio libraw1394-doc librsvg2-bin xdg-utils lm-sensors serdi sordi
#7 2.761   speex libstdc++-14-doc libarchive13t64 libbpf1 libdw1t64 libfido2-1
#7 2.761   libip4tc2 libpwquality1 libqrencode4 man-browser opencl-icd
#7 2.761   systemd-container systemd-homed systemd-userdbd systemd-boot
#7 2.761   systemd-resolved systemd-repart libtss2-tcti-device0 polkitd
#7 2.761   nvidia-vdpau-driver
#7 5.076 The following NEW packages will be installed:
#7 5.076   adwaita-icon-theme alsa-topology-conf alsa-ucm-conf at-spi2-common
#7 5.076   at-spi2-core binutils binutils-aarch64-linux-gnu binutils-common cpp cpp-14
#7 5.076   cpp-14-aarch64-linux-gnu cpp-aarch64-linux-gnu dbus dbus-bin dbus-daemon
#7 5.076   dbus-session-bus-common dbus-system-bus-common dbus-user-session
#7 5.076   dconf-gsettings-backend dconf-service dmsetup ffmpeg fontconfig
#7 5.076   fontconfig-config fonts-dejavu-core fonts-dejavu-mono g++ g++-14
#7 5.076   g++-14-aarch64-linux-gnu g++-aarch64-linux-gnu gcc gcc-14
#7 5.076   gcc-14-aarch64-linux-gnu gcc-aarch64-linux-gnu gsettings-desktop-schemas
#7 5.076   gtk-update-icon-cache hicolor-icon-theme krb5-locales libaacs0 libaom3
#7 5.076   libapparmor1 libasan8 libasound2-data libasound2t64 libass9 libasyncns0
#7 5.076   libatk-bridge2.0-0t64 libatk1.0-0t64 libatomic1 libatspi2.0-0t64
#7 5.076   libavahi-client3 libavahi-common-data libavahi-common3 libavc1394-0
#7 5.076   libavcodec61 libavdevice61 libavfilter10 libavformat61 libavutil59
#7 5.076   libbdplus0 libbinutils libblas3 libbluray2 libbrotli1 libbs2b0 libc-dev-bin
#7 5.076   libc6-dev libcaca0 libcairo-gobject2 libcairo2 libcc1-0 libcdio-cdda2t64
#7 5.076   libcdio-paranoia2t64 libcdio19t64 libchromaprint1 libcjson1
#7 5.076   libcloudproviders0 libcodec2-1.2 libcolord2 libcom-err2 libcrypt-dev
#7 5.076   libcryptsetup12 libctf-nobfd0 libctf0 libcups2t64 libdatrie1 libdav1d7
#7 5.076   libdbus-1-3 libdc1394-25 libdconf1 libdecor-0-0 libdecor-0-plugin-1-gtk
#7 5.076   libdeflate0 libdevmapper1.02.1 libdrm-amdgpu1 libdrm-common libdrm2
#7 5.076   libdvdnav4 libdvdread8t64 libedit2 libelf1t64 libepoxy0 libexpat1
#7 5.076   libfftw3-double3 libflac-dev libflac14 libflite1 libfontconfig1 libfreetype6
#7 5.076   libfribidi0 libgbm1 libgcc-14-dev libgcrypt20 libgdk-pixbuf-2.0-0
#7 5.076   libgdk-pixbuf2.0-bin libgdk-pixbuf2.0-common libgfortran5 libgl1
#7 5.076   libgl1-mesa-dri libglib2.0-0t64 libglib2.0-data libglvnd0 libglx-mesa0
#7 5.076   libglx0 libgme0 libgnutls30t64 libgomp1 libgpg-error-l10n libgpg-error0
#7 5.076   libgprofng0 libgraphite2-3 libgsm1 libgssapi-krb5-2 libgtk-3-0t64
#7 5.076   libgtk-3-bin libgtk-3-common libharfbuzz0b libhwasan0 libhwy1t64 libidn2-0
#7 5.076   libiec61883-0 libisl23 libitm1 libjack-jackd2-0 libjansson4 libjbig0
#7 5.076   libjpeg62-turbo libjson-c5 libjxl0.11 libk5crypto3 libkeyutils1 libkmod2
#7 5.076   libkrb5-3 libkrb5support0 liblapack3 liblcms2-2 liblerc4 liblilv-0-0
#7 5.076   libllvm19 liblsan0 libmbedcrypto16 libmp3lame0 libmpc3 libmpfr6
#7 5.076   libmpg123-0t64 libmpg123-dev libmysofa1 libnorm1t64 libnss-systemd libnuma1
#7 5.076   libogg-dev libogg0 libopenal-data libopenal1 libopenjp2-7 libopenmpt0t64
#7 5.076   libopus-dev libopus0 libout123-0t64 libp11-kit0 libpam-systemd
#7 5.076   libpango-1.0-0 libpangocairo-1.0-0 libpangoft2-1.0-0 libpgm-5.3-0t64
#7 5.076   libpixman-1-0 libpkgconf3 libplacebo349 libpng16-16t64 libpocketsphinx3
#7 5.076   libpostproc58 libproc2-0 libpulse0 librabbitmq4 librav1e0.7 libraw1394-11
#7 5.077   librist4 librsvg2-2 librsvg2-common librubberband2 libsamplerate0
#7 5.077   libsdl2-2.0-0 libsensors-config libsensors5 libserd-0-0 libsframe1
#7 5.077   libsharpyuv0 libshine3 libslang2 libsnappy1v5 libsndfile1 libsndfile1-dev
#7 5.077   libsodium23 libsord-0-0 libsoxr0 libspeex1 libsphinxbase3t64 libsratom-0-0
#7 5.077   libsrt1.5-gnutls libssh-4 libstdc++-14-dev libsvtav1enc2 libswresample5
#7 5.077   libswscale8 libsyn123-0t64 libsystemd-shared libtasn1-6 libthai-data
#7 5.077   libthai0 libtheoradec1 libtheoraenc1 libtiff6 libtsan2 libtwolame0 libubsan1
#7 5.077   libudfread0 libunibreak6 libunistring5 libusb-1.0-0 libva-drm2 libva-x11-2
#7 5.077   libva2 libvdpau-va-gl1 libvdpau1 libvidstab1.1 libvorbis-dev libvorbis0a
#7 5.077   libvorbisenc2 libvorbisfile3 libvpx9 libvulkan1 libwayland-client0
#7 5.077   libwayland-cursor0 libwayland-egl1 libwayland-server0 libwebp7 libwebpmux3
#7 5.077   libx11-6 libx11-data libx11-xcb1 libx264-164 libx265-215 libxau6
#7 5.077   libxcb-dri3-0 libxcb-glx0 libxcb-present0 libxcb-randr0 libxcb-render0
#7 5.077   libxcb-shape0 libxcb-shm0 libxcb-sync1 libxcb-xfixes0 libxcb1 libxcomposite1
#7 5.077   libxcursor1 libxdamage1 libxdmcp6 libxext6 libxfixes3 libxi6 libxinerama1
#7 5.077   libxkbcommon0 libxml2 libxrandr2 libxrender1 libxshmfence1 libxss1 libxtst6
#7 5.077   libxv1 libxvidcore4 libxxf86vm1 libz3-4 libzimg2 libzix-0-0 libzmq5
#7 5.077   libzvbi-common libzvbi0t64 linux-libc-dev linux-sysctl-defaults manpages
#7 5.077   manpages-dev mesa-libgallium mesa-va-drivers mesa-vdpau-drivers
#7 5.077   mesa-vulkan-drivers ocl-icd-libopencl1 pkgconf pkgconf-bin
#7 5.077   pocketsphinx-en-us procps psmisc rpcsvc-proto shared-mime-info systemd
#7 5.077   systemd-cryptsetup systemd-sysv systemd-timesyncd va-driver-all
#7 5.077   vdpau-driver-all x11-common xdg-user-dirs xkb-data
#7 5.183 0 upgraded, 322 newly installed, 0 to remove and 0 not upgraded.
#7 5.183 Need to get 247 MB of archives.
#7 5.183 After this operation, 939 MB of additional disk space will be used.
#7 5.183 Get:1 http://deb.debian.org/debian trixie/main arm64 libsystemd-shared arm64 257.9-1~deb13u1 [1920 kB]
#7 5.453 Get:2 http://deb.debian.org/debian trixie/main arm64 libapparmor1 arm64 4.1.0-1 [42.9 kB]
#7 5.482 Get:3 http://deb.debian.org/debian trixie/main arm64 systemd arm64 257.9-1~deb13u1 [2927 kB]
#7 5.561 Get:4 http://deb.debian.org/debian trixie/main arm64 systemd-sysv arm64 257.9-1~deb13u1 [64.5 kB]
#7 5.562 Get:5 http://deb.debian.org/debian trixie/main arm64 libdbus-1-3 arm64 1.16.2-2 [169 kB]
#7 5.562 Get:6 http://deb.debian.org/debian trixie/main arm64 dbus-bin arm64 1.16.2-2 [78.8 kB]
#7 5.562 Get:7 http://deb.debian.org/debian trixie/main arm64 dbus-session-bus-common all 1.16.2-2 [52.3 kB]
#7 5.562 Get:8 http://deb.debian.org/debian trixie/main arm64 libexpat1 arm64 2.7.1-2 [93.3 kB]
#7 5.563 Get:9 http://deb.debian.org/debian trixie/main arm64 dbus-daemon arm64 1.16.2-2 [152 kB]
#7 5.587 Get:10 http://deb.debian.org/debian trixie/main arm64 dbus-system-bus-common all 1.16.2-2 [53.5 kB]
#7 5.624 Get:11 http://deb.debian.org/debian trixie/main arm64 dbus arm64 1.16.2-2 [70.7 kB]
#7 5.631 Get:12 http://deb.debian.org/debian trixie/main arm64 linux-sysctl-defaults all 4.12 [5624 B]
#7 5.668 Get:13 http://deb.debian.org/debian trixie/main arm64 libproc2-0 arm64 2:4.0.4-9 [62.8 kB]
#7 5.700 Get:14 http://deb.debian.org/debian trixie/main arm64 procps arm64 2:4.0.4-9 [871 kB]
#7 5.718 Get:15 http://deb.debian.org/debian trixie/main arm64 krb5-locales all 1.21.3-5 [101 kB]
#7 5.752 Get:16 http://deb.debian.org/debian trixie/main arm64 libnss-systemd arm64 257.9-1~deb13u1 [203 kB]
#7 5.795 Get:17 http://deb.debian.org/debian trixie/main arm64 libpam-systemd arm64 257.9-1~deb13u1 [275 kB]
#7 5.835 Get:18 http://deb.debian.org/debian trixie/main arm64 manpages all 6.9.1-1 [1393 kB]
#7 5.883 Get:19 http://deb.debian.org/debian trixie/main arm64 systemd-timesyncd arm64 257.9-1~deb13u1 [91.1 kB]
#7 5.921 Get:20 http://deb.debian.org/debian trixie/main arm64 libgdk-pixbuf2.0-common all 2.42.12+dfsg-4 [311 kB]
#7 5.927 Get:21 http://deb.debian.org/debian trixie/main arm64 libatomic1 arm64 14.2.0-19 [10.1 kB]
#7 5.963 Get:22 http://deb.debian.org/debian trixie/main arm64 libglib2.0-0t64 arm64 2.84.4-3~deb13u2 [1428 kB]
#7 6.014 Get:23 http://deb.debian.org/debian trixie/main arm64 libxml2 arm64 2.12.7+dfsg+really2.9.14-2.1+deb13u2 [630 kB]
#7 6.052 Get:24 http://deb.debian.org/debian trixie/main arm64 shared-mime-info arm64 2.4-5+b2 [756 kB]
#7 6.119 Get:25 http://deb.debian.org/debian trixie/main arm64 libjpeg62-turbo arm64 1:2.1.5-4 [173 kB]
#7 6.148 Get:26 http://deb.debian.org/debian trixie/main arm64 libpng16-16t64 arm64 1.6.48-1+deb13u1 [275 kB]
#7 6.156 Get:27 http://deb.debian.org/debian trixie/main arm64 libdeflate0 arm64 1.23-2 [42.4 kB]
#7 6.157 Get:28 http://deb.debian.org/debian trixie/main arm64 libjbig0 arm64 2.1-6.1+b2 [30.4 kB]
#7 6.209 Get:29 http://deb.debian.org/debian trixie/main arm64 liblerc4 arm64 4.0.0+ds-5 [146 kB]
#7 6.210 Get:30 http://deb.debian.org/debian trixie/main arm64 libsharpyuv0 arm64 1.5.0-0.1 [114 kB]
#7 6.273 Get:31 http://deb.debian.org/debian trixie/main arm64 libwebp7 arm64 1.5.0-0.1 [271 kB]
#7 6.300 Get:32 http://deb.debian.org/debian trixie/main arm64 libtiff6 arm64 4.7.0-3+deb13u1 [325 kB]
#7 6.351 Get:33 http://deb.debian.org/debian trixie/main arm64 libgdk-pixbuf-2.0-0 arm64 2.42.12+dfsg-4 [131 kB]
#7 6.393 Get:34 http://deb.debian.org/debian trixie/main arm64 gtk-update-icon-cache arm64 4.18.6+ds-2 [52.3 kB]
#7 6.393 Get:35 http://deb.debian.org/debian trixie/main arm64 hicolor-icon-theme all 0.18-2 [11.8 kB]
#7 6.421 Get:36 http://deb.debian.org/debian trixie/main arm64 adwaita-icon-theme all 48.1-1 [504 kB]
#7 6.430 Get:37 http://deb.debian.org/debian trixie/main arm64 alsa-topology-conf all 1.2.5.1-3 [15.3 kB]
#7 6.430 Get:38 http://deb.debian.org/debian trixie/main arm64 libasound2-data all 1.2.14-1 [21.1 kB]
#7 6.466 Get:39 http://deb.debian.org/debian trixie/main arm64 libasound2t64 arm64 1.2.14-1 [342 kB]
#7 6.505 Get:40 http://deb.debian.org/debian trixie/main arm64 alsa-ucm-conf all 1.2.14-1 [92.5 kB]
#7 6.509 Get:41 http://deb.debian.org/debian trixie/main arm64 at-spi2-common all 2.56.2-1+deb13u1 [171 kB]
#7 6.511 Get:42 http://deb.debian.org/debian trixie/main arm64 libxau6 arm64 1:1.0.11-1 [20.6 kB]
#7 6.511 Get:43 http://deb.debian.org/debian trixie/main arm64 libxdmcp6 arm64 1:1.1.5-1 [27.8 kB]
#7 6.542 Get:44 http://deb.debian.org/debian trixie/main arm64 libxcb1 arm64 1.17.0-2+b1 [143 kB]
#7 6.547 Get:45 http://deb.debian.org/debian trixie/main arm64 libx11-data all 2:1.8.12-1 [343 kB]
#7 6.551 Get:46 http://deb.debian.org/debian trixie/main arm64 libx11-6 arm64 2:1.8.12-1 [795 kB]
#7 6.564 Get:47 http://deb.debian.org/debian trixie/main arm64 libxext6 arm64 2:1.3.4-1+b3 [49.2 kB]
#7 6.599 Get:48 http://deb.debian.org/debian trixie/main arm64 libxi6 arm64 2:1.8.2-1 [77.8 kB]
#7 6.604 Get:49 http://deb.debian.org/debian trixie/main arm64 libatspi2.0-0t64 arm64 2.56.2-1+deb13u1 [76.3 kB]
#7 6.651 Get:50 http://deb.debian.org/debian trixie/main arm64 x11-common all 1:7.7+24+deb13u1 [217 kB]
#7 6.680 Get:51 http://deb.debian.org/debian trixie/main arm64 libxtst6 arm64 2:1.2.5-1 [25.7 kB]
#7 6.709 Get:52 http://deb.debian.org/debian trixie/main arm64 dbus-user-session arm64 1.16.2-2 [52.1 kB]
#7 6.751 Get:53 http://deb.debian.org/debian trixie/main arm64 libdconf1 arm64 0.40.0-5 [40.4 kB]
#7 6.752 Get:54 http://deb.debian.org/debian trixie/main arm64 dconf-service arm64 0.40.0-5 [30.9 kB]
#7 6.752 Get:55 http://deb.debian.org/debian trixie/main arm64 dconf-gsettings-backend arm64 0.40.0-5 [27.3 kB]
#7 6.801 Get:56 http://deb.debian.org/debian trixie/main arm64 gsettings-desktop-schemas all 48.0-1 [700 kB]
#7 6.834 Get:57 http://deb.debian.org/debian trixie/main arm64 at-spi2-core arm64 2.56.2-1+deb13u1 [60.2 kB]
#7 6.877 Get:58 http://deb.debian.org/debian trixie/main arm64 libsframe1 arm64 2.44-3 [77.8 kB]
#7 6.911 Get:59 http://deb.debian.org/debian trixie/main arm64 binutils-common arm64 2.44-3 [2509 kB]
#7 6.991 Get:60 http://deb.debian.org/debian trixie/main arm64 libbinutils arm64 2.44-3 [660 kB]
#7 7.033 Get:61 http://deb.debian.org/debian trixie/main arm64 libgprofng0 arm64 2.44-3 [668 kB]
#7 7.081 Get:62 http://deb.debian.org/debian trixie/main arm64 libctf-nobfd0 arm64 2.44-3 [152 kB]
#7 7.085 Get:63 http://deb.debian.org/debian trixie/main arm64 libctf0 arm64 2.44-3 [84.2 kB]
#7 7.087 Get:64 http://deb.debian.org/debian trixie/main arm64 libjansson4 arm64 2.14-2+b3 [39.2 kB]
#7 7.087 Get:65 http://deb.debian.org/debian trixie/main arm64 binutils-aarch64-linux-gnu arm64 2.44-3 [820 kB]
#7 7.098 Get:66 http://deb.debian.org/debian trixie/main arm64 binutils arm64 2.44-3 [262 kB]
#7 7.106 Get:67 http://deb.debian.org/debian trixie/main arm64 libisl23 arm64 0.27-1 [601 kB]
#7 7.140 Get:68 http://deb.debian.org/debian trixie/main arm64 libmpfr6 arm64 4.2.2-1 [685 kB]
#7 7.157 Get:69 http://deb.debian.org/debian trixie/main arm64 libmpc3 arm64 1.3.1-1+b3 [50.5 kB]
#7 7.187 Get:70 http://deb.debian.org/debian trixie/main arm64 cpp-14-aarch64-linux-gnu arm64 14.2.0-19 [9169 kB]
#7 7.379 Get:71 http://deb.debian.org/debian trixie/main arm64 cpp-14 arm64 14.2.0-19 [1276 B]
#7 7.380 Get:72 http://deb.debian.org/debian trixie/main arm64 cpp-aarch64-linux-gnu arm64 4:14.2.0-1 [4832 B]
#7 7.380 Get:73 http://deb.debian.org/debian trixie/main arm64 cpp arm64 4:14.2.0-1 [1568 B]
#7 7.412 Get:74 http://deb.debian.org/debian trixie/main arm64 libdevmapper1.02.1 arm64 2:1.02.205-2 [118 kB]
#7 7.455 Get:75 http://deb.debian.org/debian trixie/main arm64 dmsetup arm64 2:1.02.205-2 [76.1 kB]
#7 7.488 Get:76 http://deb.debian.org/debian trixie/main arm64 libaom3 arm64 3.12.1-1 [1670 kB]
#7 7.511 Get:77 http://deb.debian.org/debian trixie/main arm64 libdrm-common all 2.4.124-2 [8288 B]
#7 7.513 Get:78 http://deb.debian.org/debian trixie/main arm64 libdrm2 arm64 2.4.124-2 [38.3 kB]
#7 7.513 Get:79 http://deb.debian.org/debian trixie/main arm64 libva2 arm64 2.22.0-3 [74.2 kB]
#7 7.515 Get:80 http://deb.debian.org/debian trixie/main arm64 libva-drm2 arm64 2.22.0-3 [18.5 kB]
#7 7.552 Get:81 http://deb.debian.org/debian trixie/main arm64 libx11-xcb1 arm64 2:1.8.12-1 [247 kB]
#7 7.553 Get:82 http://deb.debian.org/debian trixie/main arm64 libxcb-dri3-0 arm64 1.17.0-2+b1 [107 kB]
#7 7.553 Get:83 http://deb.debian.org/debian trixie/main arm64 libxfixes3 arm64 1:6.0.0-2+b4 [20.5 kB]
#7 7.554 Get:84 http://deb.debian.org/debian trixie/main arm64 libva-x11-2 arm64 2.22.0-3 [23.0 kB]
#7 7.555 Get:85 http://deb.debian.org/debian trixie/main arm64 libvdpau1 arm64 1.5-3+b1 [24.4 kB]
#7 7.555 Get:86 http://deb.debian.org/debian trixie/main arm64 ocl-icd-libopencl1 arm64 2.3.3-1 [42.7 kB]
#7 7.589 Get:87 http://deb.debian.org/debian trixie/main arm64 libavutil59 arm64 7:7.1.3-0+deb13u1 [384 kB]
#7 7.638 Get:88 http://deb.debian.org/debian trixie/main arm64 libbrotli1 arm64 1.1.0-2+b7 [308 kB]
#7 7.672 Get:89 http://deb.debian.org/debian trixie/main arm64 libfreetype6 arm64 2.13.3+dfsg-1 [422 kB]
#7 7.720 Get:90 http://deb.debian.org/debian trixie/main arm64 fonts-dejavu-mono all 2.37-8 [489 kB]
#7 7.763 Get:91 http://deb.debian.org/debian trixie/main arm64 fonts-dejavu-core all 2.37-8 [840 kB]
#7 7.808 Get:92 http://deb.debian.org/debian trixie/main arm64 fontconfig-config arm64 2.15.0-2.3 [318 kB]
#7 7.855 Get:93 http://deb.debian.org/debian trixie/main arm64 libfontconfig1 arm64 2.15.0-2.3 [387 kB]
#7 7.896 Get:94 http://deb.debian.org/debian trixie/main arm64 libpixman-1-0 arm64 0.44.0-3 [168 kB]
#7 7.901 Get:95 http://deb.debian.org/debian trixie/main arm64 libxcb-render0 arm64 1.17.0-2+b1 [115 kB]
#7 7.904 Get:96 http://deb.debian.org/debian trixie/main arm64 libxcb-shm0 arm64 1.17.0-2+b1 [105 kB]
#7 7.907 Get:97 http://deb.debian.org/debian trixie/main arm64 libxrender1 arm64 1:0.9.12-1 [27.0 kB]
#7 7.935 Get:98 http://deb.debian.org/debian trixie/main arm64 libcairo2 arm64 1.18.4-1+b1 [483 kB]
#7 7.977 Get:99 http://deb.debian.org/debian trixie/main arm64 libcodec2-1.2 arm64 1.2.0-3 [8163 kB]
#7 8.143 Get:100 http://deb.debian.org/debian trixie/main arm64 libdav1d7 arm64 1.5.1-1 [252 kB]
#7 8.157 Get:101 http://deb.debian.org/debian trixie/main arm64 libgsm1 arm64 1.0.22-1+b2 [27.3 kB]
#7 8.200 Get:102 http://deb.debian.org/debian trixie/main arm64 libhwy1t64 arm64 1.2.0-2+b2 [499 kB]
#7 8.231 Get:103 http://deb.debian.org/debian trixie/main arm64 liblcms2-2 arm64 2.16-2 [151 kB]
#7 8.271 Get:104 http://deb.debian.org/debian trixie/main arm64 libjxl0.11 arm64 0.11.1-4 [886 kB]
#7 8.361 Get:105 http://deb.debian.org/debian trixie/main arm64 libmp3lame0 arm64 3.100-6+b3 [355 kB]
#7 8.401 Get:106 http://deb.debian.org/debian trixie/main arm64 libopenjp2-7 arm64 2.5.3-2.1~deb13u1 [189 kB]
#7 8.450 Get:107 http://deb.debian.org/debian trixie/main arm64 libopus0 arm64 1.5.2-2 [2813 kB]
#7 8.518 Get:108 http://deb.debian.org/debian trixie/main arm64 librav1e0.7 arm64 0.7.1-9+b2 [662 kB]
#7 8.564 Get:109 http://deb.debian.org/debian trixie/main arm64 libcairo-gobject2 arm64 1.18.4-1+b1 [130 kB]
#7 8.605 Get:110 http://deb.debian.org/debian trixie/main arm64 fontconfig arm64 2.15.0-2.3 [463 kB]
#7 8.614 Get:111 http://deb.debian.org/debian trixie/main arm64 libfribidi0 arm64 1.0.16-1 [26.5 kB]
#7 8.648 Get:112 http://deb.debian.org/debian trixie/main arm64 libgraphite2-3 arm64 1.3.14-2+b1 [70.4 kB]
#7 8.688 Get:113 http://deb.debian.org/debian trixie/main arm64 libharfbuzz0b arm64 10.2.0-1+b1 [442 kB]
#7 8.723 Get:114 http://deb.debian.org/debian trixie/main arm64 libthai-data all 0.1.29-2 [168 kB]
#7 8.727 Get:115 http://deb.debian.org/debian trixie/main arm64 libdatrie1 arm64 0.2.13-3+b1 [37.6 kB]
#7 8.728 Get:116 http://deb.debian.org/debian trixie/main arm64 libthai0 arm64 0.1.29-2+b1 [48.4 kB]
#7 8.729 Get:117 http://deb.debian.org/debian trixie/main arm64 libpango-1.0-0 arm64 1.56.3-1 [213 kB]
#7 8.731 Get:118 http://deb.debian.org/debian trixie/main arm64 libpangoft2-1.0-0 arm64 1.56.3-1 [52.9 kB]
#7 8.732 Get:119 http://deb.debian.org/debian trixie/main arm64 libpangocairo-1.0-0 arm64 1.56.3-1 [33.7 kB]
#7 8.762 Get:120 http://deb.debian.org/debian trixie/main arm64 librsvg2-2 arm64 2.60.0+dfsg-1 [1588 kB]
#7 8.819 Get:121 http://deb.debian.org/debian trixie/main arm64 libshine3 arm64 3.1.1-2+b2 [24.6 kB]
#7 8.851 Get:122 http://deb.debian.org/debian trixie/main arm64 libsnappy1v5 arm64 1.2.2-1 [28.3 kB]
#7 8.889 Get:123 http://deb.debian.org/debian trixie/main arm64 libspeex1 arm64 1.2.1-3 [50.4 kB]
#7 8.920 Get:124 http://deb.debian.org/debian trixie/main arm64 libsvtav1enc2 arm64 2.3.0+dfsg-1 [1558 kB]
#7 8.947 Get:125 http://deb.debian.org/debian trixie/main arm64 libgomp1 arm64 14.2.0-19 [124 kB]
#7 8.949 Get:126 http://deb.debian.org/debian trixie/main arm64 libsoxr0 arm64 0.1.3-4+b2 [54.9 kB]
#7 8.989 Get:127 http://deb.debian.org/debian trixie/main arm64 libswresample5 arm64 7:7.1.3-0+deb13u1 [94.3 kB]
#7 9.022 Get:128 http://deb.debian.org/debian trixie/main arm64 libtheoradec1 arm64 1.2.0~alpha1+dfsg-6 [52.6 kB]
#7 9.059 Get:129 http://deb.debian.org/debian trixie/main arm64 libogg0 arm64 1.3.5-3+b2 [23.6 kB]
#7 9.092 Get:130 http://deb.debian.org/debian trixie/main arm64 libtheoraenc1 arm64 1.2.0~alpha1+dfsg-6 [99.1 kB]
#7 9.124 Get:131 http://deb.debian.org/debian trixie/main arm64 libtwolame0 arm64 0.4.0-2+b2 [49.3 kB]
#7 9.153 Get:132 http://deb.debian.org/debian trixie/main arm64 libvorbis0a arm64 1.3.7-3 [83.8 kB]
#7 9.197 Get:133 http://deb.debian.org/debian trixie/main arm64 libvorbisenc2 arm64 1.3.7-3 [75.5 kB]
#7 9.246 Get:134 http://deb.debian.org/debian trixie/main arm64 libvpx9 arm64 1.15.0-2.1 [1158 kB]
#7 9.289 Get:135 http://deb.debian.org/debian trixie/main arm64 libwebpmux3 arm64 1.5.0-0.1 [125 kB]
#7 9.326 Get:136 http://deb.debian.org/debian trixie/main arm64 libx264-164 arm64 2:0.164.3108+git31e19f9-2+b1 [454 kB]
#7 9.365 Get:137 http://deb.debian.org/debian trixie/main arm64 libnuma1 arm64 2.0.19-1 [21.6 kB]
#7 9.367 Get:138 http://deb.debian.org/debian trixie/main arm64 libx265-215 arm64 4.1-2 [1857 kB]
#7 9.425 Get:139 http://deb.debian.org/debian trixie/main arm64 libxvidcore4 arm64 2:1.3.7-1+b2 [202 kB]
#7 9.426 Get:140 http://deb.debian.org/debian trixie/main arm64 libzvbi-common all 0.2.44-1 [71.4 kB]
#7 9.437 Get:141 http://deb.debian.org/debian trixie/main arm64 libzvbi0t64 arm64 0.2.44-1 [262 kB]
#7 9.482 Get:142 http://deb.debian.org/debian trixie/main arm64 libavcodec61 arm64 7:7.1.3-0+deb13u1 [5405 kB]
#7 9.609 Get:143 http://deb.debian.org/debian trixie/main arm64 libraw1394-11 arm64 2.1.2-2+b2 [38.1 kB]
#7 9.617 Get:144 http://deb.debian.org/debian trixie/main arm64 libavc1394-0 arm64 0.5.4-5+b2 [17.9 kB]
#7 9.654 Get:145 http://deb.debian.org/debian trixie/main arm64 libunibreak6 arm64 6.1-3 [21.5 kB]
#7 9.654 Get:146 http://deb.debian.org/debian trixie/main arm64 libass9 arm64 1:0.17.3-1+b1 [101 kB]
#7 9.654 Get:147 http://deb.debian.org/debian trixie/main arm64 libudfread0 arm64 1.1.2-1+b2 [17.3 kB]
#7 9.690 Get:148 http://deb.debian.org/debian trixie/main arm64 libbluray2 arm64 1:1.3.4-1+b2 [126 kB]
#7 9.728 Get:149 http://deb.debian.org/debian trixie/main arm64 libchromaprint1 arm64 1.5.1-7 [38.9 kB]
#7 9.763 Get:150 http://deb.debian.org/debian trixie/main arm64 libdvdread8t64 arm64 6.1.3-2 [81.2 kB]
#7 9.798 Get:151 http://deb.debian.org/debian trixie/main arm64 libdvdnav4 arm64 6.1.1-3+b1 [41.0 kB]
#7 9.830 Get:152 http://deb.debian.org/debian trixie/main arm64 libgme0 arm64 0.6.3-7+b2 [120 kB]
#7 9.882 Get:153 http://deb.debian.org/debian trixie/main arm64 libunistring5 arm64 1.3-2 [453 kB]
#7 9.884 Get:154 http://deb.debian.org/debian trixie/main arm64 libidn2-0 arm64 2.3.8-2 [107 kB]
#7 9.885 Get:155 http://deb.debian.org/debian trixie/main arm64 libp11-kit0 arm64 0.25.5-3 [409 kB]
#7 9.893 Get:156 http://deb.debian.org/debian trixie/main arm64 libtasn1-6 arm64 4.20.0-2 [47.3 kB]
#7 9.921 Get:157 http://deb.debian.org/debian trixie/main arm64 libgnutls30t64 arm64 3.8.9-3+deb13u1 [1375 kB]
#7 9.972 Get:158 http://deb.debian.org/debian trixie/main arm64 libmpg123-0t64 arm64 1.32.10-1 [142 kB]
#7 10.01 Get:159 http://deb.debian.org/debian trixie/main arm64 libvorbisfile3 arm64 1.3.7-3 [20.1 kB]
#7 10.05 Get:160 http://deb.debian.org/debian trixie/main arm64 libopenmpt0t64 arm64 0.7.13-1+b1 [745 kB]
#7 10.10 Get:161 http://deb.debian.org/debian trixie/main arm64 librabbitmq4 arm64 0.15.0-1 [40.6 kB]
#7 10.14 Get:162 http://deb.debian.org/debian trixie/main arm64 libcjson1 arm64 1.7.18-3.1+deb13u1 [29.0 kB]
#7 10.17 Get:163 http://deb.debian.org/debian trixie/main arm64 libmbedcrypto16 arm64 3.6.5-0.1~deb13u1 [347 kB]
#7 10.22 Get:164 http://deb.debian.org/debian trixie/main arm64 librist4 arm64 0.2.11+dfsg-1 [69.0 kB]
#7 10.28 Get:165 http://deb.debian.org/debian trixie/main arm64 libsrt1.5-gnutls arm64 1.5.4-1 [300 kB]
#7 10.32 Get:166 http://deb.debian.org/debian trixie/main arm64 libkrb5support0 arm64 1.21.3-5 [32.4 kB]
#7 10.32 Get:167 http://deb.debian.org/debian trixie/main arm64 libcom-err2 arm64 1.47.2-3+b7 [24.9 kB]
#7 10.32 Get:168 http://deb.debian.org/debian trixie/main arm64 libk5crypto3 arm64 1.21.3-5 [81.2 kB]
#7 10.32 Get:169 http://deb.debian.org/debian trixie/main arm64 libkeyutils1 arm64 1.6.3-6 [9716 B]
#7 10.33 Get:170 http://deb.debian.org/debian trixie/main arm64 libkrb5-3 arm64 1.21.3-5 [308 kB]
#7 10.33 Get:171 http://deb.debian.org/debian trixie/main arm64 libgssapi-krb5-2 arm64 1.21.3-5 [127 kB]
#7 10.35 Get:172 http://deb.debian.org/debian trixie/main arm64 libssh-4 arm64 0.11.2-1+deb13u1 [196 kB]
#7 10.40 Get:173 http://deb.debian.org/debian trixie/main arm64 libnorm1t64 arm64 1.5.9+dfsg-3.1+b2 [205 kB]
#7 10.44 Get:174 http://deb.debian.org/debian trixie/main arm64 libpgm-5.3-0t64 arm64 5.3.128~dfsg-2.1+b1 [152 kB]
#7 10.47 Get:175 http://deb.debian.org/debian-security trixie-security/main arm64 libsodium23 arm64 1.0.18-1+deb13u1 [120 kB]
#7 10.51 Get:176 http://deb.debian.org/debian trixie/main arm64 libzmq5 arm64 4.3.5-1+b3 [253 kB]
#7 10.55 Get:177 http://deb.debian.org/debian trixie/main arm64 libavformat61 arm64 7:7.1.3-0+deb13u1 [1129 kB]
#7 10.56 Get:178 http://deb.debian.org/debian trixie/main arm64 libbs2b0 arm64 3.1.0+dfsg-8+b1 [11.4 kB]
#7 10.59 Get:179 http://deb.debian.org/debian trixie/main arm64 libflite1 arm64 2.2-7 [12.8 MB]
#7 10.83 Get:180 http://deb.debian.org/debian trixie/main arm64 libserd-0-0 arm64 0.32.4-1 [45.6 kB]
#7 10.83 Get:181 http://deb.debian.org/debian trixie/main arm64 libzix-0-0 arm64 0.6.2-1 [22.5 kB]
#7 10.83 Get:182 http://deb.debian.org/debian trixie/main arm64 libsord-0-0 arm64 0.16.18-1 [17.3 kB]
#7 10.83 Get:183 http://deb.debian.org/debian trixie/main arm64 libsratom-0-0 arm64 0.6.18-1 [16.0 kB]
#7 10.83 Get:184 http://deb.debian.org/debian trixie/main arm64 liblilv-0-0 arm64 0.24.26-1 [41.7 kB]
#7 10.86 Get:185 http://deb.debian.org/debian trixie/main arm64 libmysofa1 arm64 1.3.3+dfsg-1 [1157 kB]
#7 10.88 Get:186 http://deb.debian.org/debian trixie/main arm64 libvulkan1 arm64 1.4.309.0-1 [127 kB]
#7 10.91 Get:187 http://deb.debian.org/debian trixie/main arm64 libplacebo349 arm64 7.349.0-3 [2275 kB]
#7 10.98 Get:188 http://deb.debian.org/debian trixie/main arm64 libblas3 arm64 3.12.1-6 [104 kB]
#7 11.02 Get:189 http://deb.debian.org/debian trixie/main arm64 libgfortran5 arm64 14.2.0-19 [361 kB]
#7 11.07 Get:190 http://deb.debian.org/debian trixie/main arm64 liblapack3 arm64 3.12.1-6 [1820 kB]
#7 11.09 Get:191 http://deb.debian.org/debian trixie/main arm64 libasyncns0 arm64 0.8-6+b5 [11.7 kB]
#7 11.12 Get:192 http://deb.debian.org/debian trixie/main arm64 libflac14 arm64 1.5.0+ds-2 [180 kB]
#7 11.16 Get:193 http://deb.debian.org/debian trixie/main arm64 libsndfile1 arm64 1.2.2-2+b1 [186 kB]
#7 11.20 Get:194 http://deb.debian.org/debian trixie/main arm64 libpulse0 arm64 17.0+dfsg1-2+b1 [236 kB]
#7 11.24 Get:195 http://deb.debian.org/debian trixie/main arm64 libsphinxbase3t64 arm64 0.8+5prealpha+1-21+b1 [112 kB]
#7 11.30 Get:196 http://deb.debian.org/debian trixie/main arm64 libpocketsphinx3 arm64 0.8+5prealpha+1-15+b4 [115 kB]
#7 11.33 Get:197 http://deb.debian.org/debian trixie/main arm64 libpostproc58 arm64 7:7.1.3-0+deb13u1 [79.1 kB]
#7 11.36 Get:198 http://deb.debian.org/debian trixie/main arm64 libfftw3-double3 arm64 3.3.10-2+b1 [337 kB]
#7 11.41 Get:199 http://deb.debian.org/debian trixie/main arm64 libsamplerate0 arm64 0.2.2-4+b2 [945 kB]
#7 11.43 Get:200 http://deb.debian.org/debian trixie/main arm64 librubberband2 arm64 3.3.0+dfsg-2+b3 [123 kB]
#7 11.46 Get:201 http://deb.debian.org/debian trixie/main arm64 libswscale8 arm64 7:7.1.3-0+deb13u1 [206 kB]
#7 11.51 Get:202 http://deb.debian.org/debian trixie/main arm64 libvidstab1.1 arm64 1.1.0-2+b2 [36.8 kB]
#7 11.55 Get:203 http://deb.debian.org/debian trixie/main arm64 libzimg2 arm64 3.0.5+ds1-1+b2 [117 kB]
#7 11.60 Get:204 http://deb.debian.org/debian trixie/main arm64 libavfilter10 arm64 7:7.1.3-0+deb13u1 [3684 kB]
#7 11.67 Get:205 http://deb.debian.org/debian trixie/main arm64 libslang2 arm64 2.3.3-5+b2 [506 kB]
#7 11.72 Get:206 http://deb.debian.org/debian trixie/main arm64 libcaca0 arm64 0.99.beta20-5 [196 kB]
#7 11.75 Get:207 http://deb.debian.org/debian trixie/main arm64 libcdio19t64 arm64 2.2.0-4 [59.4 kB]
#7 11.76 Get:208 http://deb.debian.org/debian trixie/main arm64 libcdio-cdda2t64 arm64 10.2+2.0.2-1+b1 [17.2 kB]
#7 11.76 Get:209 http://deb.debian.org/debian trixie/main arm64 libcdio-paranoia2t64 arm64 10.2+2.0.2-1+b1 [16.5 kB]
#7 11.76 Get:210 http://deb.debian.org/debian trixie/main arm64 libusb-1.0-0 arm64 2:1.0.28-1 [56.1 kB]
#7 11.76 Get:211 http://deb.debian.org/debian trixie/main arm64 libdc1394-25 arm64 2.2.6-5 [106 kB]
#7 11.79 Get:212 http://deb.debian.org/debian trixie/main arm64 libglvnd0 arm64 1.7.0-1+b2 [41.6 kB]
#7 11.82 Get:213 http://deb.debian.org/debian trixie/main arm64 libxcb-glx0 arm64 1.17.0-2+b1 [123 kB]
#7 11.86 Get:214 http://deb.debian.org/debian trixie/main arm64 libxcb-present0 arm64 1.17.0-2+b1 [106 kB]
#7 11.91 Get:215 http://deb.debian.org/debian trixie/main arm64 libxcb-xfixes0 arm64 1.17.0-2+b1 [110 kB]
#7 11.92 Get:216 http://deb.debian.org/debian trixie/main arm64 libxxf86vm1 arm64 1:1.1.4-1+b4 [19.2 kB]
#7 11.94 Get:217 http://deb.debian.org/debian trixie/main arm64 libdrm-amdgpu1 arm64 2.4.124-2 [21.8 kB]
#7 11.98 Get:218 http://deb.debian.org/debian trixie/main arm64 libelf1t64 arm64 0.192-4 [189 kB]
#7 11.99 Get:219 http://deb.debian.org/debian trixie/main arm64 libedit2 arm64 3.1-20250104-1 [89.3 kB]
#7 12.02 Get:220 http://deb.debian.org/debian trixie/main arm64 libz3-4 arm64 4.13.3-1 [7507 kB]
#7 12.21 Get:221 http://deb.debian.org/debian trixie/main arm64 libllvm19 arm64 1:19.1.7-3+b1 [23.3 MB]
#7 12.56 Get:222 http://deb.debian.org/debian trixie/main arm64 libsensors-config all 1:3.6.2-2 [16.2 kB]
#7 12.56 Get:223 http://deb.debian.org/debian trixie/main arm64 libsensors5 arm64 1:3.6.2-2 [36.4 kB]
#7 12.56 Get:224 http://deb.debian.org/debian trixie/main arm64 libxcb-randr0 arm64 1.17.0-2+b1 [117 kB]
#7 12.56 Get:225 http://deb.debian.org/debian trixie/main arm64 libxcb-sync1 arm64 1.17.0-2+b1 [109 kB]
#7 12.56 Get:226 http://deb.debian.org/debian trixie/main arm64 libxshmfence1 arm64 1.3.3-1 [11.1 kB]
#7 12.60 Get:227 http://deb.debian.org/debian trixie/main arm64 mesa-libgallium arm64 25.0.7-2 [8032 kB]
#7 12.75 Get:228 http://deb.debian.org/debian trixie/main arm64 libwayland-server0 arm64 1.23.1-3 [33.7 kB]
#7 12.75 Get:229 http://deb.debian.org/debian trixie/main arm64 libgbm1 arm64 25.0.7-2 [43.9 kB]
#7 12.75 Get:230 http://deb.debian.org/debian trixie/main arm64 libgl1-mesa-dri arm64 25.0.7-2 [45.8 kB]
#7 12.75 Get:231 http://deb.debian.org/debian trixie/main arm64 libglx-mesa0 arm64 25.0.7-2 [142 kB]
#7 12.75 Get:232 http://deb.debian.org/debian trixie/main arm64 libglx0 arm64 1.7.0-1+b2 [31.1 kB]
#7 12.75 Get:233 http://deb.debian.org/debian trixie/main arm64 libgl1 arm64 1.7.0-1+b2 [90.9 kB]
#7 12.76 Get:234 http://deb.debian.org/debian trixie/main arm64 libiec61883-0 arm64 1.2.0-7 [29.1 kB]
#7 12.76 Get:235 http://deb.debian.org/debian trixie/main arm64 libjack-jackd2-0 arm64 1.9.22~dfsg-4 [265 kB]
#7 12.77 Get:236 http://deb.debian.org/debian trixie/main arm64 libopenal-data all 1:1.24.2-1 [168 kB]
#7 12.80 Get:237 http://deb.debian.org/debian trixie/main arm64 libopenal1 arm64 1:1.24.2-1 [577 kB]
#7 12.84 Get:238 http://deb.debian.org/debian trixie/main arm64 libwayland-client0 arm64 1.23.1-3 [26.1 kB]
#7 12.84 Get:239 http://deb.debian.org/debian trixie/main arm64 libdecor-0-0 arm64 0.2.2-2 [15.2 kB]
#7 12.84 Get:240 http://deb.debian.org/debian trixie/main arm64 libwayland-cursor0 arm64 1.23.1-3 [11.7 kB]
#7 12.84 Get:241 http://deb.debian.org/debian trixie/main arm64 libwayland-egl1 arm64 1.23.1-3 [5952 B]
#7 12.87 Get:242 http://deb.debian.org/debian trixie/main arm64 libxcursor1 arm64 1:1.2.3-1 [39.3 kB]
#7 12.91 Get:243 http://deb.debian.org/debian trixie/main arm64 xkb-data all 2.42-1 [790 kB]
#7 12.96 Get:244 http://deb.debian.org/debian trixie/main arm64 libxkbcommon0 arm64 1.7.0-2 [106 kB]
#7 12.96 Get:245 http://deb.debian.org/debian trixie/main arm64 libxrandr2 arm64 2:1.5.4-1+b3 [35.9 kB]
#7 12.96 Get:246 http://deb.debian.org/debian trixie/main arm64 libxss1 arm64 1:1.2.3-1+b3 [17.1 kB]
#7 12.99 Get:247 http://deb.debian.org/debian trixie/main arm64 libsdl2-2.0-0 arm64 2.32.4+dfsg-1 [603 kB]
#7 13.04 Get:248 http://deb.debian.org/debian trixie/main arm64 libxcb-shape0 arm64 1.17.0-2+b1 [106 kB]
#7 13.07 Get:249 http://deb.debian.org/debian trixie/main arm64 libxv1 arm64 2:1.0.11-1.1+b3 [23.3 kB]
#7 13.10 Get:250 http://deb.debian.org/debian trixie/main arm64 libavdevice61 arm64 7:7.1.3-0+deb13u1 [115 kB]
#7 13.14 Get:251 http://deb.debian.org/debian trixie/main arm64 ffmpeg arm64 7:7.1.3-0+deb13u1 [1982 kB]
#7 13.24 Get:252 http://deb.debian.org/debian trixie/main arm64 libcc1-0 arm64 14.2.0-19 [42.2 kB]
#7 13.24 Get:253 http://deb.debian.org/debian trixie/main arm64 libitm1 arm64 14.2.0-19 [24.2 kB]
#7 13.27 Get:254 http://deb.debian.org/debian trixie/main arm64 libasan8 arm64 14.2.0-19 [2578 kB]
#7 13.35 Get:255 http://deb.debian.org/debian trixie/main arm64 liblsan0 arm64 14.2.0-19 [1161 kB]
#7 13.40 Get:256 http://deb.debian.org/debian trixie/main arm64 libtsan2 arm64 14.2.0-19 [2383 kB]
#7 13.48 Get:257 http://deb.debian.org/debian trixie/main arm64 libubsan1 arm64 14.2.0-19 [1039 kB]
#7 13.52 Get:258 http://deb.debian.org/debian trixie/main arm64 libhwasan0 arm64 14.2.0-19 [1442 kB]
#7 13.58 Get:259 http://deb.debian.org/debian trixie/main arm64 libgcc-14-dev arm64 14.2.0-19 [2359 kB]
#7 13.64 Get:260 http://deb.debian.org/debian trixie/main arm64 gcc-14-aarch64-linux-gnu arm64 14.2.0-19 [17.7 MB]
#7 13.95 Get:261 http://deb.debian.org/debian trixie/main arm64 gcc-14 arm64 14.2.0-19 [529 kB]
#7 13.97 Get:262 http://deb.debian.org/debian trixie/main arm64 gcc-aarch64-linux-gnu arm64 4:14.2.0-1 [1440 B]
#7 13.97 Get:263 http://deb.debian.org/debian trixie/main arm64 gcc arm64 4:14.2.0-1 [5136 B]
#7 13.97 Get:264 http://deb.debian.org/debian trixie/main arm64 libc-dev-bin arm64 2.41-12+deb13u1 [57.6 kB]
#7 14.00 Get:265 http://deb.debian.org/debian trixie/main arm64 linux-libc-dev all 6.12.63-1 [2720 kB]
#7 14.05 Get:266 http://deb.debian.org/debian trixie/main arm64 libcrypt-dev arm64 1:4.4.38-1 [123 kB]
#7 14.05 Get:267 http://deb.debian.org/debian trixie/main arm64 rpcsvc-proto arm64 1.4.3-1+b1 [60.5 kB]
#7 14.08 Get:268 http://deb.debian.org/debian trixie/main arm64 libc6-dev arm64 2.41-12+deb13u1 [1623 kB]
#7 14.14 Get:269 http://deb.debian.org/debian trixie/main arm64 libstdc++-14-dev arm64 14.2.0-19 [2295 kB]
#7 14.21 Get:270 http://deb.debian.org/debian trixie/main arm64 g++-14-aarch64-linux-gnu arm64 14.2.0-19 [10.1 MB]
#7 14.37 Get:271 http://deb.debian.org/debian trixie/main arm64 g++-14 arm64 14.2.0-19 [22.5 kB]
#7 14.37 Get:272 http://deb.debian.org/debian trixie/main arm64 g++-aarch64-linux-gnu arm64 4:14.2.0-1 [1200 B]
#7 14.37 Get:273 http://deb.debian.org/debian trixie/main arm64 g++ arm64 4:14.2.0-1 [1332 B]
#7 14.41 Get:274 http://deb.debian.org/debian trixie/main arm64 libgpg-error0 arm64 1.51-4 [78.5 kB]
#7 14.46 Get:275 http://deb.debian.org/debian trixie/main arm64 libgcrypt20 arm64 1.11.0-7 [742 kB]
#7 14.53 Get:276 http://deb.debian.org/debian trixie/main arm64 libaacs0 arm64 0.11.1-4+b1 [52.6 kB]
#7 14.56 Get:277 http://deb.debian.org/debian trixie/main arm64 libatk1.0-0t64 arm64 2.56.2-1+deb13u1 [50.2 kB]
#7 14.60 Get:278 http://deb.debian.org/debian trixie/main arm64 libatk-bridge2.0-0t64 arm64 2.56.2-1+deb13u1 [65.0 kB]
#7 14.64 Get:279 http://deb.debian.org/debian trixie/main arm64 libavahi-common-data arm64 0.8-16 [112 kB]
#7 14.64 Get:280 http://deb.debian.org/debian trixie/main arm64 libavahi-common3 arm64 0.8-16 [43.3 kB]
#7 14.64 Get:281 http://deb.debian.org/debian trixie/main arm64 libavahi-client3 arm64 0.8-16 [46.7 kB]
#7 14.68 Get:282 http://deb.debian.org/debian trixie/main arm64 libbdplus0 arm64 0.2.0-4+b1 [49.7 kB]
#7 14.71 Get:283 http://deb.debian.org/debian trixie/main arm64 libcloudproviders0 arm64 0.3.6-2 [27.4 kB]
#7 14.75 Get:284 http://deb.debian.org/debian trixie/main arm64 libcolord2 arm64 1.4.7-3 [130 kB]
#7 14.79 Get:285 http://deb.debian.org/debian trixie/main arm64 libjson-c5 arm64 0.18+ds-1 [45.2 kB]
#7 14.83 Get:286 http://deb.debian.org/debian trixie/main arm64 libcryptsetup12 arm64 2:2.7.5-2 [232 kB]
#7 14.88 Get:287 http://deb.debian.org/debian trixie/main arm64 libcups2t64 arm64 2.4.10-3+deb13u2 [236 kB]
#7 14.92 Get:288 http://deb.debian.org/debian trixie/main arm64 libepoxy0 arm64 1.5.10-2 [200 kB]
#7 14.92 Get:289 http://deb.debian.org/debian trixie/main arm64 libxcomposite1 arm64 1:0.4.6-1 [16.4 kB]
#7 14.92 Get:290 http://deb.debian.org/debian trixie/main arm64 libxdamage1 arm64 1:1.1.6-1+b2 [15.6 kB]
#7 14.92 Get:291 http://deb.debian.org/debian trixie/main arm64 libxinerama1 arm64 2:1.1.4-3+b4 [16.0 kB]
#7 14.95 Get:292 http://deb.debian.org/debian trixie/main arm64 libgtk-3-common all 3.24.49-3 [4908 kB]
#7 15.06 Get:293 http://deb.debian.org/debian trixie/main arm64 libgtk-3-0t64 arm64 3.24.49-3 [2565 kB]
#7 15.13 Get:294 http://deb.debian.org/debian trixie/main arm64 libdecor-0-plugin-1-gtk arm64 0.2.2-2 [20.9 kB]
#7 15.16 Get:295 http://deb.debian.org/debian trixie/main arm64 libogg-dev arm64 1.3.5-3+b2 [200 kB]
#7 15.20 Get:296 http://deb.debian.org/debian trixie/main arm64 libflac-dev arm64 1.5.0+ds-2 [236 kB]
#7 15.20 Get:297 http://deb.debian.org/debian trixie/main arm64 libgdk-pixbuf2.0-bin arm64 2.42.12+dfsg-4 [19.0 kB]
#7 15.24 Get:298 http://deb.debian.org/debian trixie/main arm64 libglib2.0-data all 2.84.4-3~deb13u2 [1286 kB]
#7 15.28 Get:299 http://deb.debian.org/debian trixie/main arm64 libgpg-error-l10n all 1.51-4 [114 kB]
#7 15.28 Get:300 http://deb.debian.org/debian trixie/main arm64 libgtk-3-bin arm64 3.24.49-3 [84.7 kB]
#7 15.30 Get:301 http://deb.debian.org/debian trixie/main arm64 libkmod2 arm64 34.2-2 [59.7 kB]
#7 15.34 Get:302 http://deb.debian.org/debian trixie/main arm64 libout123-0t64 arm64 1.32.10-1 [29.2 kB]
#7 15.38 Get:303 http://deb.debian.org/debian trixie/main arm64 libsyn123-0t64 arm64 1.32.10-1 [85.5 kB]
#7 15.42 Get:304 http://deb.debian.org/debian trixie/main arm64 libmpg123-dev arm64 1.32.10-1 [61.8 kB]
#7 15.45 Get:305 http://deb.debian.org/debian trixie/main arm64 libopus-dev arm64 1.5.2-2 [2876 kB]
#7 15.53 Get:306 http://deb.debian.org/debian trixie/main arm64 libpkgconf3 arm64 1.8.1-4 [35.3 kB]
#7 15.56 Get:307 http://deb.debian.org/debian trixie/main arm64 librsvg2-common arm64 2.60.0+dfsg-1 [139 kB]
#7 15.61 Get:308 http://deb.debian.org/debian trixie/main arm64 libvorbis-dev arm64 1.3.7-3 [320 kB]
#7 15.65 Get:309 http://deb.debian.org/debian trixie/main arm64 libsndfile1-dev arm64 1.2.2-2+b1 [324 kB]
#7 15.69 Get:310 http://deb.debian.org/debian trixie/main arm64 libvdpau-va-gl1 arm64 0.4.2-2 [65.1 kB]
#7 15.69 Get:311 http://deb.debian.org/debian trixie/main arm64 manpages-dev all 6.9.1-1 [2122 kB]
#7 15.74 Get:312 http://deb.debian.org/debian trixie/main arm64 mesa-va-drivers arm64 25.0.7-2 [19.9 kB]
#7 15.81 Get:313 http://deb.debian.org/debian trixie/main arm64 mesa-vdpau-drivers arm64 25.0.7-2 [20.1 kB]
#7 15.84 Get:314 http://deb.debian.org/debian trixie/main arm64 mesa-vulkan-drivers arm64 25.0.7-2 [11.4 MB]
#7 16.06 Get:315 http://deb.debian.org/debian trixie/main arm64 pkgconf-bin arm64 1.8.1-4 [29.6 kB]
#7 16.10 Get:316 http://deb.debian.org/debian trixie/main arm64 pkgconf arm64 1.8.1-4 [26.1 kB]
#7 16.13 Get:317 http://deb.debian.org/debian trixie/main arm64 pocketsphinx-en-us all 0.8+5prealpha+1-15 [24.3 MB]
#7 16.58 Get:318 http://deb.debian.org/debian trixie/main arm64 psmisc arm64 23.7-2 [265 kB]
#7 16.64 Get:319 http://deb.debian.org/debian trixie/main arm64 systemd-cryptsetup arm64 257.9-1~deb13u1 [164 kB]
#7 16.64 Get:320 http://deb.debian.org/debian trixie/main arm64 va-driver-all arm64 2.22.0-3 [14.9 kB]
#7 16.65 Get:321 http://deb.debian.org/debian trixie/main arm64 vdpau-driver-all arm64 1.5-3+b1 [4676 B]
#7 16.65 Get:322 http://deb.debian.org/debian trixie/main arm64 xdg-user-dirs arm64 0.18-2 [53.2 kB]
#7 16.93 debconf: unable to initialize frontend: Dialog
#7 16.93 debconf: (TERM is not set, so the dialog frontend is not usable.)
#7 16.93 debconf: falling back to frontend: Readline
#7 16.93 debconf: unable to initialize frontend: Readline
#7 16.93 debconf: (Can't locate Term/ReadLine.pm in @INC (you may need to install the Term::ReadLine module) (@INC entries checked: /etc/perl /usr/local/lib/aarch64-linux-gnu/perl/5.40.1 /usr/local/share/perl/5.40.1 /usr/lib/aarch64-linux-gnu/perl5/5.40 /usr/share/perl5 /usr/lib/aarch64-linux-gnu/perl-base /usr/lib/aarch64-linux-gnu/perl/5.40 /usr/share/perl/5.40 /usr/local/lib/site_perl) at /usr/share/perl5/Debconf/FrontEnd/Readline.pm line 8, <STDIN> line 322.)
#7 16.93 debconf: falling back to frontend: Teletype
#7 16.93 debconf: unable to initialize frontend: Teletype
#7 16.93 debconf: (This frontend requires a controlling tty.)
#7 16.93 debconf: falling back to frontend: Noninteractive
#7 22.45 Preconfiguring packages ...
#7 22.52 Fetched 247 MB in 12s (21.4 MB/s)
#7 22.54 Selecting previously unselected package libsystemd-shared:arm64.
#7 22.54 (Reading database ... (Reading database ... 5%(Reading database ... 10%(Reading database ... 15%(Reading database ... 20%(Reading database ... 25%(Reading database ... 30%(Reading database ... 35%(Reading database ... 40%(Reading database ... 45%(Reading database ... 50%(Reading database ... 55%(Reading database ... 60%(Reading database ... 65%(Reading database ... 70%(Reading database ... 75%(Reading database ... 80%(Reading database ... 85%(Reading database ... 90%(Reading database ... 95%(Reading database ... 100%(Reading database ... 5643 files and directories currently installed.)
#7 22.55 Preparing to unpack .../libsystemd-shared_257.9-1~deb13u1_arm64.deb ...
#7 22.55 Unpacking libsystemd-shared:arm64 (257.9-1~deb13u1) ...
#7 22.67 Selecting previously unselected package libapparmor1:arm64.
#7 22.67 Preparing to unpack .../libapparmor1_4.1.0-1_arm64.deb ...
#7 22.67 Unpacking libapparmor1:arm64 (4.1.0-1) ...
#7 22.69 Setting up libsystemd-shared:arm64 (257.9-1~deb13u1) ...
#7 22.70 Selecting previously unselected package systemd.
#7 22.70 (Reading database ... (Reading database ... 5%(Reading database ... 10%(Reading database ... 15%(Reading database ... 20%(Reading database ... 25%(Reading database ... 30%(Reading database ... 35%(Reading database ... 40%(Reading database ... 45%(Reading database ... 50%(Reading database ... 55%(Reading database ... 60%(Reading database ... 65%(Reading database ... 70%(Reading database ... 75%(Reading database ... 80%(Reading database ... 85%(Reading database ... 90%(Reading database ... 95%(Reading database ... 100%(Reading database ... 5656 files and directories currently installed.)
#7 22.70 Preparing to unpack .../systemd_257.9-1~deb13u1_arm64.deb ...
#7 22.71 Unpacking systemd (257.9-1~deb13u1) ...
#7 22.87 Setting up libapparmor1:arm64 (4.1.0-1) ...
#7 22.87 Setting up systemd (257.9-1~deb13u1) ...
#7 22.89 Created symlink '/etc/systemd/system/getty.target.wants/getty@tty1.service' → '/usr/lib/systemd/system/getty@.service'.
#7 22.89 Created symlink '/etc/systemd/system/multi-user.target.wants/remote-fs.target' → '/usr/lib/systemd/system/remote-fs.target'.
#7 22.89 Created symlink '/etc/systemd/system/sysinit.target.wants/systemd-pstore.service' → '/usr/lib/systemd/system/systemd-pstore.service'.
#7 22.90 Initializing machine ID from random generator.
#7 22.91 Creating group 'systemd-journal' with GID 999.
#7 22.91 Creating group 'systemd-network' with GID 998.
#7 22.91 Creating user 'systemd-network' (systemd Network Management) with UID 998 and GID 998.
#7 22.92 /usr/lib/tmpfiles.d/legacy.conf:14: Duplicate line for path "/run/lock", ignoring.
#7 22.94 Selecting previously unselected package systemd-sysv.
#7 22.94 (Reading database ... (Reading database ... 5%(Reading database ... 10%(Reading database ... 15%(Reading database ... 20%(Reading database ... 25%(Reading database ... 30%(Reading database ... 35%(Reading database ... 40%(Reading database ... 45%(Reading database ... 50%(Reading database ... 55%(Reading database ... 60%(Reading database ... 65%(Reading database ... 70%(Reading database ... 75%(Reading database ... 80%(Reading database ... 85%(Reading database ... 90%(Reading database ... 95%(Reading database ... 100%(Reading database ... 6593 files and directories currently installed.)
#7 22.94 Preparing to unpack .../000-systemd-sysv_257.9-1~deb13u1_arm64.deb ...
#7 22.94 Unpacking systemd-sysv (257.9-1~deb13u1) ...
#7 22.96 Selecting previously unselected package libdbus-1-3:arm64.
#7 22.96 Preparing to unpack .../001-libdbus-1-3_1.16.2-2_arm64.deb ...
#7 22.96 Unpacking libdbus-1-3:arm64 (1.16.2-2) ...
#7 22.98 Selecting previously unselected package dbus-bin.
#7 22.98 Preparing to unpack .../002-dbus-bin_1.16.2-2_arm64.deb ...
#7 22.98 Unpacking dbus-bin (1.16.2-2) ...
#7 23.00 Selecting previously unselected package dbus-session-bus-common.
#7 23.00 Preparing to unpack .../003-dbus-session-bus-common_1.16.2-2_all.deb ...
#7 23.00 Unpacking dbus-session-bus-common (1.16.2-2) ...
#7 23.01 Selecting previously unselected package libexpat1:arm64.
#7 23.01 Preparing to unpack .../004-libexpat1_2.7.1-2_arm64.deb ...
#7 23.01 Unpacking libexpat1:arm64 (2.7.1-2) ...
#7 23.03 Selecting previously unselected package dbus-daemon.
#7 23.03 Preparing to unpack .../005-dbus-daemon_1.16.2-2_arm64.deb ...
#7 23.03 Unpacking dbus-daemon (1.16.2-2) ...
#7 23.05 Selecting previously unselected package dbus-system-bus-common.
#7 23.05 Preparing to unpack .../006-dbus-system-bus-common_1.16.2-2_all.deb ...
#7 23.05 Unpacking dbus-system-bus-common (1.16.2-2) ...
#7 23.07 Selecting previously unselected package dbus.
#7 23.07 Preparing to unpack .../007-dbus_1.16.2-2_arm64.deb ...
#7 23.07 Unpacking dbus (1.16.2-2) ...
#7 23.09 Selecting previously unselected package linux-sysctl-defaults.
#7 23.09 Preparing to unpack .../008-linux-sysctl-defaults_4.12_all.deb ...
#7 23.09 Unpacking linux-sysctl-defaults (4.12) ...
#7 23.10 Selecting previously unselected package libproc2-0:arm64.
#7 23.10 Preparing to unpack .../009-libproc2-0_2%3a4.0.4-9_arm64.deb ...
#7 23.10 Unpacking libproc2-0:arm64 (2:4.0.4-9) ...
#7 23.12 Selecting previously unselected package procps.
#7 23.12 Preparing to unpack .../010-procps_2%3a4.0.4-9_arm64.deb ...
#7 23.12 Unpacking procps (2:4.0.4-9) ...
#7 23.18 Selecting previously unselected package krb5-locales.
#7 23.18 Preparing to unpack .../011-krb5-locales_1.21.3-5_all.deb ...
#7 23.18 Unpacking krb5-locales (1.21.3-5) ...
#7 23.20 Selecting previously unselected package libnss-systemd:arm64.
#7 23.20 Preparing to unpack .../012-libnss-systemd_257.9-1~deb13u1_arm64.deb ...
#7 23.21 Unpacking libnss-systemd:arm64 (257.9-1~deb13u1) ...
#7 23.23 Selecting previously unselected package libpam-systemd:arm64.
#7 23.23 Preparing to unpack .../013-libpam-systemd_257.9-1~deb13u1_arm64.deb ...
#7 23.23 Unpacking libpam-systemd:arm64 (257.9-1~deb13u1) ...
#7 23.25 Selecting previously unselected package manpages.
#7 23.26 Preparing to unpack .../014-manpages_6.9.1-1_all.deb ...
#7 23.26 Unpacking manpages (6.9.1-1) ...
#7 23.32 Selecting previously unselected package systemd-timesyncd.
#7 23.32 Preparing to unpack .../015-systemd-timesyncd_257.9-1~deb13u1_arm64.deb ...
#7 23.32 Unpacking systemd-timesyncd (257.9-1~deb13u1) ...
#7 23.33 Selecting previously unselected package libgdk-pixbuf2.0-common.
#7 23.34 Preparing to unpack .../016-libgdk-pixbuf2.0-common_2.42.12+dfsg-4_all.deb ...
#7 23.34 Unpacking libgdk-pixbuf2.0-common (2.42.12+dfsg-4) ...
#7 23.37 Selecting previously unselected package libatomic1:arm64.
#7 23.37 Preparing to unpack .../017-libatomic1_14.2.0-19_arm64.deb ...
#7 23.37 Unpacking libatomic1:arm64 (14.2.0-19) ...
#7 23.38 Selecting previously unselected package libglib2.0-0t64:arm64.
#7 23.39 Preparing to unpack .../018-libglib2.0-0t64_2.84.4-3~deb13u2_arm64.deb ...
#7 23.39 Unpacking libglib2.0-0t64:arm64 (2.84.4-3~deb13u2) ...
#7 23.47 Selecting previously unselected package libxml2:arm64.
#7 23.47 Preparing to unpack .../019-libxml2_2.12.7+dfsg+really2.9.14-2.1+deb13u2_arm64.deb ...
#7 23.47 Unpacking libxml2:arm64 (2.12.7+dfsg+really2.9.14-2.1+deb13u2) ...
#7 23.51 Selecting previously unselected package shared-mime-info.
#7 23.51 Preparing to unpack .../020-shared-mime-info_2.4-5+b2_arm64.deb ...
#7 23.51 Unpacking shared-mime-info (2.4-5+b2) ...
#7 23.57 Selecting previously unselected package libjpeg62-turbo:arm64.
#7 23.57 Preparing to unpack .../021-libjpeg62-turbo_1%3a2.1.5-4_arm64.deb ...
#7 23.57 Unpacking libjpeg62-turbo:arm64 (1:2.1.5-4) ...
#7 23.59 Selecting previously unselected package libpng16-16t64:arm64.
#7 23.59 Preparing to unpack .../022-libpng16-16t64_1.6.48-1+deb13u1_arm64.deb ...
#7 23.59 Unpacking libpng16-16t64:arm64 (1.6.48-1+deb13u1) ...
#7 23.61 Selecting previously unselected package libdeflate0:arm64.
#7 23.61 Preparing to unpack .../023-libdeflate0_1.23-2_arm64.deb ...
#7 23.61 Unpacking libdeflate0:arm64 (1.23-2) ...
#7 23.63 Selecting previously unselected package libjbig0:arm64.
#7 23.63 Preparing to unpack .../024-libjbig0_2.1-6.1+b2_arm64.deb ...
#7 23.63 Unpacking libjbig0:arm64 (2.1-6.1+b2) ...
#7 23.64 Selecting previously unselected package liblerc4:arm64.
#7 23.64 Preparing to unpack .../025-liblerc4_4.0.0+ds-5_arm64.deb ...
#7 23.64 Unpacking liblerc4:arm64 (4.0.0+ds-5) ...
#7 23.66 Selecting previously unselected package libsharpyuv0:arm64.
#7 23.66 Preparing to unpack .../026-libsharpyuv0_1.5.0-0.1_arm64.deb ...
#7 23.66 Unpacking libsharpyuv0:arm64 (1.5.0-0.1) ...
#7 23.68 Selecting previously unselected package libwebp7:arm64.
#7 23.68 Preparing to unpack .../027-libwebp7_1.5.0-0.1_arm64.deb ...
#7 23.68 Unpacking libwebp7:arm64 (1.5.0-0.1) ...
#7 23.70 Selecting previously unselected package libtiff6:arm64.
#7 23.70 Preparing to unpack .../028-libtiff6_4.7.0-3+deb13u1_arm64.deb ...
#7 23.70 Unpacking libtiff6:arm64 (4.7.0-3+deb13u1) ...
#7 23.72 Selecting previously unselected package libgdk-pixbuf-2.0-0:arm64.
#7 23.72 Preparing to unpack .../029-libgdk-pixbuf-2.0-0_2.42.12+dfsg-4_arm64.deb ...
#7 23.73 Unpacking libgdk-pixbuf-2.0-0:arm64 (2.42.12+dfsg-4) ...
#7 23.75 Selecting previously unselected package gtk-update-icon-cache.
#7 23.75 Preparing to unpack .../030-gtk-update-icon-cache_4.18.6+ds-2_arm64.deb ...
#7 23.75 No diversion 'diversion of /usr/sbin/update-icon-caches to /usr/sbin/update-icon-caches.gtk2 by libgtk-3-bin', none removed.
#7 23.75 No diversion 'diversion of /usr/share/man/man8/update-icon-caches.8.gz to /usr/share/man/man8/update-icon-caches.gtk2.8.gz by libgtk-3-bin', none removed.
#7 23.75 Unpacking gtk-update-icon-cache (4.18.6+ds-2) ...
#7 23.77 Selecting previously unselected package hicolor-icon-theme.
#7 23.77 Preparing to unpack .../031-hicolor-icon-theme_0.18-2_all.deb ...
#7 23.77 Unpacking hicolor-icon-theme (0.18-2) ...
#7 23.81 Selecting previously unselected package adwaita-icon-theme.
#7 23.81 Preparing to unpack .../032-adwaita-icon-theme_48.1-1_all.deb ...
#7 23.82 Unpacking adwaita-icon-theme (48.1-1) ...
#7 23.89 Selecting previously unselected package alsa-topology-conf.
#7 23.89 Preparing to unpack .../033-alsa-topology-conf_1.2.5.1-3_all.deb ...
#7 23.90 Unpacking alsa-topology-conf (1.2.5.1-3) ...
#7 23.91 Selecting previously unselected package libasound2-data.
#7 23.91 Preparing to unpack .../034-libasound2-data_1.2.14-1_all.deb ...
#7 23.91 Unpacking libasound2-data (1.2.14-1) ...
#7 23.92 Selecting previously unselected package libasound2t64:arm64.
#7 23.92 Preparing to unpack .../035-libasound2t64_1.2.14-1_arm64.deb ...
#7 23.92 Unpacking libasound2t64:arm64 (1.2.14-1) ...
#7 23.95 Selecting previously unselected package alsa-ucm-conf.
#7 23.95 Preparing to unpack .../036-alsa-ucm-conf_1.2.14-1_all.deb ...
#7 23.95 Unpacking alsa-ucm-conf (1.2.14-1) ...
#7 24.00 Selecting previously unselected package at-spi2-common.
#7 24.00 Preparing to unpack .../037-at-spi2-common_2.56.2-1+deb13u1_all.deb ...
#7 24.00 Unpacking at-spi2-common (2.56.2-1+deb13u1) ...
#7 24.02 Selecting previously unselected package libxau6:arm64.
#7 24.02 Preparing to unpack .../038-libxau6_1%3a1.0.11-1_arm64.deb ...
#7 24.02 Unpacking libxau6:arm64 (1:1.0.11-1) ...
#7 24.04 Selecting previously unselected package libxdmcp6:arm64.
#7 24.04 Preparing to unpack .../039-libxdmcp6_1%3a1.1.5-1_arm64.deb ...
#7 24.04 Unpacking libxdmcp6:arm64 (1:1.1.5-1) ...
#7 24.05 Selecting previously unselected package libxcb1:arm64.
#7 24.05 Preparing to unpack .../040-libxcb1_1.17.0-2+b1_arm64.deb ...
#7 24.05 Unpacking libxcb1:arm64 (1.17.0-2+b1) ...
#7 24.06 Selecting previously unselected package libx11-data.
#7 24.06 Preparing to unpack .../041-libx11-data_2%3a1.8.12-1_all.deb ...
#7 24.07 Unpacking libx11-data (2:1.8.12-1) ...
#7 24.09 Selecting previously unselected package libx11-6:arm64.
#7 24.09 Preparing to unpack .../042-libx11-6_2%3a1.8.12-1_arm64.deb ...
#7 24.09 Unpacking libx11-6:arm64 (2:1.8.12-1) ...
#7 24.14 Selecting previously unselected package libxext6:arm64.
#7 24.14 Preparing to unpack .../043-libxext6_2%3a1.3.4-1+b3_arm64.deb ...
#7 24.14 Unpacking libxext6:arm64 (2:1.3.4-1+b3) ...
#7 24.16 Selecting previously unselected package libxi6:arm64.
#7 24.16 Preparing to unpack .../044-libxi6_2%3a1.8.2-1_arm64.deb ...
#7 24.16 Unpacking libxi6:arm64 (2:1.8.2-1) ...
#7 24.17 Selecting previously unselected package libatspi2.0-0t64:arm64.
#7 24.17 Preparing to unpack .../045-libatspi2.0-0t64_2.56.2-1+deb13u1_arm64.deb ...
#7 24.18 Unpacking libatspi2.0-0t64:arm64 (2.56.2-1+deb13u1) ...
#7 24.20 Selecting previously unselected package x11-common.
#7 24.20 Preparing to unpack .../046-x11-common_1%3a7.7+24+deb13u1_all.deb ...
#7 24.20 Unpacking x11-common (1:7.7+24+deb13u1) ...
#7 24.22 Selecting previously unselected package libxtst6:arm64.
#7 24.22 Preparing to unpack .../047-libxtst6_2%3a1.2.5-1_arm64.deb ...
#7 24.22 Unpacking libxtst6:arm64 (2:1.2.5-1) ...
#7 24.23 Selecting previously unselected package dbus-user-session.
#7 24.23 Preparing to unpack .../048-dbus-user-session_1.16.2-2_arm64.deb ...
#7 24.23 Unpacking dbus-user-session (1.16.2-2) ...
#7 24.25 Selecting previously unselected package libdconf1:arm64.
#7 24.25 Preparing to unpack .../049-libdconf1_0.40.0-5_arm64.deb ...
#7 24.25 Unpacking libdconf1:arm64 (0.40.0-5) ...
#7 24.26 Selecting previously unselected package dconf-service.
#7 24.26 Preparing to unpack .../050-dconf-service_0.40.0-5_arm64.deb ...
#7 24.27 Unpacking dconf-service (0.40.0-5) ...
#7 24.28 Selecting previously unselected package dconf-gsettings-backend:arm64.
#7 24.28 Preparing to unpack .../051-dconf-gsettings-backend_0.40.0-5_arm64.deb ...
#7 24.28 Unpacking dconf-gsettings-backend:arm64 (0.40.0-5) ...
#7 24.29 Selecting previously unselected package gsettings-desktop-schemas.
#7 24.30 Preparing to unpack .../052-gsettings-desktop-schemas_48.0-1_all.deb ...
#7 24.30 Unpacking gsettings-desktop-schemas (48.0-1) ...
#7 24.35 Selecting previously unselected package at-spi2-core.
#7 24.35 Preparing to unpack .../053-at-spi2-core_2.56.2-1+deb13u1_arm64.deb ...
#7 24.36 Unpacking at-spi2-core (2.56.2-1+deb13u1) ...
#7 24.37 Selecting previously unselected package libsframe1:arm64.
#7 24.37 Preparing to unpack .../054-libsframe1_2.44-3_arm64.deb ...
#7 24.37 Unpacking libsframe1:arm64 (2.44-3) ...
#7 24.39 Selecting previously unselected package binutils-common:arm64.
#7 24.39 Preparing to unpack .../055-binutils-common_2.44-3_arm64.deb ...
#7 24.39 Unpacking binutils-common:arm64 (2.44-3) ...
#7 24.53 Selecting previously unselected package libbinutils:arm64.
#7 24.54 Preparing to unpack .../056-libbinutils_2.44-3_arm64.deb ...
#7 24.54 Unpacking libbinutils:arm64 (2.44-3) ...
#7 24.58 Selecting previously unselected package libgprofng0:arm64.
#7 24.59 Preparing to unpack .../057-libgprofng0_2.44-3_arm64.deb ...
#7 24.59 Unpacking libgprofng0:arm64 (2.44-3) ...
#7 24.63 Selecting previously unselected package libctf-nobfd0:arm64.
#7 24.63 Preparing to unpack .../058-libctf-nobfd0_2.44-3_arm64.deb ...
#7 24.63 Unpacking libctf-nobfd0:arm64 (2.44-3) ...
#7 24.65 Selecting previously unselected package libctf0:arm64.
#7 24.65 Preparing to unpack .../059-libctf0_2.44-3_arm64.deb ...
#7 24.65 Unpacking libctf0:arm64 (2.44-3) ...
#7 24.67 Selecting previously unselected package libjansson4:arm64.
#7 24.67 Preparing to unpack .../060-libjansson4_2.14-2+b3_arm64.deb ...
#7 24.67 Unpacking libjansson4:arm64 (2.14-2+b3) ...
#7 24.68 Selecting previously unselected package binutils-aarch64-linux-gnu.
#7 24.68 Preparing to unpack .../061-binutils-aarch64-linux-gnu_2.44-3_arm64.deb ...
#7 24.68 Unpacking binutils-aarch64-linux-gnu (2.44-3) ...
#7 24.77 Selecting previously unselected package binutils.
#7 24.78 Preparing to unpack .../062-binutils_2.44-3_arm64.deb ...
#7 24.78 Unpacking binutils (2.44-3) ...
#7 24.80 Selecting previously unselected package libisl23:arm64.
#7 24.80 Preparing to unpack .../063-libisl23_0.27-1_arm64.deb ...
#7 24.81 Unpacking libisl23:arm64 (0.27-1) ...
#7 24.85 Selecting previously unselected package libmpfr6:arm64.
#7 24.85 Preparing to unpack .../064-libmpfr6_4.2.2-1_arm64.deb ...
#7 24.85 Unpacking libmpfr6:arm64 (4.2.2-1) ...
#7 24.88 Selecting previously unselected package libmpc3:arm64.
#7 24.88 Preparing to unpack .../065-libmpc3_1.3.1-1+b3_arm64.deb ...
#7 24.88 Unpacking libmpc3:arm64 (1.3.1-1+b3) ...
#7 24.89 Selecting previously unselected package cpp-14-aarch64-linux-gnu.
#7 24.89 Preparing to unpack .../066-cpp-14-aarch64-linux-gnu_14.2.0-19_arm64.deb ...
#7 24.89 Unpacking cpp-14-aarch64-linux-gnu (14.2.0-19) ...
#7 25.31 Selecting previously unselected package cpp-14.
#7 25.31 Preparing to unpack .../067-cpp-14_14.2.0-19_arm64.deb ...
#7 25.31 Unpacking cpp-14 (14.2.0-19) ...
#7 25.32 Selecting previously unselected package cpp-aarch64-linux-gnu.
#7 25.32 Preparing to unpack .../068-cpp-aarch64-linux-gnu_4%3a14.2.0-1_arm64.deb ...
#7 25.33 Unpacking cpp-aarch64-linux-gnu (4:14.2.0-1) ...
#7 25.34 Selecting previously unselected package cpp.
#7 25.34 Preparing to unpack .../069-cpp_4%3a14.2.0-1_arm64.deb ...
#7 25.34 Unpacking cpp (4:14.2.0-1) ...
#7 25.35 Selecting previously unselected package libdevmapper1.02.1:arm64.
#7 25.35 Preparing to unpack .../070-libdevmapper1.02.1_2%3a1.02.205-2_arm64.deb ...
#7 25.36 Unpacking libdevmapper1.02.1:arm64 (2:1.02.205-2) ...
#7 25.37 Selecting previously unselected package dmsetup.
#7 25.37 Preparing to unpack .../071-dmsetup_2%3a1.02.205-2_arm64.deb ...
#7 25.37 Unpacking dmsetup (2:1.02.205-2) ...
#7 25.39 Selecting previously unselected package libaom3:arm64.
#7 25.39 Preparing to unpack .../072-libaom3_3.12.1-1_arm64.deb ...
#7 25.39 Unpacking libaom3:arm64 (3.12.1-1) ...
#7 25.48 Selecting previously unselected package libdrm-common.
#7 25.48 Preparing to unpack .../073-libdrm-common_2.4.124-2_all.deb ...
#7 25.48 Unpacking libdrm-common (2.4.124-2) ...
#7 25.49 Selecting previously unselected package libdrm2:arm64.
#7 25.49 Preparing to unpack .../074-libdrm2_2.4.124-2_arm64.deb ...
#7 25.50 Unpacking libdrm2:arm64 (2.4.124-2) ...
#7 25.51 Selecting previously unselected package libva2:arm64.
#7 25.51 Preparing to unpack .../075-libva2_2.22.0-3_arm64.deb ...
#7 25.51 Unpacking libva2:arm64 (2.22.0-3) ...
#7 25.52 Selecting previously unselected package libva-drm2:arm64.
#7 25.53 Preparing to unpack .../076-libva-drm2_2.22.0-3_arm64.deb ...
#7 25.53 Unpacking libva-drm2:arm64 (2.22.0-3) ...
#7 25.54 Selecting previously unselected package libx11-xcb1:arm64.
#7 25.54 Preparing to unpack .../077-libx11-xcb1_2%3a1.8.12-1_arm64.deb ...
#7 25.54 Unpacking libx11-xcb1:arm64 (2:1.8.12-1) ...
#7 25.56 Selecting previously unselected package libxcb-dri3-0:arm64.
#7 25.56 Preparing to unpack .../078-libxcb-dri3-0_1.17.0-2+b1_arm64.deb ...
#7 25.56 Unpacking libxcb-dri3-0:arm64 (1.17.0-2+b1) ...
#7 25.57 Selecting previously unselected package libxfixes3:arm64.
#7 25.58 Preparing to unpack .../079-libxfixes3_1%3a6.0.0-2+b4_arm64.deb ...
#7 25.58 Unpacking libxfixes3:arm64 (1:6.0.0-2+b4) ...
#7 25.59 Selecting previously unselected package libva-x11-2:arm64.
#7 25.59 Preparing to unpack .../080-libva-x11-2_2.22.0-3_arm64.deb ...
#7 25.59 Unpacking libva-x11-2:arm64 (2.22.0-3) ...
#7 25.60 Selecting previously unselected package libvdpau1:arm64.
#7 25.60 Preparing to unpack .../081-libvdpau1_1.5-3+b1_arm64.deb ...
#7 25.60 Unpacking libvdpau1:arm64 (1.5-3+b1) ...
#7 25.62 Selecting previously unselected package ocl-icd-libopencl1:arm64.
#7 25.62 Preparing to unpack .../082-ocl-icd-libopencl1_2.3.3-1_arm64.deb ...
#7 25.62 Unpacking ocl-icd-libopencl1:arm64 (2.3.3-1) ...
#7 25.63 Selecting previously unselected package libavutil59:arm64.
#7 25.63 Preparing to unpack .../083-libavutil59_7%3a7.1.3-0+deb13u1_arm64.deb ...
#7 25.64 Unpacking libavutil59:arm64 (7:7.1.3-0+deb13u1) ...
#7 25.67 Selecting previously unselected package libbrotli1:arm64.
#7 25.67 Preparing to unpack .../084-libbrotli1_1.1.0-2+b7_arm64.deb ...
#7 25.67 Unpacking libbrotli1:arm64 (1.1.0-2+b7) ...
#7 25.70 Selecting previously unselected package libfreetype6:arm64.
#7 25.70 Preparing to unpack .../085-libfreetype6_2.13.3+dfsg-1_arm64.deb ...
#7 25.70 Unpacking libfreetype6:arm64 (2.13.3+dfsg-1) ...
#7 25.73 Selecting previously unselected package fonts-dejavu-mono.
#7 25.73 Preparing to unpack .../086-fonts-dejavu-mono_2.37-8_all.deb ...
#7 25.73 Unpacking fonts-dejavu-mono (2.37-8) ...
#7 25.77 Selecting previously unselected package fonts-dejavu-core.
#7 25.77 Preparing to unpack .../087-fonts-dejavu-core_2.37-8_all.deb ...
#7 25.78 Unpacking fonts-dejavu-core (2.37-8) ...
#7 25.84 Selecting previously unselected package fontconfig-config.
#7 25.84 Preparing to unpack .../088-fontconfig-config_2.15.0-2.3_arm64.deb ...
#7 25.84 Unpacking fontconfig-config (2.15.0-2.3) ...
#7 25.86 Selecting previously unselected package libfontconfig1:arm64.
#7 25.87 Preparing to unpack .../089-libfontconfig1_2.15.0-2.3_arm64.deb ...
#7 25.87 Unpacking libfontconfig1:arm64 (2.15.0-2.3) ...
#7 25.89 Selecting previously unselected package libpixman-1-0:arm64.
#7 25.89 Preparing to unpack .../090-libpixman-1-0_0.44.0-3_arm64.deb ...
#7 25.89 Unpacking libpixman-1-0:arm64 (0.44.0-3) ...
#7 25.91 Selecting previously unselected package libxcb-render0:arm64.
#7 25.91 Preparing to unpack .../091-libxcb-render0_1.17.0-2+b1_arm64.deb ...
#7 25.91 Unpacking libxcb-render0:arm64 (1.17.0-2+b1) ...
#7 25.93 Selecting previously unselected package libxcb-shm0:arm64.
#7 25.93 Preparing to unpack .../092-libxcb-shm0_1.17.0-2+b1_arm64.deb ...
#7 25.93 Unpacking libxcb-shm0:arm64 (1.17.0-2+b1) ...
#7 25.95 Selecting previously unselected package libxrender1:arm64.
#7 25.95 Preparing to unpack .../093-libxrender1_1%3a0.9.12-1_arm64.deb ...
#7 25.95 Unpacking libxrender1:arm64 (1:0.9.12-1) ...
#7 25.96 Selecting previously unselected package libcairo2:arm64.
#7 25.96 Preparing to unpack .../094-libcairo2_1.18.4-1+b1_arm64.deb ...
#7 25.97 Unpacking libcairo2:arm64 (1.18.4-1+b1) ...
#7 26.00 Selecting previously unselected package libcodec2-1.2:arm64.
#7 26.00 Preparing to unpack .../095-libcodec2-1.2_1.2.0-3_arm64.deb ...
#7 26.00 Unpacking libcodec2-1.2:arm64 (1.2.0-3) ...
#7 26.42 Selecting previously unselected package libdav1d7:arm64.
#7 26.42 Preparing to unpack .../096-libdav1d7_1.5.1-1_arm64.deb ...
#7 26.45 Unpacking libdav1d7:arm64 (1.5.1-1) ...
#7 26.51 Selecting previously unselected package libgsm1:arm64.
#7 26.51 Preparing to unpack .../097-libgsm1_1.0.22-1+b2_arm64.deb ...
#7 26.52 Unpacking libgsm1:arm64 (1.0.22-1+b2) ...
#7 26.53 Selecting previously unselected package libhwy1t64:arm64.
#7 26.53 Preparing to unpack .../098-libhwy1t64_1.2.0-2+b2_arm64.deb ...
#7 26.53 Unpacking libhwy1t64:arm64 (1.2.0-2+b2) ...
#7 26.58 Selecting previously unselected package liblcms2-2:arm64.
#7 26.58 Preparing to unpack .../099-liblcms2-2_2.16-2_arm64.deb ...
#7 26.58 Unpacking liblcms2-2:arm64 (2.16-2) ...
#7 26.60 Selecting previously unselected package libjxl0.11:arm64.
#7 26.60 Preparing to unpack .../100-libjxl0.11_0.11.1-4_arm64.deb ...
#7 26.60 Unpacking libjxl0.11:arm64 (0.11.1-4) ...
#7 26.66 Selecting previously unselected package libmp3lame0:arm64.
#7 26.66 Preparing to unpack .../101-libmp3lame0_3.100-6+b3_arm64.deb ...
#7 26.66 Unpacking libmp3lame0:arm64 (3.100-6+b3) ...
#7 26.68 Selecting previously unselected package libopenjp2-7:arm64.
#7 26.68 Preparing to unpack .../102-libopenjp2-7_2.5.3-2.1~deb13u1_arm64.deb ...
#7 26.69 Unpacking libopenjp2-7:arm64 (2.5.3-2.1~deb13u1) ...
#7 26.71 Selecting previously unselected package libopus0:arm64.
#7 26.71 Preparing to unpack .../103-libopus0_1.5.2-2_arm64.deb ...
#7 26.71 Unpacking libopus0:arm64 (1.5.2-2) ...
#7 26.86 Selecting previously unselected package librav1e0.7:arm64.
#7 26.86 Preparing to unpack .../104-librav1e0.7_0.7.1-9+b2_arm64.deb ...
#7 26.86 Unpacking librav1e0.7:arm64 (0.7.1-9+b2) ...
#7 26.90 Selecting previously unselected package libcairo-gobject2:arm64.
#7 26.90 Preparing to unpack .../105-libcairo-gobject2_1.18.4-1+b1_arm64.deb ...
#7 26.91 Unpacking libcairo-gobject2:arm64 (1.18.4-1+b1) ...
#7 26.92 Selecting previously unselected package fontconfig.
#7 26.92 Preparing to unpack .../106-fontconfig_2.15.0-2.3_arm64.deb ...
#7 26.93 Unpacking fontconfig (2.15.0-2.3) ...
#7 26.95 Selecting previously unselected package libfribidi0:arm64.
#7 26.95 Preparing to unpack .../107-libfribidi0_1.0.16-1_arm64.deb ...
#7 26.95 Unpacking libfribidi0:arm64 (1.0.16-1) ...
#7 26.96 Selecting previously unselected package libgraphite2-3:arm64.
#7 26.96 Preparing to unpack .../108-libgraphite2-3_1.3.14-2+b1_arm64.deb ...
#7 26.96 Unpacking libgraphite2-3:arm64 (1.3.14-2+b1) ...
#7 26.98 Selecting previously unselected package libharfbuzz0b:arm64.
#7 26.98 Preparing to unpack .../109-libharfbuzz0b_10.2.0-1+b1_arm64.deb ...
#7 26.98 Unpacking libharfbuzz0b:arm64 (10.2.0-1+b1) ...
#7 27.02 Selecting previously unselected package libthai-data.
#7 27.02 Preparing to unpack .../110-libthai-data_0.1.29-2_all.deb ...
#7 27.02 Unpacking libthai-data (0.1.29-2) ...
#7 27.04 Selecting previously unselected package libdatrie1:arm64.
#7 27.04 Preparing to unpack .../111-libdatrie1_0.2.13-3+b1_arm64.deb ...
#7 27.04 Unpacking libdatrie1:arm64 (0.2.13-3+b1) ...
#7 27.05 Selecting previously unselected package libthai0:arm64.
#7 27.05 Preparing to unpack .../112-libthai0_0.1.29-2+b1_arm64.deb ...
#7 27.06 Unpacking libthai0:arm64 (0.1.29-2+b1) ...
#7 27.07 Selecting previously unselected package libpango-1.0-0:arm64.
#7 27.07 Preparing to unpack .../113-libpango-1.0-0_1.56.3-1_arm64.deb ...
#7 27.07 Unpacking libpango-1.0-0:arm64 (1.56.3-1) ...
#7 27.09 Selecting previously unselected package libpangoft2-1.0-0:arm64.
#7 27.10 Preparing to unpack .../114-libpangoft2-1.0-0_1.56.3-1_arm64.deb ...
#7 27.10 Unpacking libpangoft2-1.0-0:arm64 (1.56.3-1) ...
#7 27.11 Selecting previously unselected package libpangocairo-1.0-0:arm64.
#7 27.11 Preparing to unpack .../115-libpangocairo-1.0-0_1.56.3-1_arm64.deb ...
#7 27.11 Unpacking libpangocairo-1.0-0:arm64 (1.56.3-1) ...
#7 27.13 Selecting previously unselected package librsvg2-2:arm64.
#7 27.14 Preparing to unpack .../116-librsvg2-2_2.60.0+dfsg-1_arm64.deb ...
#7 27.15 Unpacking librsvg2-2:arm64 (2.60.0+dfsg-1) ...
#7 27.25 Selecting previously unselected package libshine3:arm64.
#7 27.25 Preparing to unpack .../117-libshine3_3.1.1-2+b2_arm64.deb ...
#7 27.25 Unpacking libshine3:arm64 (3.1.1-2+b2) ...
#7 27.26 Selecting previously unselected package libsnappy1v5:arm64.
#7 27.26 Preparing to unpack .../118-libsnappy1v5_1.2.2-1_arm64.deb ...
#7 27.26 Unpacking libsnappy1v5:arm64 (1.2.2-1) ...
#7 27.28 Selecting previously unselected package libspeex1:arm64.
#7 27.28 Preparing to unpack .../119-libspeex1_1.2.1-3_arm64.deb ...
#7 27.28 Unpacking libspeex1:arm64 (1.2.1-3) ...
#7 27.30 Selecting previously unselected package libsvtav1enc2:arm64.
#7 27.30 Preparing to unpack .../120-libsvtav1enc2_2.3.0+dfsg-1_arm64.deb ...
#7 27.30 Unpacking libsvtav1enc2:arm64 (2.3.0+dfsg-1) ...
#7 27.40 Selecting previously unselected package libgomp1:arm64.
#7 27.40 Preparing to unpack .../121-libgomp1_14.2.0-19_arm64.deb ...
#7 27.40 Unpacking libgomp1:arm64 (14.2.0-19) ...
#7 27.42 Selecting previously unselected package libsoxr0:arm64.
#7 27.42 Preparing to unpack .../122-libsoxr0_0.1.3-4+b2_arm64.deb ...
#7 27.42 Unpacking libsoxr0:arm64 (0.1.3-4+b2) ...
#7 27.44 Selecting previously unselected package libswresample5:arm64.
#7 27.44 Preparing to unpack .../123-libswresample5_7%3a7.1.3-0+deb13u1_arm64.deb ...
#7 27.44 Unpacking libswresample5:arm64 (7:7.1.3-0+deb13u1) ...
#7 27.46 Selecting previously unselected package libtheoradec1:arm64.
#7 27.46 Preparing to unpack .../124-libtheoradec1_1.2.0~alpha1+dfsg-6_arm64.deb ...
#7 27.46 Unpacking libtheoradec1:arm64 (1.2.0~alpha1+dfsg-6) ...
#7 27.47 Selecting previously unselected package libogg0:arm64.
#7 27.47 Preparing to unpack .../125-libogg0_1.3.5-3+b2_arm64.deb ...
#7 27.47 Unpacking libogg0:arm64 (1.3.5-3+b2) ...
#7 27.49 Selecting previously unselected package libtheoraenc1:arm64.
#7 27.49 Preparing to unpack .../126-libtheoraenc1_1.2.0~alpha1+dfsg-6_arm64.deb ...
#7 27.49 Unpacking libtheoraenc1:arm64 (1.2.0~alpha1+dfsg-6) ...
#7 27.50 Selecting previously unselected package libtwolame0:arm64.
#7 27.50 Preparing to unpack .../127-libtwolame0_0.4.0-2+b2_arm64.deb ...
#7 27.50 Unpacking libtwolame0:arm64 (0.4.0-2+b2) ...
#7 27.52 Selecting previously unselected package libvorbis0a:arm64.
#7 27.52 Preparing to unpack .../128-libvorbis0a_1.3.7-3_arm64.deb ...
#7 27.52 Unpacking libvorbis0a:arm64 (1.3.7-3) ...
#7 27.53 Selecting previously unselected package libvorbisenc2:arm64.
#7 27.54 Preparing to unpack .../129-libvorbisenc2_1.3.7-3_arm64.deb ...
#7 27.54 Unpacking libvorbisenc2:arm64 (1.3.7-3) ...
#7 27.55 Selecting previously unselected package libvpx9:arm64.
#7 27.55 Preparing to unpack .../130-libvpx9_1.15.0-2.1_arm64.deb ...
#7 27.55 Unpacking libvpx9:arm64 (1.15.0-2.1) ...
#7 27.62 Selecting previously unselected package libwebpmux3:arm64.
#7 27.62 Preparing to unpack .../131-libwebpmux3_1.5.0-0.1_arm64.deb ...
#7 27.63 Unpacking libwebpmux3:arm64 (1.5.0-0.1) ...
#7 27.64 Selecting previously unselected package libx264-164:arm64.
#7 27.64 Preparing to unpack .../132-libx264-164_2%3a0.164.3108+git31e19f9-2+b1_arm64.deb ...
#7 27.64 Unpacking libx264-164:arm64 (2:0.164.3108+git31e19f9-2+b1) ...
#7 27.68 Selecting previously unselected package libnuma1:arm64.
#7 27.68 Preparing to unpack .../133-libnuma1_2.0.19-1_arm64.deb ...
#7 27.68 Unpacking libnuma1:arm64 (2.0.19-1) ...
#7 27.69 Selecting previously unselected package libx265-215:arm64.
#7 27.70 Preparing to unpack .../134-libx265-215_4.1-2_arm64.deb ...
#7 27.70 Unpacking libx265-215:arm64 (4.1-2) ...
#7 27.81 Selecting previously unselected package libxvidcore4:arm64.
#7 27.81 Preparing to unpack .../135-libxvidcore4_2%3a1.3.7-1+b2_arm64.deb ...
#7 27.81 Unpacking libxvidcore4:arm64 (2:1.3.7-1+b2) ...
#7 27.83 Selecting previously unselected package libzvbi-common.
#7 27.83 Preparing to unpack .../136-libzvbi-common_0.2.44-1_all.deb ...
#7 27.83 Unpacking libzvbi-common (0.2.44-1) ...
#7 27.85 Selecting previously unselected package libzvbi0t64:arm64.
#7 27.85 Preparing to unpack .../137-libzvbi0t64_0.2.44-1_arm64.deb ...
#7 27.85 Unpacking libzvbi0t64:arm64 (0.2.44-1) ...
#7 27.88 Selecting previously unselected package libavcodec61:arm64.
#7 27.88 Preparing to unpack .../138-libavcodec61_7%3a7.1.3-0+deb13u1_arm64.deb ...
#7 27.88 Unpacking libavcodec61:arm64 (7:7.1.3-0+deb13u1) ...
#7 28.17 Selecting previously unselected package libraw1394-11:arm64.
#7 28.17 Preparing to unpack .../139-libraw1394-11_2.1.2-2+b2_arm64.deb ...
#7 28.17 Unpacking libraw1394-11:arm64 (2.1.2-2+b2) ...
#7 28.19 Selecting previously unselected package libavc1394-0:arm64.
#7 28.19 Preparing to unpack .../140-libavc1394-0_0.5.4-5+b2_arm64.deb ...
#7 28.19 Unpacking libavc1394-0:arm64 (0.5.4-5+b2) ...
#7 28.21 Selecting previously unselected package libunibreak6:arm64.
#7 28.21 Preparing to unpack .../141-libunibreak6_6.1-3_arm64.deb ...
#7 28.21 Unpacking libunibreak6:arm64 (6.1-3) ...
#7 28.23 Selecting previously unselected package libass9:arm64.
#7 28.23 Preparing to unpack .../142-libass9_1%3a0.17.3-1+b1_arm64.deb ...
#7 28.23 Unpacking libass9:arm64 (1:0.17.3-1+b1) ...
#7 28.25 Selecting previously unselected package libudfread0:arm64.
#7 28.25 Preparing to unpack .../143-libudfread0_1.1.2-1+b2_arm64.deb ...
#7 28.25 Unpacking libudfread0:arm64 (1.1.2-1+b2) ...
#7 28.26 Selecting previously unselected package libbluray2:arm64.
#7 28.26 Preparing to unpack .../144-libbluray2_1%3a1.3.4-1+b2_arm64.deb ...
#7 28.27 Unpacking libbluray2:arm64 (1:1.3.4-1+b2) ...
#7 28.28 Selecting previously unselected package libchromaprint1:arm64.
#7 28.28 Preparing to unpack .../145-libchromaprint1_1.5.1-7_arm64.deb ...
#7 28.29 Unpacking libchromaprint1:arm64 (1.5.1-7) ...
#7 28.30 Selecting previously unselected package libdvdread8t64:arm64.
#7 28.30 Preparing to unpack .../146-libdvdread8t64_6.1.3-2_arm64.deb ...
#7 28.30 Unpacking libdvdread8t64:arm64 (6.1.3-2) ...
#7 28.32 Selecting previously unselected package libdvdnav4:arm64.
#7 28.32 Preparing to unpack .../147-libdvdnav4_6.1.1-3+b1_arm64.deb ...
#7 28.32 Unpacking libdvdnav4:arm64 (6.1.1-3+b1) ...
#7 28.33 Selecting previously unselected package libgme0:arm64.
#7 28.34 Preparing to unpack .../148-libgme0_0.6.3-7+b2_arm64.deb ...
#7 28.34 Unpacking libgme0:arm64 (0.6.3-7+b2) ...
#7 28.35 Selecting previously unselected package libunistring5:arm64.
#7 28.36 Preparing to unpack .../149-libunistring5_1.3-2_arm64.deb ...
#7 28.36 Unpacking libunistring5:arm64 (1.3-2) ...
#7 28.40 Selecting previously unselected package libidn2-0:arm64.
#7 28.40 Preparing to unpack .../150-libidn2-0_2.3.8-2_arm64.deb ...
#7 28.40 Unpacking libidn2-0:arm64 (2.3.8-2) ...
#7 28.44 Selecting previously unselected package libp11-kit0:arm64.
#7 28.44 Preparing to unpack .../151-libp11-kit0_0.25.5-3_arm64.deb ...
#7 28.45 Unpacking libp11-kit0:arm64 (0.25.5-3) ...
#7 28.50 Selecting previously unselected package libtasn1-6:arm64.
#7 28.50 Preparing to unpack .../152-libtasn1-6_4.20.0-2_arm64.deb ...
#7 28.51 Unpacking libtasn1-6:arm64 (4.20.0-2) ...
#7 28.52 Selecting previously unselected package libgnutls30t64:arm64.
#7 28.52 Preparing to unpack .../153-libgnutls30t64_3.8.9-3+deb13u1_arm64.deb ...
#7 28.52 Unpacking libgnutls30t64:arm64 (3.8.9-3+deb13u1) ...
#7 28.61 Selecting previously unselected package libmpg123-0t64:arm64.
#7 28.61 Preparing to unpack .../154-libmpg123-0t64_1.32.10-1_arm64.deb ...
#7 28.61 Unpacking libmpg123-0t64:arm64 (1.32.10-1) ...
#7 28.63 Selecting previously unselected package libvorbisfile3:arm64.
#7 28.64 Preparing to unpack .../155-libvorbisfile3_1.3.7-3_arm64.deb ...
#7 28.64 Unpacking libvorbisfile3:arm64 (1.3.7-3) ...
#7 28.65 Selecting previously unselected package libopenmpt0t64:arm64.
#7 28.66 Preparing to unpack .../156-libopenmpt0t64_0.7.13-1+b1_arm64.deb ...
#7 28.66 Unpacking libopenmpt0t64:arm64 (0.7.13-1+b1) ...
#7 28.71 Selecting previously unselected package librabbitmq4:arm64.
#7 28.71 Preparing to unpack .../157-librabbitmq4_0.15.0-1_arm64.deb ...
#7 28.71 Unpacking librabbitmq4:arm64 (0.15.0-1) ...
#7 28.73 Selecting previously unselected package libcjson1:arm64.
#7 28.73 Preparing to unpack .../158-libcjson1_1.7.18-3.1+deb13u1_arm64.deb ...
#7 28.73 Unpacking libcjson1:arm64 (1.7.18-3.1+deb13u1) ...
#7 28.75 Selecting previously unselected package libmbedcrypto16:arm64.
#7 28.75 Preparing to unpack .../159-libmbedcrypto16_3.6.5-0.1~deb13u1_arm64.deb ...
#7 28.75 Unpacking libmbedcrypto16:arm64 (3.6.5-0.1~deb13u1) ...
#7 28.78 Selecting previously unselected package librist4:arm64.
#7 28.78 Preparing to unpack .../160-librist4_0.2.11+dfsg-1_arm64.deb ...
#7 28.78 Unpacking librist4:arm64 (0.2.11+dfsg-1) ...
#7 28.80 Selecting previously unselected package libsrt1.5-gnutls:arm64.
#7 28.80 Preparing to unpack .../161-libsrt1.5-gnutls_1.5.4-1_arm64.deb ...
#7 28.80 Unpacking libsrt1.5-gnutls:arm64 (1.5.4-1) ...
#7 28.83 Selecting previously unselected package libkrb5support0:arm64.
#7 28.83 Preparing to unpack .../162-libkrb5support0_1.21.3-5_arm64.deb ...
#7 28.83 Unpacking libkrb5support0:arm64 (1.21.3-5) ...
#7 28.84 Selecting previously unselected package libcom-err2:arm64.
#7 28.85 Preparing to unpack .../163-libcom-err2_1.47.2-3+b7_arm64.deb ...
#7 28.85 Unpacking libcom-err2:arm64 (1.47.2-3+b7) ...
#7 28.87 Selecting previously unselected package libk5crypto3:arm64.
#7 28.87 Preparing to unpack .../164-libk5crypto3_1.21.3-5_arm64.deb ...
#7 28.87 Unpacking libk5crypto3:arm64 (1.21.3-5) ...
#7 28.90 Selecting previously unselected package libkeyutils1:arm64.
#7 28.91 Preparing to unpack .../165-libkeyutils1_1.6.3-6_arm64.deb ...
#7 28.92 Unpacking libkeyutils1:arm64 (1.6.3-6) ...
#7 28.93 Selecting previously unselected package libkrb5-3:arm64.
#7 28.93 Preparing to unpack .../166-libkrb5-3_1.21.3-5_arm64.deb ...
#7 28.94 Unpacking libkrb5-3:arm64 (1.21.3-5) ...
#7 28.98 Selecting previously unselected package libgssapi-krb5-2:arm64.
#7 28.98 Preparing to unpack .../167-libgssapi-krb5-2_1.21.3-5_arm64.deb ...
#7 28.98 Unpacking libgssapi-krb5-2:arm64 (1.21.3-5) ...
#7 29.00 Selecting previously unselected package libssh-4:arm64.
#7 29.00 Preparing to unpack .../168-libssh-4_0.11.2-1+deb13u1_arm64.deb ...
#7 29.01 Unpacking libssh-4:arm64 (0.11.2-1+deb13u1) ...
#7 29.03 Selecting previously unselected package libnorm1t64:arm64.
#7 29.03 Preparing to unpack .../169-libnorm1t64_1.5.9+dfsg-3.1+b2_arm64.deb ...
#7 29.03 Unpacking libnorm1t64:arm64 (1.5.9+dfsg-3.1+b2) ...
#7 29.06 Selecting previously unselected package libpgm-5.3-0t64:arm64.
#7 29.06 Preparing to unpack .../170-libpgm-5.3-0t64_5.3.128~dfsg-2.1+b1_arm64.deb ...
#7 29.06 Unpacking libpgm-5.3-0t64:arm64 (5.3.128~dfsg-2.1+b1) ...
#7 29.08 Selecting previously unselected package libsodium23:arm64.
#7 29.08 Preparing to unpack .../171-libsodium23_1.0.18-1+deb13u1_arm64.deb ...
#7 29.08 Unpacking libsodium23:arm64 (1.0.18-1+deb13u1) ...
#7 29.10 Selecting previously unselected package libzmq5:arm64.
#7 29.10 Preparing to unpack .../172-libzmq5_4.3.5-1+b3_arm64.deb ...
#7 29.10 Unpacking libzmq5:arm64 (4.3.5-1+b3) ...
#7 29.13 Selecting previously unselected package libavformat61:arm64.
#7 29.13 Preparing to unpack .../173-libavformat61_7%3a7.1.3-0+deb13u1_arm64.deb ...
#7 29.13 Unpacking libavformat61:arm64 (7:7.1.3-0+deb13u1) ...
#7 29.20 Selecting previously unselected package libbs2b0:arm64.
#7 29.20 Preparing to unpack .../174-libbs2b0_3.1.0+dfsg-8+b1_arm64.deb ...
#7 29.20 Unpacking libbs2b0:arm64 (3.1.0+dfsg-8+b1) ...
#7 29.22 Selecting previously unselected package libflite1:arm64.
#7 29.22 Preparing to unpack .../175-libflite1_2.2-7_arm64.deb ...
#7 29.22 Unpacking libflite1:arm64 (2.2-7) ...
#7 29.85 Selecting previously unselected package libserd-0-0:arm64.
#7 29.86 Preparing to unpack .../176-libserd-0-0_0.32.4-1_arm64.deb ...
#7 29.86 Unpacking libserd-0-0:arm64 (0.32.4-1) ...
#7 29.87 Selecting previously unselected package libzix-0-0:arm64.
#7 29.87 Preparing to unpack .../177-libzix-0-0_0.6.2-1_arm64.deb ...
#7 29.87 Unpacking libzix-0-0:arm64 (0.6.2-1) ...
#7 29.88 Selecting previously unselected package libsord-0-0:arm64.
#7 29.88 Preparing to unpack .../178-libsord-0-0_0.16.18-1_arm64.deb ...
#7 29.89 Unpacking libsord-0-0:arm64 (0.16.18-1) ...
#7 29.90 Selecting previously unselected package libsratom-0-0:arm64.
#7 29.90 Preparing to unpack .../179-libsratom-0-0_0.6.18-1_arm64.deb ...
#7 29.90 Unpacking libsratom-0-0:arm64 (0.6.18-1) ...
#7 29.92 Selecting previously unselected package liblilv-0-0:arm64.
#7 29.92 Preparing to unpack .../180-liblilv-0-0_0.24.26-1_arm64.deb ...
#7 29.92 Unpacking liblilv-0-0:arm64 (0.24.26-1) ...
#7 29.93 Selecting previously unselected package libmysofa1:arm64.
#7 29.93 Preparing to unpack .../181-libmysofa1_1.3.3+dfsg-1_arm64.deb ...
#7 29.93 Unpacking libmysofa1:arm64 (1.3.3+dfsg-1) ...
#7 29.97 Selecting previously unselected package libvulkan1:arm64.
#7 29.97 Preparing to unpack .../182-libvulkan1_1.4.309.0-1_arm64.deb ...
#7 29.98 Unpacking libvulkan1:arm64 (1.4.309.0-1) ...
#7 29.99 Selecting previously unselected package libplacebo349:arm64.
#7 30.00 Preparing to unpack .../183-libplacebo349_7.349.0-3_arm64.deb ...
#7 30.00 Unpacking libplacebo349:arm64 (7.349.0-3) ...
#7 30.14 Selecting previously unselected package libblas3:arm64.
#7 30.14 Preparing to unpack .../184-libblas3_3.12.1-6_arm64.deb ...
#7 30.14 Unpacking libblas3:arm64 (3.12.1-6) ...
#7 30.16 Selecting previously unselected package libgfortran5:arm64.
#7 30.16 Preparing to unpack .../185-libgfortran5_14.2.0-19_arm64.deb ...
#7 30.16 Unpacking libgfortran5:arm64 (14.2.0-19) ...
#7 30.20 Selecting previously unselected package liblapack3:arm64.
#7 30.20 Preparing to unpack .../186-liblapack3_3.12.1-6_arm64.deb ...
#7 30.21 Unpacking liblapack3:arm64 (3.12.1-6) ...
#7 30.32 Selecting previously unselected package libasyncns0:arm64.
#7 30.32 Preparing to unpack .../187-libasyncns0_0.8-6+b5_arm64.deb ...
#7 30.32 Unpacking libasyncns0:arm64 (0.8-6+b5) ...
#7 30.34 Selecting previously unselected package libflac14:arm64.
#7 30.34 Preparing to unpack .../188-libflac14_1.5.0+ds-2_arm64.deb ...
#7 30.34 Unpacking libflac14:arm64 (1.5.0+ds-2) ...
#7 30.36 Selecting previously unselected package libsndfile1:arm64.
#7 30.36 Preparing to unpack .../189-libsndfile1_1.2.2-2+b1_arm64.deb ...
#7 30.36 Unpacking libsndfile1:arm64 (1.2.2-2+b1) ...
#7 30.40 Selecting previously unselected package libpulse0:arm64.
#7 30.40 Preparing to unpack .../190-libpulse0_17.0+dfsg1-2+b1_arm64.deb ...
#7 30.41 Unpacking libpulse0:arm64 (17.0+dfsg1-2+b1) ...
#7 30.43 Selecting previously unselected package libsphinxbase3t64:arm64.
#7 30.43 Preparing to unpack .../191-libsphinxbase3t64_0.8+5prealpha+1-21+b1_arm64.deb ...
#7 30.43 Unpacking libsphinxbase3t64:arm64 (0.8+5prealpha+1-21+b1) ...
#7 30.45 Selecting previously unselected package libpocketsphinx3:arm64.
#7 30.45 Preparing to unpack .../192-libpocketsphinx3_0.8+5prealpha+1-15+b4_arm64.deb ...
#7 30.45 Unpacking libpocketsphinx3:arm64 (0.8+5prealpha+1-15+b4) ...
#7 30.47 Selecting previously unselected package libpostproc58:arm64.
#7 30.47 Preparing to unpack .../193-libpostproc58_7%3a7.1.3-0+deb13u1_arm64.deb ...
#7 30.47 Unpacking libpostproc58:arm64 (7:7.1.3-0+deb13u1) ...
#7 30.49 Selecting previously unselected package libfftw3-double3:arm64.
#7 30.49 Preparing to unpack .../194-libfftw3-double3_3.3.10-2+b1_arm64.deb ...
#7 30.49 Unpacking libfftw3-double3:arm64 (3.3.10-2+b1) ...
#7 30.52 Selecting previously unselected package libsamplerate0:arm64.
#7 30.52 Preparing to unpack .../195-libsamplerate0_0.2.2-4+b2_arm64.deb ...
#7 30.52 Unpacking libsamplerate0:arm64 (0.2.2-4+b2) ...
#7 30.59 Selecting previously unselected package librubberband2:arm64.
#7 30.59 Preparing to unpack .../196-librubberband2_3.3.0+dfsg-2+b3_arm64.deb ...
#7 30.59 Unpacking librubberband2:arm64 (3.3.0+dfsg-2+b3) ...
#7 30.61 Selecting previously unselected package libswscale8:arm64.
#7 30.61 Preparing to unpack .../197-libswscale8_7%3a7.1.3-0+deb13u1_arm64.deb ...
#7 30.61 Unpacking libswscale8:arm64 (7:7.1.3-0+deb13u1) ...
#7 30.64 Selecting previously unselected package libvidstab1.1:arm64.
#7 30.64 Preparing to unpack .../198-libvidstab1.1_1.1.0-2+b2_arm64.deb ...
#7 30.65 Unpacking libvidstab1.1:arm64 (1.1.0-2+b2) ...
#7 30.66 Selecting previously unselected package libzimg2:arm64.
#7 30.66 Preparing to unpack .../199-libzimg2_3.0.5+ds1-1+b2_arm64.deb ...
#7 30.66 Unpacking libzimg2:arm64 (3.0.5+ds1-1+b2) ...
#7 30.68 Selecting previously unselected package libavfilter10:arm64.
#7 30.68 Preparing to unpack .../200-libavfilter10_7%3a7.1.3-0+deb13u1_arm64.deb ...
#7 30.68 Unpacking libavfilter10:arm64 (7:7.1.3-0+deb13u1) ...
#7 30.88 Selecting previously unselected package libslang2:arm64.
#7 30.88 Preparing to unpack .../201-libslang2_2.3.3-5+b2_arm64.deb ...
#7 30.88 Unpacking libslang2:arm64 (2.3.3-5+b2) ...
#7 31.11 Selecting previously unselected package libcaca0:arm64.
#7 31.11 Preparing to unpack .../202-libcaca0_0.99.beta20-5_arm64.deb ...
#7 31.11 Unpacking libcaca0:arm64 (0.99.beta20-5) ...
#7 31.14 Selecting previously unselected package libcdio19t64:arm64.
#7 31.14 Preparing to unpack .../203-libcdio19t64_2.2.0-4_arm64.deb ...
#7 31.14 Unpacking libcdio19t64:arm64 (2.2.0-4) ...
#7 31.15 Selecting previously unselected package libcdio-cdda2t64:arm64.
#7 31.15 Preparing to unpack .../204-libcdio-cdda2t64_10.2+2.0.2-1+b1_arm64.deb ...
#7 31.16 Unpacking libcdio-cdda2t64:arm64 (10.2+2.0.2-1+b1) ...
#7 31.17 Selecting previously unselected package libcdio-paranoia2t64:arm64.
#7 31.17 Preparing to unpack .../205-libcdio-paranoia2t64_10.2+2.0.2-1+b1_arm64.deb ...
#7 31.17 Unpacking libcdio-paranoia2t64:arm64 (10.2+2.0.2-1+b1) ...
#7 31.18 Selecting previously unselected package libusb-1.0-0:arm64.
#7 31.18 Preparing to unpack .../206-libusb-1.0-0_2%3a1.0.28-1_arm64.deb ...
#7 31.18 Unpacking libusb-1.0-0:arm64 (2:1.0.28-1) ...
#7 31.20 Selecting previously unselected package libdc1394-25:arm64.
#7 31.20 Preparing to unpack .../207-libdc1394-25_2.2.6-5_arm64.deb ...
#7 31.21 Unpacking libdc1394-25:arm64 (2.2.6-5) ...
#7 31.23 Selecting previously unselected package libglvnd0:arm64.
#7 31.23 Preparing to unpack .../208-libglvnd0_1.7.0-1+b2_arm64.deb ...
#7 31.23 Unpacking libglvnd0:arm64 (1.7.0-1+b2) ...
#7 31.25 Selecting previously unselected package libxcb-glx0:arm64.
#7 31.25 Preparing to unpack .../209-libxcb-glx0_1.17.0-2+b1_arm64.deb ...
#7 31.25 Unpacking libxcb-glx0:arm64 (1.17.0-2+b1) ...
#7 31.27 Selecting previously unselected package libxcb-present0:arm64.
#7 31.27 Preparing to unpack .../210-libxcb-present0_1.17.0-2+b1_arm64.deb ...
#7 31.27 Unpacking libxcb-present0:arm64 (1.17.0-2+b1) ...
#7 31.29 Selecting previously unselected package libxcb-xfixes0:arm64.
#7 31.29 Preparing to unpack .../211-libxcb-xfixes0_1.17.0-2+b1_arm64.deb ...
#7 31.29 Unpacking libxcb-xfixes0:arm64 (1.17.0-2+b1) ...
#7 31.31 Selecting previously unselected package libxxf86vm1:arm64.
#7 31.31 Preparing to unpack .../212-libxxf86vm1_1%3a1.1.4-1+b4_arm64.deb ...
#7 31.31 Unpacking libxxf86vm1:arm64 (1:1.1.4-1+b4) ...
#7 31.32 Selecting previously unselected package libdrm-amdgpu1:arm64.
#7 31.33 Preparing to unpack .../213-libdrm-amdgpu1_2.4.124-2_arm64.deb ...
#7 31.33 Unpacking libdrm-amdgpu1:arm64 (2.4.124-2) ...
#7 31.34 Selecting previously unselected package libelf1t64:arm64.
#7 31.34 Preparing to unpack .../214-libelf1t64_0.192-4_arm64.deb ...
#7 31.34 Unpacking libelf1t64:arm64 (0.192-4) ...
#7 31.37 Selecting previously unselected package libedit2:arm64.
#7 31.37 Preparing to unpack .../215-libedit2_3.1-20250104-1_arm64.deb ...
#7 31.37 Unpacking libedit2:arm64 (3.1-20250104-1) ...
#7 31.39 Selecting previously unselected package libz3-4:arm64.
#7 31.39 Preparing to unpack .../216-libz3-4_4.13.3-1_arm64.deb ...
#7 31.39 Unpacking libz3-4:arm64 (4.13.3-1) ...
#7 31.75 Selecting previously unselected package libllvm19:arm64.
#7 31.76 Preparing to unpack .../217-libllvm19_1%3a19.1.7-3+b1_arm64.deb ...
#7 31.76 Unpacking libllvm19:arm64 (1:19.1.7-3+b1) ...
#7 32.40 Selecting previously unselected package libsensors-config.
#7 32.40 Preparing to unpack .../218-libsensors-config_1%3a3.6.2-2_all.deb ...
#7 32.40 Unpacking libsensors-config (1:3.6.2-2) ...
#7 32.42 Selecting previously unselected package libsensors5:arm64.
#7 32.42 Preparing to unpack .../219-libsensors5_1%3a3.6.2-2_arm64.deb ...
#7 32.42 Unpacking libsensors5:arm64 (1:3.6.2-2) ...
#7 32.44 Selecting previously unselected package libxcb-randr0:arm64.
#7 32.44 Preparing to unpack .../220-libxcb-randr0_1.17.0-2+b1_arm64.deb ...
#7 32.44 Unpacking libxcb-randr0:arm64 (1.17.0-2+b1) ...
#7 32.46 Selecting previously unselected package libxcb-sync1:arm64.
#7 32.46 Preparing to unpack .../221-libxcb-sync1_1.17.0-2+b1_arm64.deb ...
#7 32.46 Unpacking libxcb-sync1:arm64 (1.17.0-2+b1) ...
#7 32.48 Selecting previously unselected package libxshmfence1:arm64.
#7 32.48 Preparing to unpack .../222-libxshmfence1_1.3.3-1_arm64.deb ...
#7 32.48 Unpacking libxshmfence1:arm64 (1.3.3-1) ...
#7 32.49 Selecting previously unselected package mesa-libgallium:arm64.
#7 32.49 Preparing to unpack .../223-mesa-libgallium_25.0.7-2_arm64.deb ...
#7 32.49 Unpacking mesa-libgallium:arm64 (25.0.7-2) ...
#7 32.87 Selecting previously unselected package libwayland-server0:arm64.
#7 32.88 Preparing to unpack .../224-libwayland-server0_1.23.1-3_arm64.deb ...
#7 32.88 Unpacking libwayland-server0:arm64 (1.23.1-3) ...
#7 32.90 Selecting previously unselected package libgbm1:arm64.
#7 32.90 Preparing to unpack .../225-libgbm1_25.0.7-2_arm64.deb ...
#7 32.90 Unpacking libgbm1:arm64 (25.0.7-2) ...
#7 32.91 Selecting previously unselected package libgl1-mesa-dri:arm64.
#7 32.92 Preparing to unpack .../226-libgl1-mesa-dri_25.0.7-2_arm64.deb ...
#7 32.92 Unpacking libgl1-mesa-dri:arm64 (25.0.7-2) ...
#7 32.93 Selecting previously unselected package libglx-mesa0:arm64.
#7 32.94 Preparing to unpack .../227-libglx-mesa0_25.0.7-2_arm64.deb ...
#7 32.94 Unpacking libglx-mesa0:arm64 (25.0.7-2) ...
#7 32.96 Selecting previously unselected package libglx0:arm64.
#7 32.96 Preparing to unpack .../228-libglx0_1.7.0-1+b2_arm64.deb ...
#7 32.96 Unpacking libglx0:arm64 (1.7.0-1+b2) ...
#7 32.97 Selecting previously unselected package libgl1:arm64.
#7 32.97 Preparing to unpack .../229-libgl1_1.7.0-1+b2_arm64.deb ...
#7 32.97 Unpacking libgl1:arm64 (1.7.0-1+b2) ...
#7 32.99 Selecting previously unselected package libiec61883-0:arm64.
#7 32.99 Preparing to unpack .../230-libiec61883-0_1.2.0-7_arm64.deb ...
#7 32.99 Unpacking libiec61883-0:arm64 (1.2.0-7) ...
#7 33.01 Selecting previously unselected package libjack-jackd2-0:arm64.
#7 33.01 Preparing to unpack .../231-libjack-jackd2-0_1.9.22~dfsg-4_arm64.deb ...
#7 33.01 Unpacking libjack-jackd2-0:arm64 (1.9.22~dfsg-4) ...
#7 33.03 Selecting previously unselected package libopenal-data.
#7 33.03 Preparing to unpack .../232-libopenal-data_1%3a1.24.2-1_all.deb ...
#7 33.03 Unpacking libopenal-data (1:1.24.2-1) ...
#7 33.05 Selecting previously unselected package libopenal1:arm64.
#7 33.05 Preparing to unpack .../233-libopenal1_1%3a1.24.2-1_arm64.deb ...
#7 33.06 Unpacking libopenal1:arm64 (1:1.24.2-1) ...
#7 33.10 Selecting previously unselected package libwayland-client0:arm64.
#7 33.10 Preparing to unpack .../234-libwayland-client0_1.23.1-3_arm64.deb ...
#7 33.10 Unpacking libwayland-client0:arm64 (1.23.1-3) ...
#7 33.11 Selecting previously unselected package libdecor-0-0:arm64.
#7 33.11 Preparing to unpack .../235-libdecor-0-0_0.2.2-2_arm64.deb ...
#7 33.11 Unpacking libdecor-0-0:arm64 (0.2.2-2) ...
#7 33.12 Selecting previously unselected package libwayland-cursor0:arm64.
#7 33.13 Preparing to unpack .../236-libwayland-cursor0_1.23.1-3_arm64.deb ...
#7 33.13 Unpacking libwayland-cursor0:arm64 (1.23.1-3) ...
#7 33.14 Selecting previously unselected package libwayland-egl1:arm64.
#7 33.14 Preparing to unpack .../237-libwayland-egl1_1.23.1-3_arm64.deb ...
#7 33.14 Unpacking libwayland-egl1:arm64 (1.23.1-3) ...
#7 33.15 Selecting previously unselected package libxcursor1:arm64.
#7 33.15 Preparing to unpack .../238-libxcursor1_1%3a1.2.3-1_arm64.deb ...
#7 33.15 Unpacking libxcursor1:arm64 (1:1.2.3-1) ...
#7 33.17 Selecting previously unselected package xkb-data.
#7 33.17 Preparing to unpack .../239-xkb-data_2.42-1_all.deb ...
#7 33.17 Unpacking xkb-data (2.42-1) ...
#7 33.23 Selecting previously unselected package libxkbcommon0:arm64.
#7 33.23 Preparing to unpack .../240-libxkbcommon0_1.7.0-2_arm64.deb ...
#7 33.23 Unpacking libxkbcommon0:arm64 (1.7.0-2) ...
#7 33.25 Selecting previously unselected package libxrandr2:arm64.
#7 33.25 Preparing to unpack .../241-libxrandr2_2%3a1.5.4-1+b3_arm64.deb ...
#7 33.25 Unpacking libxrandr2:arm64 (2:1.5.4-1+b3) ...
#7 33.27 Selecting previously unselected package libxss1:arm64.
#7 33.27 Preparing to unpack .../242-libxss1_1%3a1.2.3-1+b3_arm64.deb ...
#7 33.27 Unpacking libxss1:arm64 (1:1.2.3-1+b3) ...
#7 33.28 Selecting previously unselected package libsdl2-2.0-0:arm64.
#7 33.29 Preparing to unpack .../243-libsdl2-2.0-0_2.32.4+dfsg-1_arm64.deb ...
#7 33.29 Unpacking libsdl2-2.0-0:arm64 (2.32.4+dfsg-1) ...
#7 33.33 Selecting previously unselected package libxcb-shape0:arm64.
#7 33.33 Preparing to unpack .../244-libxcb-shape0_1.17.0-2+b1_arm64.deb ...
#7 33.33 Unpacking libxcb-shape0:arm64 (1.17.0-2+b1) ...
#7 33.35 Selecting previously unselected package libxv1:arm64.
#7 33.35 Preparing to unpack .../245-libxv1_2%3a1.0.11-1.1+b3_arm64.deb ...
#7 33.35 Unpacking libxv1:arm64 (2:1.0.11-1.1+b3) ...
#7 33.36 Selecting previously unselected package libavdevice61:arm64.
#7 33.36 Preparing to unpack .../246-libavdevice61_7%3a7.1.3-0+deb13u1_arm64.deb ...
#7 33.37 Unpacking libavdevice61:arm64 (7:7.1.3-0+deb13u1) ...
#7 33.38 Selecting previously unselected package ffmpeg.
#7 33.38 Preparing to unpack .../247-ffmpeg_7%3a7.1.3-0+deb13u1_arm64.deb ...
#7 33.38 Unpacking ffmpeg (7:7.1.3-0+deb13u1) ...
#7 33.50 Selecting previously unselected package libcc1-0:arm64.
#7 33.51 Preparing to unpack .../248-libcc1-0_14.2.0-19_arm64.deb ...
#7 33.51 Unpacking libcc1-0:arm64 (14.2.0-19) ...
#7 33.54 Selecting previously unselected package libitm1:arm64.
#7 33.54 Preparing to unpack .../249-libitm1_14.2.0-19_arm64.deb ...
#7 33.54 Unpacking libitm1:arm64 (14.2.0-19) ...
#7 33.59 Selecting previously unselected package libasan8:arm64.
#7 33.59 Preparing to unpack .../250-libasan8_14.2.0-19_arm64.deb ...
#7 33.59 Unpacking libasan8:arm64 (14.2.0-19) ...
#7 33.75 Selecting previously unselected package liblsan0:arm64.
#7 33.76 Preparing to unpack .../251-liblsan0_14.2.0-19_arm64.deb ...
#7 33.76 Unpacking liblsan0:arm64 (14.2.0-19) ...
#7 33.84 Selecting previously unselected package libtsan2:arm64.
#7 33.84 Preparing to unpack .../252-libtsan2_14.2.0-19_arm64.deb ...
#7 33.84 Unpacking libtsan2:arm64 (14.2.0-19) ...
#7 34.02 Selecting previously unselected package libubsan1:arm64.
#7 34.02 Preparing to unpack .../253-libubsan1_14.2.0-19_arm64.deb ...
#7 34.02 Unpacking libubsan1:arm64 (14.2.0-19) ...
#7 34.09 Selecting previously unselected package libhwasan0:arm64.
#7 34.09 Preparing to unpack .../254-libhwasan0_14.2.0-19_arm64.deb ...
#7 34.09 Unpacking libhwasan0:arm64 (14.2.0-19) ...
#7 34.19 Selecting previously unselected package libgcc-14-dev:arm64.
#7 34.19 Preparing to unpack .../255-libgcc-14-dev_14.2.0-19_arm64.deb ...
#7 34.20 Unpacking libgcc-14-dev:arm64 (14.2.0-19) ...
#7 34.33 Selecting previously unselected package gcc-14-aarch64-linux-gnu.
#7 34.33 Preparing to unpack .../256-gcc-14-aarch64-linux-gnu_14.2.0-19_arm64.deb ...
#7 34.33 Unpacking gcc-14-aarch64-linux-gnu (14.2.0-19) ...
#7 34.95 Selecting previously unselected package gcc-14.
#7 34.95 Preparing to unpack .../257-gcc-14_14.2.0-19_arm64.deb ...
#7 34.96 Unpacking gcc-14 (14.2.0-19) ...
#7 34.98 Selecting previously unselected package gcc-aarch64-linux-gnu.
#7 34.98 Preparing to unpack .../258-gcc-aarch64-linux-gnu_4%3a14.2.0-1_arm64.deb ...
#7 34.98 Unpacking gcc-aarch64-linux-gnu (4:14.2.0-1) ...
#7 35.00 Selecting previously unselected package gcc.
#7 35.00 Preparing to unpack .../259-gcc_4%3a14.2.0-1_arm64.deb ...
#7 35.00 Unpacking gcc (4:14.2.0-1) ...
#7 35.01 Selecting previously unselected package libc-dev-bin.
#7 35.01 Preparing to unpack .../260-libc-dev-bin_2.41-12+deb13u1_arm64.deb ...
#7 35.02 Unpacking libc-dev-bin (2.41-12+deb13u1) ...
#7 35.03 Selecting previously unselected package linux-libc-dev.
#7 35.03 Preparing to unpack .../261-linux-libc-dev_6.12.63-1_all.deb ...
#7 35.03 Unpacking linux-libc-dev (6.12.63-1) ...
#7 35.17 Selecting previously unselected package libcrypt-dev:arm64.
#7 35.17 Preparing to unpack .../262-libcrypt-dev_1%3a4.4.38-1_arm64.deb ...
#7 35.18 Unpacking libcrypt-dev:arm64 (1:4.4.38-1) ...
#7 35.20 Selecting previously unselected package rpcsvc-proto.
#7 35.20 Preparing to unpack .../263-rpcsvc-proto_1.4.3-1+b1_arm64.deb ...
#7 35.20 Unpacking rpcsvc-proto (1.4.3-1+b1) ...
#7 35.22 Selecting previously unselected package libc6-dev:arm64.
#7 35.22 Preparing to unpack .../264-libc6-dev_2.41-12+deb13u1_arm64.deb ...
#7 35.23 Unpacking libc6-dev:arm64 (2.41-12+deb13u1) ...
#7 35.34 Selecting previously unselected package libstdc++-14-dev:arm64.
#7 35.34 Preparing to unpack .../265-libstdc++-14-dev_14.2.0-19_arm64.deb ...
#7 35.34 Unpacking libstdc++-14-dev:arm64 (14.2.0-19) ...
#7 35.50 Selecting previously unselected package g++-14-aarch64-linux-gnu.
#7 35.50 Preparing to unpack .../266-g++-14-aarch64-linux-gnu_14.2.0-19_arm64.deb ...
#7 35.51 Unpacking g++-14-aarch64-linux-gnu (14.2.0-19) ...
#7 35.94 Selecting previously unselected package g++-14.
#7 35.94 Preparing to unpack .../267-g++-14_14.2.0-19_arm64.deb ...
#7 35.95 Unpacking g++-14 (14.2.0-19) ...
#7 35.96 Selecting previously unselected package g++-aarch64-linux-gnu.
#7 35.96 Preparing to unpack .../268-g++-aarch64-linux-gnu_4%3a14.2.0-1_arm64.deb ...
#7 35.96 Unpacking g++-aarch64-linux-gnu (4:14.2.0-1) ...
#7 35.97 Selecting previously unselected package g++.
#7 35.97 Preparing to unpack .../269-g++_4%3a14.2.0-1_arm64.deb ...
#7 35.97 Unpacking g++ (4:14.2.0-1) ...
#7 35.98 Selecting previously unselected package libgpg-error0:arm64.
#7 35.99 Preparing to unpack .../270-libgpg-error0_1.51-4_arm64.deb ...
#7 35.99 Unpacking libgpg-error0:arm64 (1.51-4) ...
#7 36.00 Selecting previously unselected package libgcrypt20:arm64.
#7 36.01 Preparing to unpack .../271-libgcrypt20_1.11.0-7_arm64.deb ...
#7 36.01 Unpacking libgcrypt20:arm64 (1.11.0-7) ...
#7 36.06 Selecting previously unselected package libaacs0:arm64.
#7 36.06 Preparing to unpack .../272-libaacs0_0.11.1-4+b1_arm64.deb ...
#7 36.06 Unpacking libaacs0:arm64 (0.11.1-4+b1) ...
#7 36.08 Selecting previously unselected package libatk1.0-0t64:arm64.
#7 36.08 Preparing to unpack .../273-libatk1.0-0t64_2.56.2-1+deb13u1_arm64.deb ...
#7 36.09 Unpacking libatk1.0-0t64:arm64 (2.56.2-1+deb13u1) ...
#7 36.10 Selecting previously unselected package libatk-bridge2.0-0t64:arm64.
#7 36.10 Preparing to unpack .../274-libatk-bridge2.0-0t64_2.56.2-1+deb13u1_arm64.deb ...
#7 36.10 Unpacking libatk-bridge2.0-0t64:arm64 (2.56.2-1+deb13u1) ...
#7 36.12 Selecting previously unselected package libavahi-common-data:arm64.
#7 36.12 Preparing to unpack .../275-libavahi-common-data_0.8-16_arm64.deb ...
#7 36.12 Unpacking libavahi-common-data:arm64 (0.8-16) ...
#7 36.14 Selecting previously unselected package libavahi-common3:arm64.
#7 36.14 Preparing to unpack .../276-libavahi-common3_0.8-16_arm64.deb ...
#7 36.14 Unpacking libavahi-common3:arm64 (0.8-16) ...
#7 36.16 Selecting previously unselected package libavahi-client3:arm64.
#7 36.16 Preparing to unpack .../277-libavahi-client3_0.8-16_arm64.deb ...
#7 36.16 Unpacking libavahi-client3:arm64 (0.8-16) ...
#7 36.33 Selecting previously unselected package libbdplus0:arm64.
#7 36.33 Preparing to unpack .../278-libbdplus0_0.2.0-4+b1_arm64.deb ...
#7 36.33 Unpacking libbdplus0:arm64 (0.2.0-4+b1) ...
#7 36.36 Selecting previously unselected package libcloudproviders0:arm64.
#7 36.36 Preparing to unpack .../279-libcloudproviders0_0.3.6-2_arm64.deb ...
#7 36.36 Unpacking libcloudproviders0:arm64 (0.3.6-2) ...
#7 36.38 Selecting previously unselected package libcolord2:arm64.
#7 36.38 Preparing to unpack .../280-libcolord2_1.4.7-3_arm64.deb ...
#7 36.38 Unpacking libcolord2:arm64 (1.4.7-3) ...
#7 36.42 Selecting previously unselected package libjson-c5:arm64.
#7 36.42 Preparing to unpack .../281-libjson-c5_0.18+ds-1_arm64.deb ...
#7 36.42 Unpacking libjson-c5:arm64 (0.18+ds-1) ...
#7 36.46 Selecting previously unselected package libcryptsetup12:arm64.
#7 36.46 Preparing to unpack .../282-libcryptsetup12_2%3a2.7.5-2_arm64.deb ...
#7 36.46 Unpacking libcryptsetup12:arm64 (2:2.7.5-2) ...
#7 36.51 Selecting previously unselected package libcups2t64:arm64.
#7 36.51 Preparing to unpack .../283-libcups2t64_2.4.10-3+deb13u2_arm64.deb ...
#7 36.51 Unpacking libcups2t64:arm64 (2.4.10-3+deb13u2) ...
#7 36.55 Selecting previously unselected package libepoxy0:arm64.
#7 36.55 Preparing to unpack .../284-libepoxy0_1.5.10-2_arm64.deb ...
#7 36.56 Unpacking libepoxy0:arm64 (1.5.10-2) ...
#7 36.59 Selecting previously unselected package libxcomposite1:arm64.
#7 36.60 Preparing to unpack .../285-libxcomposite1_1%3a0.4.6-1_arm64.deb ...
#7 36.60 Unpacking libxcomposite1:arm64 (1:0.4.6-1) ...
#7 36.63 Selecting previously unselected package libxdamage1:arm64.
#7 36.63 Preparing to unpack .../286-libxdamage1_1%3a1.1.6-1+b2_arm64.deb ...
#7 36.63 Unpacking libxdamage1:arm64 (1:1.1.6-1+b2) ...
#7 36.66 Selecting previously unselected package libxinerama1:arm64.
#7 36.66 Preparing to unpack .../287-libxinerama1_2%3a1.1.4-3+b4_arm64.deb ...
#7 36.67 Unpacking libxinerama1:arm64 (2:1.1.4-3+b4) ...
#7 36.69 Selecting previously unselected package libgtk-3-common.
#7 36.70 Preparing to unpack .../288-libgtk-3-common_3.24.49-3_all.deb ...
#7 36.70 Unpacking libgtk-3-common (3.24.49-3) ...
#7 36.95 Selecting previously unselected package libgtk-3-0t64:arm64.
#7 36.95 Preparing to unpack .../289-libgtk-3-0t64_3.24.49-3_arm64.deb ...
#7 36.95 Unpacking libgtk-3-0t64:arm64 (3.24.49-3) ...
#7 37.10 Selecting previously unselected package libdecor-0-plugin-1-gtk:arm64.
#7 37.10 Preparing to unpack .../290-libdecor-0-plugin-1-gtk_0.2.2-2_arm64.deb ...
#7 37.11 Unpacking libdecor-0-plugin-1-gtk:arm64 (0.2.2-2) ...
#7 37.12 Selecting previously unselected package libogg-dev:arm64.
#7 37.12 Preparing to unpack .../291-libogg-dev_1.3.5-3+b2_arm64.deb ...
#7 37.12 Unpacking libogg-dev:arm64 (1.3.5-3+b2) ...
#7 37.15 Selecting previously unselected package libflac-dev:arm64.
#7 37.15 Preparing to unpack .../292-libflac-dev_1.5.0+ds-2_arm64.deb ...
#7 37.15 Unpacking libflac-dev:arm64 (1.5.0+ds-2) ...
#7 37.18 Selecting previously unselected package libgdk-pixbuf2.0-bin.
#7 37.18 Preparing to unpack .../293-libgdk-pixbuf2.0-bin_2.42.12+dfsg-4_arm64.deb ...
#7 37.18 Unpacking libgdk-pixbuf2.0-bin (2.42.12+dfsg-4) ...
#7 37.20 Selecting previously unselected package libglib2.0-data.
#7 37.20 Preparing to unpack .../294-libglib2.0-data_2.84.4-3~deb13u2_all.deb ...
#7 37.21 Unpacking libglib2.0-data (2.84.4-3~deb13u2) ...
#7 37.30 Selecting previously unselected package libgpg-error-l10n.
#7 37.31 Preparing to unpack .../295-libgpg-error-l10n_1.51-4_all.deb ...
#7 37.31 Unpacking libgpg-error-l10n (1.51-4) ...
#7 37.34 Selecting previously unselected package libgtk-3-bin.
#7 37.34 Preparing to unpack .../296-libgtk-3-bin_3.24.49-3_arm64.deb ...
#7 37.34 Unpacking libgtk-3-bin (3.24.49-3) ...
#7 37.38 Selecting previously unselected package libkmod2:arm64.
#7 37.38 Preparing to unpack .../297-libkmod2_34.2-2_arm64.deb ...
#7 37.38 Unpacking libkmod2:arm64 (34.2-2) ...
#7 37.41 Selecting previously unselected package libout123-0t64:arm64.
#7 37.41 Preparing to unpack .../298-libout123-0t64_1.32.10-1_arm64.deb ...
#7 37.42 Unpacking libout123-0t64:arm64 (1.32.10-1) ...
#7 37.44 Selecting previously unselected package libsyn123-0t64:arm64.
#7 37.45 Preparing to unpack .../299-libsyn123-0t64_1.32.10-1_arm64.deb ...
#7 37.45 Unpacking libsyn123-0t64:arm64 (1.32.10-1) ...
#7 37.48 Selecting previously unselected package libmpg123-dev:arm64.
#7 37.48 Preparing to unpack .../300-libmpg123-dev_1.32.10-1_arm64.deb ...
#7 37.48 Unpacking libmpg123-dev:arm64 (1.32.10-1) ...
#7 37.51 Selecting previously unselected package libopus-dev:arm64.
#7 37.51 Preparing to unpack .../301-libopus-dev_1.5.2-2_arm64.deb ...
#7 37.51 Unpacking libopus-dev:arm64 (1.5.2-2) ...
#7 37.67 Selecting previously unselected package libpkgconf3:arm64.
#7 37.67 Preparing to unpack .../302-libpkgconf3_1.8.1-4_arm64.deb ...
#7 37.68 Unpacking libpkgconf3:arm64 (1.8.1-4) ...
#7 37.70 Selecting previously unselected package librsvg2-common:arm64.
#7 37.70 Preparing to unpack .../303-librsvg2-common_2.60.0+dfsg-1_arm64.deb ...
#7 37.70 Unpacking librsvg2-common:arm64 (2.60.0+dfsg-1) ...
#7 37.72 Selecting previously unselected package libvorbis-dev:arm64.
#7 37.72 Preparing to unpack .../304-libvorbis-dev_1.3.7-3_arm64.deb ...
#7 37.72 Unpacking libvorbis-dev:arm64 (1.3.7-3) ...
#7 37.75 Selecting previously unselected package libsndfile1-dev:arm64.
#7 37.75 Preparing to unpack .../305-libsndfile1-dev_1.2.2-2+b1_arm64.deb ...
#7 37.75 Unpacking libsndfile1-dev:arm64 (1.2.2-2+b1) ...
#7 37.78 Selecting previously unselected package libvdpau-va-gl1:arm64.
#7 37.79 Preparing to unpack .../306-libvdpau-va-gl1_0.4.2-2_arm64.deb ...
#7 37.79 Unpacking libvdpau-va-gl1:arm64 (0.4.2-2) ...
#7 37.80 Selecting previously unselected package manpages-dev.
#7 37.80 Preparing to unpack .../307-manpages-dev_6.9.1-1_all.deb ...
#7 37.80 Unpacking manpages-dev (6.9.1-1) ...
#7 37.93 Selecting previously unselected package mesa-va-drivers:arm64.
#7 37.93 Preparing to unpack .../308-mesa-va-drivers_25.0.7-2_arm64.deb ...
#7 37.93 Unpacking mesa-va-drivers:arm64 (25.0.7-2) ...
#7 37.94 Selecting previously unselected package mesa-vdpau-drivers:arm64.
#7 37.94 Preparing to unpack .../309-mesa-vdpau-drivers_25.0.7-2_arm64.deb ...
#7 37.95 Unpacking mesa-vdpau-drivers:arm64 (25.0.7-2) ...
#7 37.96 Selecting previously unselected package mesa-vulkan-drivers:arm64.
#7 37.96 Preparing to unpack .../310-mesa-vulkan-drivers_25.0.7-2_arm64.deb ...
#7 37.96 Unpacking mesa-vulkan-drivers:arm64 (25.0.7-2) ...
#7 38.34 Selecting previously unselected package pkgconf-bin.
#7 38.35 Preparing to unpack .../311-pkgconf-bin_1.8.1-4_arm64.deb ...
#7 38.35 Unpacking pkgconf-bin (1.8.1-4) ...
#7 38.36 Selecting previously unselected package pkgconf:arm64.
#7 38.36 Preparing to unpack .../312-pkgconf_1.8.1-4_arm64.deb ...
#7 38.37 Unpacking pkgconf:arm64 (1.8.1-4) ...
#7 38.38 Selecting previously unselected package pocketsphinx-en-us.
#7 38.38 Preparing to unpack .../313-pocketsphinx-en-us_0.8+5prealpha+1-15_all.deb ...
#7 38.38 Unpacking pocketsphinx-en-us (0.8+5prealpha+1-15) ...
#7 39.23 Selecting previously unselected package psmisc.
#7 39.23 Preparing to unpack .../314-psmisc_23.7-2_arm64.deb ...
#7 39.23 Unpacking psmisc (23.7-2) ...
#7 39.26 Selecting previously unselected package systemd-cryptsetup.
#7 39.26 Preparing to unpack .../315-systemd-cryptsetup_257.9-1~deb13u1_arm64.deb ...
#7 39.26 Unpacking systemd-cryptsetup (257.9-1~deb13u1) ...
#7 39.28 Selecting previously unselected package va-driver-all:arm64.
#7 39.28 Preparing to unpack .../316-va-driver-all_2.22.0-3_arm64.deb ...
#7 39.29 Unpacking va-driver-all:arm64 (2.22.0-3) ...
#7 39.30 Selecting previously unselected package vdpau-driver-all:arm64.
#7 39.30 Preparing to unpack .../317-vdpau-driver-all_1.5-3+b1_arm64.deb ...
#7 39.30 Unpacking vdpau-driver-all:arm64 (1.5-3+b1) ...
#7 39.31 Selecting previously unselected package xdg-user-dirs.
#7 39.31 Preparing to unpack .../318-xdg-user-dirs_0.18-2_arm64.deb ...
#7 39.32 Unpacking xdg-user-dirs (0.18-2) ...
#7 39.35 Setting up libgme0:arm64 (0.6.3-7+b2) ...
#7 39.35 Setting up libchromaprint1:arm64 (1.5.1-7) ...
#7 39.35 Setting up libhwy1t64:arm64 (1.2.0-2+b2) ...
#7 39.36 Setting up libexpat1:arm64 (2.7.1-2) ...
#7 39.36 Setting up libgraphite2-3:arm64 (1.3.14-2+b1) ...
#7 39.36 Setting up liblcms2-2:arm64 (2.16-2) ...
#7 39.36 Setting up libpixman-1-0:arm64 (0.44.0-3) ...
#7 39.37 Setting up libdvdread8t64:arm64 (6.1.3-2) ...
#7 39.37 Setting up libudfread0:arm64 (1.1.2-1+b2) ...
#7 39.37 Setting up libnorm1t64:arm64 (1.5.9+dfsg-3.1+b2) ...
#7 39.38 Setting up libsharpyuv0:arm64 (1.5.0-0.1) ...
#7 39.38 Setting up libwayland-server0:arm64 (1.23.1-3) ...
#7 39.38 Setting up libaom3:arm64 (3.12.1-1) ...
#7 39.39 Setting up librabbitmq4:arm64 (0.15.0-1) ...
#7 39.39 Setting up systemd-sysv (257.9-1~deb13u1) ...
#7 39.40 Setting up libxau6:arm64 (1:1.0.11-1) ...
#7 39.40 Setting up libxdmcp6:arm64 (1:1.1.5-1) ...
#7 39.41 Setting up libraw1394-11:arm64 (2.1.2-2+b2) ...
#7 39.41 Setting up libkeyutils1:arm64 (1.6.3-6) ...
#7 39.41 Setting up libxcb1:arm64 (1.17.0-2+b1) ...
#7 39.42 Setting up libsodium23:arm64 (1.0.18-1+deb13u1) ...
#7 39.42 Setting up libxcb-xfixes0:arm64 (1.17.0-2+b1) ...
#7 39.42 Setting up libogg0:arm64 (1.3.5-3+b2) ...
#7 39.43 Setting up liblerc4:arm64 (4.0.0+ds-5) ...
#7 39.43 Setting up libspeex1:arm64 (1.2.1-3) ...
#7 39.43 Setting up libshine3:arm64 (3.1.1-2+b2) ...
#7 39.44 Setting up hicolor-icon-theme (0.18-2) ...
#7 39.45 Setting up libx264-164:arm64 (2:0.164.3108+git31e19f9-2+b1) ...
#7 39.45 Setting up libtwolame0:arm64 (0.4.0-2+b2) ...
#7 39.46 Setting up libgpg-error0:arm64 (1.51-4) ...
#7 39.46 Setting up libdatrie1:arm64 (0.2.13-3+b1) ...
#7 39.46 Setting up xdg-user-dirs (0.18-2) ...
#7 39.47 Setting up libgsm1:arm64 (1.0.22-1+b2) ...
#7 39.47 Setting up psmisc (23.7-2) ...
#7 39.47 Setting up libxcb-render0:arm64 (1.17.0-2+b1) ...
#7 39.48 Setting up libzix-0-0:arm64 (0.6.2-1) ...
#7 39.48 Setting up manpages (6.9.1-1) ...
#7 39.48 Setting up libglvnd0:arm64 (1.7.0-1+b2) ...
#7 39.49 Setting up libcodec2-1.2:arm64 (1.2.0-3) ...
#7 39.49 Setting up libxcb-glx0:arm64 (1.17.0-2+b1) ...
#7 39.49 Setting up libbrotli1:arm64 (1.1.0-2+b7) ...
#7 39.49 Setting up libedit2:arm64 (3.1-20250104-1) ...
#7 39.50 Setting up libgdk-pixbuf2.0-common (2.42.12+dfsg-4) ...
#7 39.50 Setting up libmysofa1:arm64 (1.3.3+dfsg-1) ...
#7 39.50 Setting up libxcb-shape0:arm64 (1.17.0-2+b1) ...
#7 39.51 Setting up binutils-common:arm64 (2.44-3) ...
#7 39.51 Setting up x11-common (1:7.7+24+deb13u1) ...
#7 39.56 debconf: unable to initialize frontend: Dialog
#7 39.56 debconf: (TERM is not set, so the dialog frontend is not usable.)
#7 39.56 debconf: falling back to frontend: Readline
#7 39.56 debconf: unable to initialize frontend: Readline
#7 39.56 debconf: (Can't locate Term/ReadLine.pm in @INC (you may need to install the Term::ReadLine module) (@INC entries checked: /etc/perl /usr/local/lib/aarch64-linux-gnu/perl/5.40.1 /usr/local/share/perl/5.40.1 /usr/lib/aarch64-linux-gnu/perl5/5.40 /usr/share/perl5 /usr/lib/aarch64-linux-gnu/perl-base /usr/lib/aarch64-linux-gnu/perl/5.40 /usr/share/perl/5.40 /usr/local/lib/site_perl) at /usr/share/perl5/Debconf/FrontEnd/Readline.pm line 8.)
#7 39.56 debconf: falling back to frontend: Teletype
#7 39.56 debconf: unable to initialize frontend: Teletype
#7 39.56 debconf: (This frontend requires a controlling tty.)
#7 39.56 debconf: falling back to frontend: Noninteractive
#7 39.58 invoke-rc.d: could not determine current runlevel
#7 39.58 invoke-rc.d: policy-rc.d denied execution of start.
#7 39.58 Setting up libsensors-config (1:3.6.2-2) ...
#7 39.59 Setting up libcdio19t64:arm64 (2.2.0-4) ...
#7 39.59 Setting up libdeflate0:arm64 (1.23-2) ...
#7 39.59 Setting up linux-libc-dev (6.12.63-1) ...
#7 39.59 Setting up libctf-nobfd0:arm64 (2.44-3) ...
#7 39.60 Setting up libgcrypt20:arm64 (1.11.0-7) ...
#7 39.60 Setting up libnss-systemd:arm64 (257.9-1~deb13u1) ...
#7 39.61 Setting up xkb-data (2.42-1) ...
#7 39.61 Setting up krb5-locales (1.21.3-5) ...
#7 39.61 Setting up libxcb-shm0:arm64 (1.17.0-2+b1) ...
#7 39.62 Setting up libcom-err2:arm64 (1.47.2-3+b7) ...
#7 39.62 Setting up libogg-dev:arm64 (1.3.5-3+b2) ...
#7 39.62 Setting up libmpg123-0t64:arm64 (1.32.10-1) ...
#7 39.62 Setting up libgomp1:arm64 (14.2.0-19) ...
#7 39.63 Setting up libcjson1:arm64 (1.7.18-3.1+deb13u1) ...
#7 39.63 Setting up libxvidcore4:arm64 (2:1.3.7-1+b2) ...
#7 39.63 Setting up libjbig0:arm64 (2.1-6.1+b2) ...
#7 39.64 Setting up libsframe1:arm64 (2.44-3) ...
#7 39.64 Setting up libelf1t64:arm64 (0.192-4) ...
#7 39.64 Setting up libjansson4:arm64 (2.14-2+b3) ...
#7 39.65 Setting up libsnappy1v5:arm64 (1.2.2-1) ...
#7 39.65 Setting up libcdio-cdda2t64:arm64 (10.2+2.0.2-1+b1) ...
#7 39.65 Setting up libkrb5support0:arm64 (1.21.3-5) ...
#7 39.65 Setting up libxcb-present0:arm64 (1.17.0-2+b1) ...
#7 39.66 Setting up libasound2-data (1.2.14-1) ...
#7 39.66 Setting up libpgm-5.3-0t64:arm64 (5.3.128~dfsg-2.1+b1) ...
#7 39.66 Setting up libtheoraenc1:arm64 (1.2.0~alpha1+dfsg-6) ...
#7 39.67 Setting up libz3-4:arm64 (4.13.3-1) ...
#7 39.67 Setting up libblas3:arm64 (3.12.1-6) ...
#7 39.67 update-alternatives: using /usr/lib/aarch64-linux-gnu/blas/libblas.so.3 to provide /usr/lib/aarch64-linux-gnu/libblas.so.3 (libblas.so.3-aarch64-linux-gnu) in auto mode
#7 39.68 Setting up libglib2.0-data (2.84.4-3~deb13u2) ...
#7 39.68 Setting up libpkgconf3:arm64 (1.8.1-4) ...
#7 39.69 Setting up rpcsvc-proto (1.4.3-1+b1) ...
#7 39.69 Setting up linux-sysctl-defaults (4.12) ...
#7 39.69 Setting up libasound2t64:arm64 (1.2.14-1) ...
#7 39.69 Setting up libjpeg62-turbo:arm64 (1:2.1.5-4) ...
#7 39.70 Setting up libslang2:arm64 (2.3.3-5+b2) ...
#7 39.70 Setting up libva2:arm64 (2.22.0-3) ...
#7 39.70 Setting up libx11-data (2:1.8.12-1) ...
#7 39.71 Setting up libsvtav1enc2:arm64 (2.3.0+dfsg-1) ...
#7 39.71 Setting up libepoxy0:arm64 (1.5.10-2) ...
#7 39.71 Setting up libmpfr6:arm64 (4.2.2-1) ...
#7 39.72 Setting up libsyn123-0t64:arm64 (1.32.10-1) ...
#7 39.72 Setting up libxcb-sync1:arm64 (1.17.0-2+b1) ...
#7 39.72 Setting up libavahi-common-data:arm64 (0.8-16) ...
#7 39.73 Setting up libdbus-1-3:arm64 (1.16.2-2) ...
#7 39.73 Setting up libfribidi0:arm64 (1.0.16-1) ...
#7 39.73 Setting up libopus0:arm64 (1.5.2-2) ...
#7 39.74 Setting up libp11-kit0:arm64 (0.25.5-3) ...
#7 39.74 Setting up libproc2-0:arm64 (2:4.0.4-9) ...
#7 39.74 Setting up libcdio-paranoia2t64:arm64 (10.2+2.0.2-1+b1) ...
#7 39.74 Setting up libunistring5:arm64 (1.3-2) ...
#7 39.75 Setting up fonts-dejavu-mono (2.37-8) ...
#7 39.75 Setting up libpng16-16t64:arm64 (1.6.48-1+deb13u1) ...
#7 39.76 Setting up libmpc3:arm64 (1.3.1-1+b3) ...
#7 39.76 Setting up systemd-timesyncd (257.9-1~deb13u1) ...
#7 39.77 Creating group 'systemd-timesync' with GID 997.
#7 39.77 Creating user 'systemd-timesync' (systemd Time Synchronization) with UID 997 and GID 997.
#7 39.89 Created symlink '/etc/systemd/system/dbus-org.freedesktop.timesync1.service' → '/usr/lib/systemd/system/systemd-timesyncd.service'.
#7 39.89 Created symlink '/etc/systemd/system/sysinit.target.wants/systemd-timesyncd.service' → '/usr/lib/systemd/system/systemd-timesyncd.service'.
#7 39.89 Setting up libatomic1:arm64 (14.2.0-19) ...
#7 39.90 Setting up libvorbis0a:arm64 (1.3.7-3) ...
#7 39.90 Setting up fonts-dejavu-core (2.37-8) ...
#7 39.92 Setting up libflac14:arm64 (1.5.0+ds-2) ...
#7 39.92 Setting up pkgconf-bin (1.8.1-4) ...
#7 39.92 Setting up libsensors5:arm64 (1:3.6.2-2) ...
#7 39.93 Setting up libaacs0:arm64 (0.11.1-4+b1) ...
#7 39.93 Setting up libk5crypto3:arm64 (1.21.3-5) ...
#7 39.93 Setting up pocketsphinx-en-us (0.8+5prealpha+1-15) ...
#7 39.94 Setting up libfftw3-double3:arm64 (3.3.10-2+b1) ...
#7 39.94 Setting up libgfortran5:arm64 (14.2.0-19) ...
#7 39.94 Setting up libvulkan1:arm64 (1.4.309.0-1) ...
#7 39.94 Setting up libwebp7:arm64 (1.5.0-0.1) ...
#7 39.95 Setting up libubsan1:arm64 (14.2.0-19) ...
#7 39.95 Setting up libout123-0t64:arm64 (1.32.10-1) ...
#7 39.95 Setting up libbdplus0:arm64 (0.2.0-4+b1) ...
#7 39.96 Setting up libnuma1:arm64 (2.0.19-1) ...
#7 39.96 Setting up libvidstab1.1:arm64 (1.1.0-2+b2) ...
#7 39.96 Setting up libvpx9:arm64 (1.15.0-2.1) ...
#7 39.96 Setting up alsa-topology-conf (1.2.5.1-3) ...
#7 39.97 Setting up libflite1:arm64 (2.2-7) ...
#7 39.97 Setting up libdav1d7:arm64 (1.5.1-1) ...
#7 39.97 Setting up ocl-icd-libopencl1:arm64 (2.3.3-1) ...
#7 39.98 Setting up libasyncns0:arm64 (0.8-6+b5) ...
#7 39.98 Setting up libxshmfence1:arm64 (1.3.3-1) ...
#7 39.98 Setting up libhwasan0:arm64 (14.2.0-19) ...
#7 39.98 Setting up at-spi2-common (2.56.2-1+deb13u1) ...
#7 39.99 Setting up libcrypt-dev:arm64 (1:4.4.38-1) ...
#7 39.99 Setting up libtiff6:arm64 (4.7.0-3+deb13u1) ...
#7 39.99 Setting up libbs2b0:arm64 (3.1.0+dfsg-8+b1) ...
#7 40.00 Setting up libxcb-randr0:arm64 (1.17.0-2+b1) ...
#7 40.00 Setting up dbus-session-bus-common (1.16.2-2) ...
#7 40.00 Setting up librav1e0.7:arm64 (0.7.1-9+b2) ...
#7 40.01 Setting up libasan8:arm64 (14.2.0-19) ...
#7 40.01 Setting up procps (2:4.0.4-9) ...
#7 40.02 Setting up libtasn1-6:arm64 (4.20.0-2) ...
#7 40.02 Setting up libzimg2:arm64 (3.0.5+ds1-1+b2) ...
#7 40.03 Setting up libopenjp2-7:arm64 (2.5.3-2.1~deb13u1) ...
#7 40.03 Setting up libx11-6:arm64 (2:1.8.12-1) ...
#7 40.03 Setting up libopenal-data (1:1.24.2-1) ...
#7 40.04 Setting up libthai-data (0.1.29-2) ...
#7 40.04 Setting up libkrb5-3:arm64 (1.21.3-5) ...
#7 40.04 Setting up libunibreak6:arm64 (6.1-3) ...
#7 40.05 Setting up libwayland-egl1:arm64 (1.23.1-3) ...
#7 40.05 Setting up libusb-1.0-0:arm64 (2:1.0.28-1) ...
#7 40.05 Setting up libmbedcrypto16:arm64 (3.6.5-0.1~deb13u1) ...
#7 40.06 Setting up libtsan2:arm64 (14.2.0-19) ...
#7 40.06 Setting up libbinutils:arm64 (2.44-3) ...
#7 40.06 Setting up dbus-system-bus-common (1.16.2-2) ...
#7 40.07 Creating group 'messagebus' with GID 996.
#7 40.07 Creating user 'messagebus' (System Message Bus) with UID 996 and GID 996.
#7 40.07 Setting up libisl23:arm64 (0.27-1) ...
#7 40.08 Setting up libc-dev-bin (2.41-12+deb13u1) ...
#7 40.08 Setting up libx265-215:arm64 (4.1-2) ...
#7 40.08 Setting up libsamplerate0:arm64 (0.2.2-4+b2) ...
#7 40.09 Setting up libwebpmux3:arm64 (1.5.0-0.1) ...
#7 40.10 Setting up libgpg-error-l10n (1.51-4) ...
#7 40.10 Setting up libdrm-common (2.4.124-2) ...
#7 40.10 Setting up libxcomposite1:arm64 (1:0.4.6-1) ...
#7 40.11 Setting up libjxl0.11:arm64 (0.11.1-4) ...
#7 40.11 Setting up libjson-c5:arm64 (0.18+ds-1) ...
#7 40.11 Setting up libxml2:arm64 (2.12.7+dfsg+really2.9.14-2.1+deb13u2) ...
#7 40.11 Setting up libcc1-0:arm64 (14.2.0-19) ...
#7 40.12 Setting up dbus-bin (1.16.2-2) ...
#7 40.12 Setting up libzvbi-common (0.2.44-1) ...
#7 40.12 Setting up liblsan0:arm64 (14.2.0-19) ...
#7 40.13 Setting up libmp3lame0:arm64 (3.100-6+b3) ...
#7 40.13 Setting up libitm1:arm64 (14.2.0-19) ...
#7 40.13 Setting up libvorbisenc2:arm64 (1.3.7-3) ...
#7 40.13 Setting up libkmod2:arm64 (34.2-2) ...
#7 40.14 Setting up libdvdnav4:arm64 (6.1.1-3+b1) ...
#7 40.14 Setting up libiec61883-0:arm64 (1.2.0-7) ...
#7 40.14 Setting up libserd-0-0:arm64 (0.32.4-1) ...
#7 40.15 Setting up libxkbcommon0:arm64 (1.7.0-2) ...
#7 40.15 Setting up libwayland-client0:arm64 (1.23.1-3) ...
#7 40.15 Setting up libctf0:arm64 (2.44-3) ...
#7 40.16 Setting up libavc1394-0:arm64 (0.5.4-5+b2) ...
#7 40.16 Setting up libxcb-dri3-0:arm64 (1.17.0-2+b1) ...
#7 40.16 Setting up libllvm19:arm64 (1:19.1.7-3+b1) ...
#7 40.16 Setting up manpages-dev (6.9.1-1) ...
#7 40.17 Setting up libx11-xcb1:arm64 (2:1.8.12-1) ...
#7 40.17 Setting up libflac-dev:arm64 (1.5.0+ds-2) ...
#7 40.17 Setting up liblapack3:arm64 (3.12.1-6) ...
#7 40.18 update-alternatives: using /usr/lib/aarch64-linux-gnu/lapack/liblapack.so.3 to provide /usr/lib/aarch64-linux-gnu/liblapack.so.3 (liblapack.so.3-aarch64-linux-gnu) in auto mode
#7 40.18 Setting up libxdamage1:arm64 (1:1.1.6-1+b2) ...
#7 40.18 Setting up libcaca0:arm64 (0.99.beta20-5) ...
#7 40.18 Setting up libzvbi0t64:arm64 (0.2.44-1) ...
#7 40.19 Setting up libxrender1:arm64 (1:0.9.12-1) ...
#7 40.19 Setting up alsa-ucm-conf (1.2.14-1) ...
#7 40.20 Setting up libsoxr0:arm64 (0.1.3-4+b2) ...
#7 40.20 Setting up fontconfig-config (2.15.0-2.3) ...
#7 40.24 debconf: unable to initialize frontend: Dialog
#7 40.24 debconf: (TERM is not set, so the dialog frontend is not usable.)
#7 40.24 debconf: falling back to frontend: Readline
#7 40.24 debconf: unable to initialize frontend: Readline
#7 40.24 debconf: (Can't locate Term/ReadLine.pm in @INC (you may need to install the Term::ReadLine module) (@INC entries checked: /etc/perl /usr/local/lib/aarch64-linux-gnu/perl/5.40.1 /usr/local/share/perl/5.40.1 /usr/lib/aarch64-linux-gnu/perl5/5.40 /usr/share/perl5 /usr/lib/aarch64-linux-gnu/perl-base /usr/lib/aarch64-linux-gnu/perl/5.40 /usr/share/perl/5.40 /usr/local/lib/site_perl) at /usr/share/perl5/Debconf/FrontEnd/Readline.pm line 8.)
#7 40.24 debconf: falling back to frontend: Teletype
#7 40.24 debconf: unable to initialize frontend: Teletype
#7 40.24 debconf: (This frontend requires a controlling tty.)
#7 40.24 debconf: falling back to frontend: Noninteractive
#7 40.26 Setting up libavahi-common3:arm64 (0.8-16) ...
#7 40.27 Setting up libxext6:arm64 (2:1.3.4-1+b3) ...
#7 40.27 Setting up binutils-aarch64-linux-gnu (2.44-3) ...
#7 40.27 Setting up libidn2-0:arm64 (2.3.8-2) ...
#7 40.28 Setting up libopenal1:arm64 (1:1.24.2-1) ...
#7 40.28 Setting up dbus-daemon (1.16.2-2) ...
#7 40.29 Setting up libopus-dev:arm64 (1.5.2-2) ...
#7 40.29 Setting up libmpg123-dev:arm64 (1.32.10-1) ...
#7 40.29 Setting up pkgconf:arm64 (1.8.1-4) ...
#7 40.30 Setting up libxxf86vm1:arm64 (1:1.1.4-1+b4) ...
#7 40.30 Setting up librist4:arm64 (0.2.11+dfsg-1) ...
#7 40.30 Setting up libthai0:arm64 (0.1.29-2+b1) ...
#7 40.31 Setting up libvorbisfile3:arm64 (1.3.7-3) ...
#7 40.31 Setting up libglib2.0-0t64:arm64 (2.84.4-3~deb13u2) ...
#7 40.32 Setting up libgprofng0:arm64 (2.44-3) ...
#7 40.32 Setting up libfreetype6:arm64 (2.13.3+dfsg-1) ...
#7 40.32 Setting up libxfixes3:arm64 (1:6.0.0-2+b4) ...
#7 40.33 Setting up dbus (1.16.2-2) ...
#7 40.34 invoke-rc.d: could not determine current runlevel
#7 40.34 invoke-rc.d: policy-rc.d denied execution of start.
#7 40.35 Setting up shared-mime-info (2.4-5+b2) ...
#7 40.98 Setting up libxinerama1:arm64 (2:1.1.4-3+b4) ...
#7 40.99 Setting up libplacebo349:arm64 (7.349.0-3) ...
#7 40.99 Setting up libdc1394-25:arm64 (2.2.6-5) ...
#7 40.99 Setting up libxv1:arm64 (2:1.0.11-1.1+b3) ...
#7 40.99 Setting up libgssapi-krb5-2:arm64 (1.21.3-5) ...
#7 41.00 Setting up libxrandr2:arm64 (2:1.5.4-1+b3) ...
#7 41.00 Setting up libssh-4:arm64 (0.11.2-1+deb13u1) ...
#7 41.00 Setting up librubberband2:arm64 (3.3.0+dfsg-2+b3) ...
#7 41.01 Setting up libjack-jackd2-0:arm64 (1.9.22~dfsg-4) ...
#7 41.01 Setting up libdrm2:arm64 (2.4.124-2) ...
#7 41.01 Setting up libva-drm2:arm64 (2.22.0-3) ...
#7 41.02 Setting up cpp-14-aarch64-linux-gnu (14.2.0-19) ...
#7 41.02 Setting up libvdpau1:arm64 (1.5-3+b1) ...
#7 41.02 Setting up libsord-0-0:arm64 (0.16.18-1) ...
#7 41.03 Setting up libwayland-cursor0:arm64 (1.23.1-3) ...
#7 41.03 Setting up libsratom-0-0:arm64 (0.6.18-1) ...
#7 41.03 Setting up libpam-systemd:arm64 (257.9-1~deb13u1) ...
#7 41.07 debconf: unable to initialize frontend: Dialog
#7 41.07 debconf: (TERM is not set, so the dialog frontend is not usable.)
#7 41.07 debconf: falling back to frontend: Readline
#7 41.07 debconf: unable to initialize frontend: Readline
#7 41.07 debconf: (Can't locate Term/ReadLine.pm in @INC (you may need to install the Term::ReadLine module) (@INC entries checked: /etc/perl /usr/local/lib/aarch64-linux-gnu/perl/5.40.1 /usr/local/share/perl/5.40.1 /usr/lib/aarch64-linux-gnu/perl5/5.40 /usr/share/perl5 /usr/lib/aarch64-linux-gnu/perl-base /usr/lib/aarch64-linux-gnu/perl/5.40 /usr/share/perl/5.40 /usr/local/lib/site_perl) at /usr/share/perl5/Debconf/FrontEnd/Readline.pm line 8.)
#7 41.07 debconf: falling back to frontend: Teletype
#7 41.07 debconf: unable to initialize frontend: Teletype
#7 41.07 debconf: (This frontend requires a controlling tty.)
#7 41.07 debconf: falling back to frontend: Noninteractive
#7 41.11 Setting up libdecor-0-0:arm64 (0.2.2-2) ...
#7 41.11 Setting up libc6-dev:arm64 (2.41-12+deb13u1) ...
#7 41.11 Setting up libharfbuzz0b:arm64 (10.2.0-1+b1) ...
#7 41.12 Setting up libgdk-pixbuf-2.0-0:arm64 (2.42.12+dfsg-4) ...
#7 41.14 Setting up libxss1:arm64 (1:1.2.3-1+b3) ...
#7 41.14 Setting up libfontconfig1:arm64 (2.15.0-2.3) ...
#7 41.14 Setting up libsndfile1:arm64 (1.2.2-2+b1) ...
#7 41.14 Setting up libgcc-14-dev:arm64 (14.2.0-19) ...
#7 41.15 Setting up libbluray2:arm64 (1:1.3.4-1+b2) ...
#7 41.15 Setting up libva-x11-2:arm64 (2.22.0-3) ...
#7 41.15 Setting up libstdc++-14-dev:arm64 (14.2.0-19) ...
#7 41.16 Setting up liblilv-0-0:arm64 (0.24.26-1) ...
#7 41.16 Setting up libopenmpt0t64:arm64 (0.7.13-1+b1) ...
#7 41.17 Setting up libavahi-client3:arm64 (0.8-16) ...
#7 41.17 Setting up libdrm-amdgpu1:arm64 (2.4.124-2) ...
#7 41.17 Setting up libgnutls30t64:arm64 (3.8.9-3+deb13u1) ...
#7 41.18 Setting up libvorbis-dev:arm64 (1.3.7-3) ...
#7 41.18 Setting up mesa-vulkan-drivers:arm64 (25.0.7-2) ...
#7 41.18 Setting up mesa-vdpau-drivers:arm64 (25.0.7-2) ...
#7 41.19 Setting up gtk-update-icon-cache (4.18.6+ds-2) ...
#7 41.19 Setting up mesa-libgallium:arm64 (25.0.7-2) ...
#7 41.19 Setting up fontconfig (2.15.0-2.3) ...
#7 41.19 Regenerating fonts cache... done.
#7 43.21 Setting up libatk1.0-0t64:arm64 (2.56.2-1+deb13u1) ...
#7 43.22 Setting up libzmq5:arm64 (4.3.5-1+b3) ...
#7 43.22 Setting up libxi6:arm64 (2:1.8.2-1) ...
#7 43.23 Setting up libgbm1:arm64 (25.0.7-2) ...
#7 43.23 Setting up libpulse0:arm64 (17.0+dfsg1-2+b1) ...
#7 43.24 Setting up libxtst6:arm64 (2:1.2.5-1) ...
#7 43.24 Setting up libxcursor1:arm64 (1:1.2.3-1) ...
#7 43.25 Setting up libpango-1.0-0:arm64 (1.56.3-1) ...
#7 43.26 Setting up libgl1-mesa-dri:arm64 (25.0.7-2) ...
#7 43.26 Setting up libcloudproviders0:arm64 (0.3.6-2) ...
#7 43.27 Setting up binutils (2.44-3) ...
#7 43.27 Setting up libavutil59:arm64 (7:7.1.3-0+deb13u1) ...
#7 43.28 Setting up libcairo2:arm64 (1.18.4-1+b1) ...
#7 43.28 Setting up libcolord2:arm64 (1.4.7-3) ...
#7 43.29 Setting up libpostproc58:arm64 (7:7.1.3-0+deb13u1) ...
#7 43.29 Setting up libdconf1:arm64 (0.40.0-5) ...
#7 43.30 Setting up libsphinxbase3t64:arm64 (0.8+5prealpha+1-21+b1) ...
#7 43.30 Setting up dbus-user-session (1.16.2-2) ...
#7 43.30 Setting up libswresample5:arm64 (7:7.1.3-0+deb13u1) ...
#7 43.31 Setting up cpp-aarch64-linux-gnu (4:14.2.0-1) ...
#7 43.31 Setting up libswscale8:arm64 (7:7.1.3-0+deb13u1) ...
#7 43.32 Setting up libass9:arm64 (1:0.17.3-1+b1) ...
#7 43.32 Setting up libtheoradec1:arm64 (1.2.0~alpha1+dfsg-6) ...
#7 43.32 Setting up adwaita-icon-theme (48.1-1) ...
#7 43.34 update-alternatives: using /usr/share/icons/Adwaita/cursor.theme to provide /usr/share/icons/default/index.theme (x-cursor-theme) in auto mode
#7 43.34 Setting up libsndfile1-dev:arm64 (1.2.2-2+b1) ...
#7 43.35 Setting up libatspi2.0-0t64:arm64 (2.56.2-1+deb13u1) ...
#7 43.36 Setting up cpp-14 (14.2.0-19) ...
#7 43.36 Setting up libsrt1.5-gnutls:arm64 (1.5.4-1) ...
#7 43.37 Setting up libgdk-pixbuf2.0-bin (2.42.12+dfsg-4) ...
#7 43.37 Setting up cpp (4:14.2.0-1) ...
#7 43.38 Setting up libcairo-gobject2:arm64 (1.18.4-1+b1) ...
#7 43.39 Setting up gcc-14-aarch64-linux-gnu (14.2.0-19) ...
#7 43.39 Setting up mesa-va-drivers:arm64 (25.0.7-2) ...
#7 43.40 Setting up libpangoft2-1.0-0:arm64 (1.56.3-1) ...
#7 43.41 Setting up libsdl2-2.0-0:arm64 (2.32.4+dfsg-1) ...
#7 43.41 Setting up libcups2t64:arm64 (2.4.10-3+deb13u2) ...
#7 43.41 Setting up libpangocairo-1.0-0:arm64 (1.56.3-1) ...
#7 43.42 Setting up libatk-bridge2.0-0t64:arm64 (2.56.2-1+deb13u1) ...
#7 43.42 Setting up gcc-aarch64-linux-gnu (4:14.2.0-1) ...
#7 43.43 Setting up g++-14-aarch64-linux-gnu (14.2.0-19) ...
#7 43.43 Setting up libglx-mesa0:arm64 (25.0.7-2) ...
#7 43.43 Setting up libglx0:arm64 (1.7.0-1+b2) ...
#7 43.44 Setting up dconf-service (0.40.0-5) ...
#7 43.45 Setting up gcc-14 (14.2.0-19) ...
#7 43.45 Setting up librsvg2-2:arm64 (2.60.0+dfsg-1) ...
#7 43.45 Setting up libpocketsphinx3:arm64 (0.8+5prealpha+1-15+b4) ...
#7 43.46 Setting up libgl1:arm64 (1.7.0-1+b2) ...
#7 43.46 Setting up va-driver-all:arm64 (2.22.0-3) ...
#7 43.47 Setting up libavcodec61:arm64 (7:7.1.3-0+deb13u1) ...
#7 43.47 Setting up librsvg2-common:arm64 (2.60.0+dfsg-1) ...
#7 43.48 Setting up g++-aarch64-linux-gnu (4:14.2.0-1) ...
#7 43.48 Setting up g++-14 (14.2.0-19) ...
#7 43.49 Setting up libvdpau-va-gl1:arm64 (0.4.2-2) ...
#7 43.49 Setting up dconf-gsettings-backend:arm64 (0.40.0-5) ...
#7 43.50 Setting up libavformat61:arm64 (7:7.1.3-0+deb13u1) ...
#7 43.50 Setting up gcc (4:14.2.0-1) ...
#7 43.51 Setting up libavfilter10:arm64 (7:7.1.3-0+deb13u1) ...
#7 43.51 Setting up vdpau-driver-all:arm64 (1.5-3+b1) ...
#7 43.52 Setting up g++ (4:14.2.0-1) ...
#7 43.52 update-alternatives: using /usr/bin/g++ to provide /usr/bin/c++ (c++) in auto mode
#7 43.53 Setting up libgtk-3-common (3.24.49-3) ...
#7 43.53 Setting up gsettings-desktop-schemas (48.0-1) ...
#7 43.54 Setting up libavdevice61:arm64 (7:7.1.3-0+deb13u1) ...
#7 43.54 Setting up libgtk-3-0t64:arm64 (3.24.49-3) ...
#7 43.56 Setting up at-spi2-core (2.56.2-1+deb13u1) ...
#7 43.57 Setting up ffmpeg (7:7.1.3-0+deb13u1) ...
#7 43.57 Setting up libdecor-0-plugin-1-gtk:arm64 (0.2.2-2) ...
#7 43.58 Setting up libgtk-3-bin (3.24.49-3) ...
#7 43.58 Setting up dmsetup (2:1.02.205-2) ...
#7 43.59 Setting up libdevmapper1.02.1:arm64 (2:1.02.205-2) ...
#7 43.61 Setting up libcryptsetup12:arm64 (2:2.7.5-2) ...
#7 43.62 Setting up systemd-cryptsetup (257.9-1~deb13u1) ...
#7 43.63 Processing triggers for libc-bin (2.41-12+deb13u1) ...
#7 43.66 Processing triggers for systemd (257.9-1~deb13u1) ...
#7 43.67 Processing triggers for libgdk-pixbuf-2.0-0:arm64 (2.42.12+dfsg-4) ...
#7 DONE 44.0s

#8 [4/6] COPY requirements.txt .
#8 DONE 0.0s

#9 [5/6] RUN pip install --no-cache-dir -r requirements.txt
#9 1.389 Collecting fastapi<0.115.0,>=0.109.0 (from -r requirements.txt (line 1))
#9 1.542   Downloading fastapi-0.114.2-py3-none-any.whl.metadata (27 kB)
#9 1.593 Collecting uvicorn<0.32.0,>=0.27.0 (from uvicorn[standard]<0.32.0,>=0.27.0->-r requirements.txt (line 2))
#9 1.625   Downloading uvicorn-0.31.1-py3-none-any.whl.metadata (6.6 kB)
#9 1.855 Collecting sqlalchemy<2.1.0,>=2.0.25 (from -r requirements.txt (line 3))
#9 1.890   Downloading sqlalchemy-2.0.45-cp312-cp312-manylinux2014_aarch64.manylinux_2_17_aarch64.manylinux_2_28_aarch64.whl.metadata (9.5 kB)
#9 1.982 Collecting pydantic<3.0.0,>=2.6.0 (from -r requirements.txt (line 4))
#9 2.011   Downloading pydantic-2.12.5-py3-none-any.whl.metadata (90 kB)
#9 2.084 Collecting pydantic-settings<3.0.0,>=2.1.0 (from -r requirements.txt (line 5))
#9 2.119   Downloading pydantic_settings-2.12.0-py3-none-any.whl.metadata (3.4 kB)
#9 2.156 Collecting python-jose==3.3.0 (from python-jose[cryptography]==3.3.0->-r requirements.txt (line 6))
#9 2.188   Downloading python_jose-3.3.0-py2.py3-none-any.whl.metadata (5.4 kB)
#9 2.259 Collecting passlib==1.7.4 (from passlib[bcrypt]==1.7.4->-r requirements.txt (line 7))
#9 2.288   Downloading passlib-1.7.4-py2.py3-none-any.whl.metadata (1.7 kB)
#9 2.327 Collecting python-multipart==0.0.9 (from -r requirements.txt (line 8))
#9 2.367   Downloading python_multipart-0.0.9-py3-none-any.whl.metadata (2.5 kB)
#9 2.557 Collecting boto3==1.34.34 (from -r requirements.txt (line 9))
#9 2.588   Downloading boto3-1.34.34-py3-none-any.whl.metadata (6.6 kB)
#9 2.634 Collecting httpx==0.26.0 (from -r requirements.txt (line 10))
#9 2.666   Downloading httpx-0.26.0-py3-none-any.whl.metadata (7.6 kB)
#9 2.705 Collecting librosa==0.10.1 (from -r requirements.txt (line 11))
#9 2.775   Downloading librosa-0.10.1-py3-none-any.whl.metadata (8.3 kB)
#9 2.812 Collecting soundfile==0.12.1 (from -r requirements.txt (line 12))
#9 2.844   Downloading soundfile-0.12.1-py2.py3-none-any.whl.metadata (14 kB)
#9 3.035 Collecting numba==0.59.0 (from -r requirements.txt (line 13))
#9 3.159   Downloading numba-0.59.0-cp312-cp312-manylinux2014_aarch64.manylinux_2_17_aarch64.whl.metadata (2.7 kB)
#9 3.209 Collecting pytest>=7.4.0 (from -r requirements.txt (line 14))
#9 3.239   Downloading pytest-9.0.2-py3-none-any.whl.metadata (7.6 kB)
#9 3.293 Collecting pytest-asyncio>=0.21.0 (from -r requirements.txt (line 15))
#9 3.321   Downloading pytest_asyncio-1.3.0-py3-none-any.whl.metadata (4.1 kB)
#9 3.362 Collecting ecdsa!=0.15 (from python-jose==3.3.0->python-jose[cryptography]==3.3.0->-r requirements.txt (line 6))
#9 3.397   Downloading ecdsa-0.19.1-py2.py3-none-any.whl.metadata (29 kB)
#9 3.440 Collecting rsa (from python-jose==3.3.0->python-jose[cryptography]==3.3.0->-r requirements.txt (line 6))
#9 3.471   Downloading rsa-4.9.1-py3-none-any.whl.metadata (5.6 kB)
#9 3.528 Collecting pyasn1 (from python-jose==3.3.0->python-jose[cryptography]==3.3.0->-r requirements.txt (line 6))
#9 3.563   Downloading pyasn1-0.6.1-py3-none-any.whl.metadata (8.4 kB)
#9 3.839 Collecting botocore<1.35.0,>=1.34.34 (from boto3==1.34.34->-r requirements.txt (line 9))
#9 3.871   Downloading botocore-1.34.162-py3-none-any.whl.metadata (5.7 kB)
#9 3.908 Collecting jmespath<2.0.0,>=0.7.1 (from boto3==1.34.34->-r requirements.txt (line 9))
#9 3.938   Downloading jmespath-1.0.1-py3-none-any.whl.metadata (7.6 kB)
#9 3.977 Collecting s3transfer<0.11.0,>=0.10.0 (from boto3==1.34.34->-r requirements.txt (line 9))
#9 4.007   Downloading s3transfer-0.10.4-py3-none-any.whl.metadata (1.7 kB)
#9 4.048 Collecting anyio (from httpx==0.26.0->-r requirements.txt (line 10))
#9 4.079   Downloading anyio-4.12.1-py3-none-any.whl.metadata (4.3 kB)
#9 4.120 Collecting certifi (from httpx==0.26.0->-r requirements.txt (line 10))
#9 4.150   Downloading certifi-2026.1.4-py3-none-any.whl.metadata (2.5 kB)
#9 4.212 Collecting httpcore==1.* (from httpx==0.26.0->-r requirements.txt (line 10))
#9 4.244   Downloading httpcore-1.0.9-py3-none-any.whl.metadata (21 kB)
#9 4.284 Collecting idna (from httpx==0.26.0->-r requirements.txt (line 10))
#9 4.326   Downloading idna-3.11-py3-none-any.whl.metadata (8.4 kB)
#9 4.358 Collecting sniffio (from httpx==0.26.0->-r requirements.txt (line 10))
#9 4.391   Downloading sniffio-1.3.1-py3-none-any.whl.metadata (3.9 kB)
#9 4.433 Collecting audioread>=2.1.9 (from librosa==0.10.1->-r requirements.txt (line 11))
#9 4.465   Downloading audioread-3.1.0-py3-none-any.whl.metadata (9.0 kB)
#9 4.651 Collecting numpy!=1.22.0,!=1.22.1,!=1.22.2,>=1.20.3 (from librosa==0.10.1->-r requirements.txt (line 11))
#9 4.681   Downloading numpy-2.4.1-cp312-cp312-manylinux_2_27_aarch64.manylinux_2_28_aarch64.whl.metadata (6.6 kB)
#9 4.775 Collecting scipy>=1.2.0 (from librosa==0.10.1->-r requirements.txt (line 11))
#9 4.805   Downloading scipy-1.17.0-cp312-cp312-manylinux_2_27_aarch64.manylinux_2_28_aarch64.whl.metadata (62 kB)
#9 4.892 Collecting scikit-learn>=0.20.0 (from librosa==0.10.1->-r requirements.txt (line 11))
#9 4.922   Downloading scikit_learn-1.8.0-cp312-cp312-manylinux_2_27_aarch64.manylinux_2_28_aarch64.whl.metadata (11 kB)
#9 4.968 Collecting joblib>=0.14 (from librosa==0.10.1->-r requirements.txt (line 11))
#9 5.001   Downloading joblib-1.5.3-py3-none-any.whl.metadata (5.5 kB)
#9 5.040 Collecting decorator>=4.3.0 (from librosa==0.10.1->-r requirements.txt (line 11))
#9 5.072   Downloading decorator-5.2.1-py3-none-any.whl.metadata (3.9 kB)
#9 5.113 Collecting pooch>=1.0 (from librosa==0.10.1->-r requirements.txt (line 11))
#9 5.143   Downloading pooch-1.8.2-py3-none-any.whl.metadata (10 kB)
#9 5.210 Collecting soxr>=0.3.2 (from librosa==0.10.1->-r requirements.txt (line 11))
#9 5.241   Downloading soxr-1.0.0-cp312-abi3-manylinux_2_26_aarch64.manylinux_2_28_aarch64.whl.metadata (5.6 kB)
#9 5.282 Collecting typing-extensions>=4.1.1 (from librosa==0.10.1->-r requirements.txt (line 11))
#9 5.311   Downloading typing_extensions-4.15.0-py3-none-any.whl.metadata (3.3 kB)
#9 5.346 Collecting lazy-loader>=0.1 (from librosa==0.10.1->-r requirements.txt (line 11))
#9 5.379   Downloading lazy_loader-0.4-py3-none-any.whl.metadata (7.6 kB)
#9 5.454 Collecting msgpack>=1.0 (from librosa==0.10.1->-r requirements.txt (line 11))
#9 5.482   Downloading msgpack-1.1.2-cp312-cp312-manylinux2014_aarch64.manylinux_2_17_aarch64.manylinux_2_28_aarch64.whl.metadata (8.1 kB)
#9 5.565 Collecting cffi>=1.0 (from soundfile==0.12.1->-r requirements.txt (line 12))
#9 5.595   Downloading cffi-2.0.0-cp312-cp312-manylinux2014_aarch64.manylinux_2_17_aarch64.whl.metadata (2.6 kB)
#9 5.661 Collecting llvmlite<0.43,>=0.42.0dev0 (from numba==0.59.0->-r requirements.txt (line 13))
#9 5.697   Downloading llvmlite-0.42.0-cp312-cp312-manylinux_2_17_aarch64.manylinux2014_aarch64.whl.metadata (4.8 kB)
#9 5.709 Collecting numpy!=1.22.0,!=1.22.1,!=1.22.2,>=1.20.3 (from librosa==0.10.1->-r requirements.txt (line 11))
#9 5.742   Downloading numpy-1.26.4-cp312-cp312-manylinux_2_17_aarch64.manylinux2014_aarch64.whl.metadata (62 kB)
#9 5.807 Collecting bcrypt>=3.1.0 (from passlib[bcrypt]==1.7.4->-r requirements.txt (line 7))
#9 5.838   Downloading bcrypt-5.0.0-cp39-abi3-manylinux_2_34_aarch64.whl.metadata (10 kB)
#9 5.993 Collecting cryptography>=3.4.0 (from python-jose[cryptography]==3.3.0->-r requirements.txt (line 6))
#9 6.021   Downloading cryptography-46.0.3-cp311-abi3-manylinux_2_34_aarch64.whl.metadata (5.7 kB)
#9 6.062 Collecting h11>=0.16 (from httpcore==1.*->httpx==0.26.0->-r requirements.txt (line 10))
#9 6.094   Downloading h11-0.16.0-py3-none-any.whl.metadata (8.3 kB)
#9 6.164 Collecting starlette<0.39.0,>=0.37.2 (from fastapi<0.115.0,>=0.109.0->-r requirements.txt (line 1))
#9 6.194   Downloading starlette-0.38.6-py3-none-any.whl.metadata (6.0 kB)
#9 6.262 Collecting click>=7.0 (from uvicorn<0.32.0,>=0.27.0->uvicorn[standard]<0.32.0,>=0.27.0->-r requirements.txt (line 2))
#9 6.298   Downloading click-8.3.1-py3-none-any.whl.metadata (2.6 kB)
#9 6.390 Collecting greenlet>=1 (from sqlalchemy<2.1.0,>=2.0.25->-r requirements.txt (line 3))
#9 6.418   Downloading greenlet-3.3.0-cp312-cp312-manylinux_2_24_aarch64.manylinux_2_28_aarch64.whl.metadata (4.1 kB)
#9 6.457 Collecting annotated-types>=0.6.0 (from pydantic<3.0.0,>=2.6.0->-r requirements.txt (line 4))
#9 6.486   Downloading annotated_types-0.7.0-py3-none-any.whl.metadata (15 kB)
#9 6.896 Collecting pydantic-core==2.41.5 (from pydantic<3.0.0,>=2.6.0->-r requirements.txt (line 4))
#9 6.926   Downloading pydantic_core-2.41.5-cp312-cp312-manylinux_2_17_aarch64.manylinux2014_aarch64.whl.metadata (7.3 kB)
#9 6.961 Collecting typing-inspection>=0.4.2 (from pydantic<3.0.0,>=2.6.0->-r requirements.txt (line 4))
#9 6.996   Downloading typing_inspection-0.4.2-py3-none-any.whl.metadata (2.6 kB)
#9 7.057 Collecting python-dotenv>=0.21.0 (from pydantic-settings<3.0.0,>=2.1.0->-r requirements.txt (line 5))
#9 7.086   Downloading python_dotenv-1.2.1-py3-none-any.whl.metadata (25 kB)
#9 7.124 Collecting iniconfig>=1.0.1 (from pytest>=7.4.0->-r requirements.txt (line 14))
#9 7.157   Downloading iniconfig-2.3.0-py3-none-any.whl.metadata (2.5 kB)
#9 7.197 Collecting packaging>=22 (from pytest>=7.4.0->-r requirements.txt (line 14))
#9 7.230   Downloading packaging-25.0-py3-none-any.whl.metadata (3.3 kB)
#9 7.266 Collecting pluggy<2,>=1.5 (from pytest>=7.4.0->-r requirements.txt (line 14))
#9 7.297   Downloading pluggy-1.6.0-py3-none-any.whl.metadata (4.8 kB)
#9 7.344 Collecting pygments>=2.7.2 (from pytest>=7.4.0->-r requirements.txt (line 14))
#9 7.376   Downloading pygments-2.19.2-py3-none-any.whl.metadata (2.5 kB)
#9 7.440 Collecting httptools>=0.5.0 (from uvicorn[standard]<0.32.0,>=0.27.0->-r requirements.txt (line 2))
#9 7.471   Downloading httptools-0.7.1-cp312-cp312-manylinux2014_aarch64.manylinux_2_17_aarch64.manylinux_2_28_aarch64.whl.metadata (3.5 kB)
#9 7.527 Collecting pyyaml>=5.1 (from uvicorn[standard]<0.32.0,>=0.27.0->-r requirements.txt (line 2))
#9 7.558   Downloading pyyaml-6.0.3-cp312-cp312-manylinux2014_aarch64.manylinux_2_17_aarch64.manylinux_2_28_aarch64.whl.metadata (2.4 kB)
#9 7.657 Collecting uvloop!=0.15.0,!=0.15.1,>=0.14.0 (from uvicorn[standard]<0.32.0,>=0.27.0->-r requirements.txt (line 2))
#9 7.690   Downloading uvloop-0.22.1-cp312-cp312-manylinux2014_aarch64.manylinux_2_17_aarch64.manylinux_2_28_aarch64.whl.metadata (4.9 kB)
#9 7.756 Collecting watchfiles>=0.13 (from uvicorn[standard]<0.32.0,>=0.27.0->-r requirements.txt (line 2))
#9 7.784   Downloading watchfiles-1.1.1-cp312-cp312-manylinux_2_17_aarch64.manylinux2014_aarch64.whl.metadata (4.9 kB)
#9 7.861 Collecting websockets>=10.4 (from uvicorn[standard]<0.32.0,>=0.27.0->-r requirements.txt (line 2))
#9 7.893   Downloading websockets-16.0-cp312-cp312-manylinux2014_aarch64.manylinux_2_17_aarch64.manylinux_2_28_aarch64.whl.metadata (6.8 kB)
#9 7.931 Collecting python-dateutil<3.0.0,>=2.1 (from botocore<1.35.0,>=1.34.34->boto3==1.34.34->-r requirements.txt (line 9))
#9 7.961   Downloading python_dateutil-2.9.0.post0-py2.py3-none-any.whl.metadata (8.4 kB)
#9 8.013 Collecting urllib3!=2.2.0,<3,>=1.25.4 (from botocore<1.35.0,>=1.34.34->boto3==1.34.34->-r requirements.txt (line 9))
#9 8.042   Downloading urllib3-2.6.3-py3-none-any.whl.metadata (6.9 kB)
#9 8.082 Collecting pycparser (from cffi>=1.0->soundfile==0.12.1->-r requirements.txt (line 12))
#9 8.111   Downloading pycparser-2.23-py3-none-any.whl.metadata (993 bytes)
#9 8.155 Collecting six>=1.9.0 (from ecdsa!=0.15->python-jose==3.3.0->python-jose[cryptography]==3.3.0->-r requirements.txt (line 6))
#9 8.200   Downloading six-1.17.0-py2.py3-none-any.whl.metadata (1.7 kB)
#9 8.254 Collecting platformdirs>=2.5.0 (from pooch>=1.0->librosa==0.10.1->-r requirements.txt (line 11))
#9 8.285   Downloading platformdirs-4.5.1-py3-none-any.whl.metadata (12 kB)
#9 8.339 Collecting requests>=2.19.0 (from pooch>=1.0->librosa==0.10.1->-r requirements.txt (line 11))
#9 8.366   Downloading requests-2.32.5-py3-none-any.whl.metadata (4.9 kB)
#9 8.538 Collecting threadpoolctl>=3.2.0 (from scikit-learn>=0.20.0->librosa==0.10.1->-r requirements.txt (line 11))
#9 8.569   Downloading threadpoolctl-3.6.0-py3-none-any.whl.metadata (13 kB)
#9 8.677 Collecting charset_normalizer<4,>=2 (from requests>=2.19.0->pooch>=1.0->librosa==0.10.1->-r requirements.txt (line 11))
#9 8.710   Downloading charset_normalizer-3.4.4-cp312-cp312-manylinux2014_aarch64.manylinux_2_17_aarch64.manylinux_2_28_aarch64.whl.metadata (37 kB)
#9 8.766 Downloading python_jose-3.3.0-py2.py3-none-any.whl (33 kB)
#9 8.807 Downloading passlib-1.7.4-py2.py3-none-any.whl (525 kB)
#9 8.866    ━━━━━━━━━━━━━━━━━━━━━━━━━━━━━━━━━━━━━━━━ 525.6/525.6 kB 14.0 MB/s eta 0:00:00
#9 8.900 Downloading python_multipart-0.0.9-py3-none-any.whl (22 kB)
#9 8.936 Downloading boto3-1.34.34-py3-none-any.whl (139 kB)
#9 8.971 Downloading httpx-0.26.0-py3-none-any.whl (75 kB)
#9 9.010 Downloading librosa-0.10.1-py3-none-any.whl (253 kB)
#9 9.055 Downloading soundfile-0.12.1-py2.py3-none-any.whl (24 kB)
#9 9.228 Downloading numba-0.59.0-cp312-cp312-manylinux2014_aarch64.manylinux_2_17_aarch64.whl (3.4 MB)
#9 9.444    ━━━━━━━━━━━━━━━━━━━━━━━━━━━━━━━━━━━━━━━━ 3.4/3.4 MB 14.7 MB/s eta 0:00:00
#9 9.476 Downloading httpcore-1.0.9-py3-none-any.whl (78 kB)
#9 9.510 Downloading fastapi-0.114.2-py3-none-any.whl (94 kB)
#9 9.548 Downloading uvicorn-0.31.1-py3-none-any.whl (63 kB)
#9 9.586 Downloading sqlalchemy-2.0.45-cp312-cp312-manylinux2014_aarch64.manylinux_2_17_aarch64.manylinux_2_28_aarch64.whl (3.3 MB)
#9 9.704    ━━━━━━━━━━━━━━━━━━━━━━━━━━━━━━━━━━━━━━━━ 3.3/3.3 MB 27.1 MB/s eta 0:00:00
#9 9.739 Downloading pydantic-2.12.5-py3-none-any.whl (463 kB)
#9 9.781 Downloading pydantic_core-2.41.5-cp312-cp312-manylinux_2_17_aarch64.manylinux2014_aarch64.whl (1.9 MB)
#9 9.832    ━━━━━━━━━━━━━━━━━━━━━━━━━━━━━━━━━━━━━━━━ 1.9/1.9 MB 36.5 MB/s eta 0:00:00
#9 9.865 Downloading pydantic_settings-2.12.0-py3-none-any.whl (51 kB)
#9 9.906 Downloading pytest-9.0.2-py3-none-any.whl (374 kB)
#9 9.947 Downloading pytest_asyncio-1.3.0-py3-none-any.whl (15 kB)
#9 9.984 Downloading annotated_types-0.7.0-py3-none-any.whl (13 kB)
#9 10.02 Downloading audioread-3.1.0-py3-none-any.whl (23 kB)
#9 10.07 Downloading bcrypt-5.0.0-cp39-abi3-manylinux_2_34_aarch64.whl (275 kB)
#9 10.12 Downloading botocore-1.34.162-py3-none-any.whl (12.5 MB)
#9 10.52    ━━━━━━━━━━━━━━━━━━━━━━━━━━━━━━━━━━━━━━━━ 12.5/12.5 MB 30.5 MB/s eta 0:00:00
#9 10.55 Downloading cffi-2.0.0-cp312-cp312-manylinux2014_aarch64.manylinux_2_17_aarch64.whl (220 kB)
#9 10.60 Downloading click-8.3.1-py3-none-any.whl (108 kB)
#9 10.64 Downloading cryptography-46.0.3-cp311-abi3-manylinux_2_34_aarch64.whl (4.3 MB)
#9 10.73    ━━━━━━━━━━━━━━━━━━━━━━━━━━━━━━━━━━━━━━━━ 4.3/4.3 MB 50.7 MB/s eta 0:00:00
#9 10.76 Downloading decorator-5.2.1-py3-none-any.whl (9.2 kB)
#9 10.79 Downloading ecdsa-0.19.1-py2.py3-none-any.whl (150 kB)
#9 10.84 Downloading greenlet-3.3.0-cp312-cp312-manylinux_2_24_aarch64.manylinux_2_28_aarch64.whl (597 kB)
#9 10.85    ━━━━━━━━━━━━━━━━━━━━━━━━━━━━━━━━━━━━━━━━ 597.3/597.3 kB 46.9 MB/s eta 0:00:00
#9 10.89 Downloading h11-0.16.0-py3-none-any.whl (37 kB)
#9 10.94 Downloading httptools-0.7.1-cp312-cp312-manylinux2014_aarch64.manylinux_2_17_aarch64.manylinux_2_28_aarch64.whl (511 kB)
#9 10.98 Downloading iniconfig-2.3.0-py3-none-any.whl (7.5 kB)
#9 11.02 Downloading jmespath-1.0.1-py3-none-any.whl (20 kB)
#9 11.05 Downloading joblib-1.5.3-py3-none-any.whl (309 kB)
#9 11.10 Downloading lazy_loader-0.4-py3-none-any.whl (12 kB)
#9 11.23 Downloading llvmlite-0.42.0-cp312-cp312-manylinux_2_17_aarch64.manylinux2014_aarch64.whl (42.8 MB)
#9 15.97    ━━━━━━━━━━━━━━━━━━━━━━━━━━━━━━━━━━━━━━━━ 42.8/42.8 MB 9.0 MB/s eta 0:00:00
#9 16.01 Downloading msgpack-1.1.2-cp312-cp312-manylinux2014_aarch64.manylinux_2_17_aarch64.manylinux_2_28_aarch64.whl (417 kB)
#9 16.14 Downloading numpy-1.26.4-cp312-cp312-manylinux_2_17_aarch64.manylinux2014_aarch64.whl (13.9 MB)
#9 16.46    ━━━━━━━━━━━━━━━━━━━━━━━━━━━━━━━━━━━━━━━━ 13.9/13.9 MB 47.7 MB/s eta 0:00:00
#9 16.49 Downloading packaging-25.0-py3-none-any.whl (66 kB)
#9 16.53 Downloading pluggy-1.6.0-py3-none-any.whl (20 kB)
#9 16.56 Downloading pooch-1.8.2-py3-none-any.whl (64 kB)
#9 16.60 Downloading pygments-2.19.2-py3-none-any.whl (1.2 MB)
#9 16.62    ━━━━━━━━━━━━━━━━━━━━━━━━━━━━━━━━━━━━━━━━ 1.2/1.2 MB 81.2 MB/s eta 0:00:00
#9 16.65 Downloading python_dotenv-1.2.1-py3-none-any.whl (21 kB)
#9 16.71 Downloading pyyaml-6.0.3-cp312-cp312-manylinux2014_aarch64.manylinux_2_17_aarch64.manylinux_2_28_aarch64.whl (775 kB)
#9 16.71    ━━━━━━━━━━━━━━━━━━━━━━━━━━━━━━━━━━━━━━━ 775.1/775.1 kB 179.1 MB/s eta 0:00:00
#9 16.74 Downloading s3transfer-0.10.4-py3-none-any.whl (83 kB)
#9 16.78 Downloading scikit_learn-1.8.0-cp312-cp312-manylinux_2_27_aarch64.manylinux_2_28_aarch64.whl (8.7 MB)
#9 16.92    ━━━━━━━━━━━━━━━━━━━━━━━━━━━━━━━━━━━━━━━━ 8.7/8.7 MB 63.9 MB/s eta 0:00:00
#9 16.96 Downloading scipy-1.17.0-cp312-cp312-manylinux_2_27_aarch64.manylinux_2_28_aarch64.whl (32.7 MB)
#9 17.79    ━━━━━━━━━━━━━━━━━━━━━━━━━━━━━━━━━━━━━━━━ 32.7/32.7 MB 39.0 MB/s eta 0:00:00
#9 17.82 Downloading soxr-1.0.0-cp312-abi3-manylinux_2_26_aarch64.manylinux_2_28_aarch64.whl (204 kB)
#9 17.86 Downloading starlette-0.38.6-py3-none-any.whl (71 kB)
#9 17.90 Downloading anyio-4.12.1-py3-none-any.whl (113 kB)
#9 17.93 Downloading idna-3.11-py3-none-any.whl (71 kB)
#9 17.97 Downloading typing_extensions-4.15.0-py3-none-any.whl (44 kB)
#9 18.01 Downloading typing_inspection-0.4.2-py3-none-any.whl (14 kB)
#9 18.04 Downloading uvloop-0.22.1-cp312-cp312-manylinux2014_aarch64.manylinux_2_17_aarch64.manylinux_2_28_aarch64.whl (4.3 MB)
#9 18.12    ━━━━━━━━━━━━━━━━━━━━━━━━━━━━━━━━━━━━━━━━ 4.3/4.3 MB 58.5 MB/s eta 0:00:00
#9 18.15 Downloading watchfiles-1.1.1-cp312-cp312-manylinux_2_17_aarch64.manylinux2014_aarch64.whl (449 kB)
#9 18.20 Downloading websockets-16.0-cp312-cp312-manylinux2014_aarch64.manylinux_2_17_aarch64.manylinux_2_28_aarch64.whl (186 kB)
#9 18.24 Downloading certifi-2026.1.4-py3-none-any.whl (152 kB)
#9 18.29 Downloading pyasn1-0.6.1-py3-none-any.whl (83 kB)
#9 18.34 Downloading rsa-4.9.1-py3-none-any.whl (34 kB)
#9 18.38 Downloading sniffio-1.3.1-py3-none-any.whl (10 kB)
#9 18.41 Downloading platformdirs-4.5.1-py3-none-any.whl (18 kB)
#9 18.45 Downloading python_dateutil-2.9.0.post0-py2.py3-none-any.whl (229 kB)
#9 18.49 Downloading requests-2.32.5-py3-none-any.whl (64 kB)
#9 18.53 Downloading six-1.17.0-py2.py3-none-any.whl (11 kB)
#9 18.56 Downloading threadpoolctl-3.6.0-py3-none-any.whl (18 kB)
#9 18.68 Downloading urllib3-2.6.3-py3-none-any.whl (131 kB)
#9 18.71 Downloading pycparser-2.23-py3-none-any.whl (118 kB)
#9 18.77 Downloading charset_normalizer-3.4.4-cp312-cp312-manylinux2014_aarch64.manylinux_2_17_aarch64.manylinux_2_28_aarch64.whl (148 kB)
#9 19.04 Installing collected packages: passlib, websockets, uvloop, urllib3, typing-extensions, threadpoolctl, sniffio, six, pyyaml, python-multipart, python-dotenv, pygments, pycparser, pyasn1, pluggy, platformdirs, packaging, numpy, msgpack, llvmlite, joblib, jmespath, iniconfig, idna, httptools, h11, greenlet, decorator, click, charset_normalizer, certifi, bcrypt, audioread, annotated-types, uvicorn, typing-inspection, sqlalchemy, soxr, scipy, rsa, requests, python-dateutil, pytest, pydantic-core, numba, lazy-loader, httpcore, ecdsa, cffi, anyio, watchfiles, starlette, soundfile, scikit-learn, python-jose, pytest-asyncio, pydantic, pooch, httpx, cryptography, botocore, s3transfer, pydantic-settings, librosa, fastapi, boto3
#9 31.36 WARNING: Running pip as the 'root' user can result in broken permissions and conflicting behaviour with the system package manager, possibly rendering your system unusable. It is recommended to use a virtual environment instead: https://pip.pypa.io/warnings/venv. Use the --root-user-action option if you know what you are doing and want to suppress this warning.
#9 31.36 Successfully installed annotated-types-0.7.0 anyio-4.12.1 audioread-3.1.0 bcrypt-5.0.0 boto3-1.34.34 botocore-1.34.162 certifi-2026.1.4 cffi-2.0.0 charset_normalizer-3.4.4 click-8.3.1 cryptography-46.0.3 decorator-5.2.1 ecdsa-0.19.1 fastapi-0.114.2 greenlet-3.3.0 h11-0.16.0 httpcore-1.0.9 httptools-0.7.1 httpx-0.26.0 idna-3.11 iniconfig-2.3.0 jmespath-1.0.1 joblib-1.5.3 lazy-loader-0.4 librosa-0.10.1 llvmlite-0.42.0 msgpack-1.1.2 numba-0.59.0 numpy-1.26.4 packaging-25.0 passlib-1.7.4 platformdirs-4.5.1 pluggy-1.6.0 pooch-1.8.2 pyasn1-0.6.1 pycparser-2.23 pydantic-2.12.5 pydantic-core-2.41.5 pydantic-settings-2.12.0 pygments-2.19.2 pytest-9.0.2 pytest-asyncio-1.3.0 python-dateutil-2.9.0.post0 python-dotenv-1.2.1 python-jose-3.3.0 python-multipart-0.0.9 pyyaml-6.0.3 requests-2.32.5 rsa-4.9.1 s3transfer-0.10.4 scikit-learn-1.8.0 scipy-1.17.0 six-1.17.0 sniffio-1.3.1 soundfile-0.12.1 soxr-1.0.0 sqlalchemy-2.0.45 starlette-0.38.6 threadpoolctl-3.6.0 typing-extensions-4.15.0 typing-inspection-0.4.2 urllib3-2.6.3 uvicorn-0.31.1 uvloop-0.22.1 watchfiles-1.1.1 websockets-16.0
#9 31.54 
#9 31.54 [notice] A new release of pip is available: 25.0.1 -> 25.3
#9 31.54 [notice] To update, run: pip install --upgrade pip
#9 DONE 32.2s

#10 [6/6] COPY app/ ./app/
#10 DONE 0.0s

#11 exporting to image
#11 exporting layers
#11 exporting layers 2.3s done
#11 writing image sha256:9068b05a837119ec56351f7cce35e50fc702b4c21644607a2a7a1babfb2f1c1f
#11 writing image sha256:9068b05a837119ec56351f7cce35e50fc702b4c21644607a2a7a1babfb2f1c1f done
#11 naming to docker.io/library/cdkasset-e11e863af2029fb4f9a1d67e4ce3e4b17a8099c44323dadd56148f106371eb4c done
#11 DONE 2.3s
RiamLmsStack:  success: Built e11e863af2029fb4f9a1d67e4ce3e4b17a8099c44323dadd56148f106371eb4c:682190641149-us-west-2
RiamLmsStack:  start: Publishing e11e863af2029fb4f9a1d67e4ce3e4b17a8099c44323dadd56148f106371eb4c:682190641149-us-west-2
The push refers to repository [682190641149.dkr.ecr.us-west-2.amazonaws.com/cdk-hnb659fds-container-assets-682190641149-us-west-2]
1cbe75c57b56: Preparing
a0aa6bcfadc5: Preparing
34fd3e328519: Preparing
15399e50f654: Preparing
cc86bd68f5b3: Preparing
8d21b341f65b: Preparing
42702bccb13c: Preparing
b38b164ba43e: Preparing
37127a0fa4c7: Preparing
8d21b341f65b: Waiting
42702bccb13c: Waiting
b38b164ba43e: Waiting
37127a0fa4c7: Waiting
34fd3e328519: Pushed
cc86bd68f5b3: Pushed
1cbe75c57b56: Pushed
8d21b341f65b: Pushed
b38b164ba43e: Pushed
42702bccb13c: Pushed
37127a0fa4c7: Pushed
a0aa6bcfadc5: Pushed
15399e50f654: Pushed
e11e863af2029fb4f9a1d67e4ce3e4b17a8099c44323dadd56148f106371eb4c: digest: sha256:a4209dbb2e8a2dc4d34524403589ffbf8a97b9096e34f0c1d11e9db90f5d13d8 size: 2207
RiamLmsStack:  success: Published e11e863af2029fb4f9a1d67e4ce3e4b17a8099c44323dadd56148f106371eb4c:682190641149-us-west-2
RiamLmsStack: deploying... [1/1]
RiamLmsStack: creating CloudFormation changeset...
RiamLmsStack |  0/34 | 23:31:27 | CREATE_IN_PROGRESS   | AWS::EC2::SecurityGroup                         | RiamLmsService/LB/SecurityGroup (RiamLmsServiceLBSecurityGroupD3E8E05C) Resource creation Initiated
RiamLmsStack |  0/34 | 23:31:13 | REVIEW_IN_PROGRESS   | AWS::CloudFormation::Stack                      | RiamLmsStack User Initiated
RiamLmsStack |  0/34 | 23:31:21 | CREATE_IN_PROGRESS   | AWS::CloudFormation::Stack                      | RiamLmsStack User Initiated
RiamLmsStack |  0/34 | 23:31:25 | CREATE_IN_PROGRESS   | AWS::IAM::Role                                  | Custom::S3AutoDeleteObjectsCustomResourceProvider/Role (CustomS3AutoDeleteObjectsCustomResourceProviderRole3B1BD092) 
RiamLmsStack |  0/34 | 23:31:25 | CREATE_IN_PROGRESS   | AWS::CloudFront::CloudFrontOriginAccessIdentity | UiOAI (UiOAIAE97058F) 
RiamLmsStack |  0/34 | 23:31:25 | CREATE_IN_PROGRESS   | AWS::Lambda::LayerVersion                       | UiDeployment/AwsCliLayer (UiDeploymentAwsCliLayer64A90B53) 
RiamLmsStack |  0/34 | 23:31:25 | CREATE_IN_PROGRESS   | AWS::IAM::Role                                  | RiamLmsService/TaskDef/ExecutionRole (RiamLmsServiceTaskDefExecutionRole06AE8C0E) 
RiamLmsStack |  0/34 | 23:31:25 | CREATE_IN_PROGRESS   | AWS::ECS::Cluster                               | RiamLmsCluster (RiamLmsClusterDDCCB31A) 
RiamLmsStack |  0/34 | 23:31:25 | CREATE_IN_PROGRESS   | AWS::S3::Bucket                                 | UiBucket (UiBucket6890E4C3) 
RiamLmsStack |  0/34 | 23:31:25 | CREATE_IN_PROGRESS   | AWS::ElasticLoadBalancingV2::TargetGroup        | RiamLmsService/LB/PublicListener/ECSGroup (RiamLmsServiceLBPublicListenerECSGroupB1128F6C) 
RiamLmsStack |  0/34 | 23:31:25 | CREATE_IN_PROGRESS   | AWS::S3::Bucket                                 | RecordingsBucket (RecordingsBucketAA52F499) 
RiamLmsStack |  0/34 | 23:31:25 | CREATE_IN_PROGRESS   | AWS::Logs::LogGroup                             | RiamLmsService/TaskDef/web/LogGroup (RiamLmsServiceTaskDefwebLogGroup87A05590) 
RiamLmsStack |  0/34 | 23:31:25 | CREATE_IN_PROGRESS   | AWS::IAM::Role                                  | Custom::CDKBucketDeployment8693BB64968944B69AAFB0CC9EB8756C/ServiceRole (CustomCDKBucketDeployment8693BB64968944B69AAFB0CC9EB8756CServiceRole89A01265) 
RiamLmsStack |  0/34 | 23:31:25 | CREATE_IN_PROGRESS   | AWS::IAM::Role                                  | RiamLmsService/TaskDef/TaskRole (RiamLmsServiceTaskDefTaskRoleCA85C930) 
RiamLmsStack |  0/34 | 23:31:25 | CREATE_IN_PROGRESS   | AWS::CDK::Metadata                              | CDKMetadata/Default (CDKMetadata) 
RiamLmsStack |  0/34 | 23:31:25 | CREATE_IN_PROGRESS   | AWS::EC2::SecurityGroup                         | RiamLmsService/LB/SecurityGroup (RiamLmsServiceLBSecurityGroupD3E8E05C) 
RiamLmsStack |  0/34 | 23:31:26 | CREATE_IN_PROGRESS   | AWS::IAM::Role                                  | RiamLmsService/TaskDef/TaskRole (RiamLmsServiceTaskDefTaskRoleCA85C930) Resource creation Initiated
RiamLmsStack |  0/34 | 23:31:26 | CREATE_IN_PROGRESS   | AWS::Logs::LogGroup                             | RiamLmsService/TaskDef/web/LogGroup (RiamLmsServiceTaskDefwebLogGroup87A05590) Resource creation Initiated
RiamLmsStack |  0/34 | 23:31:26 | CREATE_IN_PROGRESS   | AWS::IAM::Role                                  | Custom::S3AutoDeleteObjectsCustomResourceProvider/Role (CustomS3AutoDeleteObjectsCustomResourceProviderRole3B1BD092) Resource creation Initiated
RiamLmsStack |  0/34 | 23:31:26 | CREATE_IN_PROGRESS   | AWS::CDK::Metadata                              | CDKMetadata/Default (CDKMetadata) Resource creation Initiated
RiamLmsStack |  0/34 | 23:31:26 | CREATE_IN_PROGRESS   | AWS::IAM::Role                                  | RiamLmsService/TaskDef/ExecutionRole (RiamLmsServiceTaskDefExecutionRole06AE8C0E) Resource creation Initiated
RiamLmsStack |  0/34 | 23:31:26 | CREATE_IN_PROGRESS   | AWS::CloudFront::CloudFrontOriginAccessIdentity | UiOAI (UiOAIAE97058F) Resource creation Initiated
RiamLmsStack |  1/34 | 23:31:26 | CREATE_COMPLETE      | AWS::CDK::Metadata                              | CDKMetadata/Default (CDKMetadata) 
RiamLmsStack |  1/34 | 23:31:26 | CREATE_IN_PROGRESS   | AWS::IAM::Role                                  | Custom::CDKBucketDeployment8693BB64968944B69AAFB0CC9EB8756C/ServiceRole (CustomCDKBucketDeployment8693BB64968944B69AAFB0CC9EB8756CServiceRole89A01265) Resource creation Initiated
RiamLmsStack |  1/34 | 23:31:26 | CREATE_IN_PROGRESS   | AWS::ElasticLoadBalancingV2::TargetGroup        | RiamLmsService/LB/PublicListener/ECSGroup (RiamLmsServiceLBPublicListenerECSGroupB1128F6C) Resource creation Initiated
RiamLmsStack |  1/34 | 23:31:26 | CREATE_IN_PROGRESS   | AWS::S3::Bucket                                 | UiBucket (UiBucket6890E4C3) Resource creation Initiated
RiamLmsStack |  1/34 | 23:31:26 | CREATE_IN_PROGRESS   | AWS::S3::Bucket                                 | RecordingsBucket (RecordingsBucketAA52F499) Resource creation Initiated
RiamLmsStack |  1/34 | 23:31:26 | CREATE_IN_PROGRESS   | AWS::ECS::Cluster                               | RiamLmsCluster (RiamLmsClusterDDCCB31A) Resource creation Initiated
RiamLmsStack |  2/34 | 23:31:26 | CREATE_COMPLETE      | AWS::CloudFront::CloudFrontOriginAccessIdentity | UiOAI (UiOAIAE97058F) 
RiamLmsStack |  2/34 | 23:31:27 | CREATE_IN_PROGRESS   | AWS::ECS::Cluster                               | RiamLmsCluster (RiamLmsClusterDDCCB31A) Eventual consistency check initiated
RiamLmsStack |  3/34 | 23:31:30 | CREATE_COMPLETE      | AWS::ECS::Cluster                               | RiamLmsCluster (RiamLmsClusterDDCCB31A) 
RiamLmsStack |  4/34 | 23:31:32 | CREATE_COMPLETE      | AWS::Logs::LogGroup                             | RiamLmsService/TaskDef/web/LogGroup (RiamLmsServiceTaskDefwebLogGroup87A05590) 
RiamLmsStack |  4/34 | 23:31:33 | CREATE_IN_PROGRESS   | AWS::Lambda::LayerVersion                       | UiDeployment/AwsCliLayer (UiDeploymentAwsCliLayer64A90B53) Resource creation Initiated
RiamLmsStack |  5/34 | 23:31:34 | CREATE_COMPLETE      | AWS::EC2::SecurityGroup                         | RiamLmsService/LB/SecurityGroup (RiamLmsServiceLBSecurityGroupD3E8E05C) 
RiamLmsStack |  6/34 | 23:31:34 | CREATE_COMPLETE      | AWS::Lambda::LayerVersion                       | UiDeployment/AwsCliLayer (UiDeploymentAwsCliLayer64A90B53) 
RiamLmsStack |  6/34 | 23:31:34 | CREATE_IN_PROGRESS   | AWS::ElasticLoadBalancingV2::LoadBalancer       | RiamLmsService/LB (RiamLmsServiceLB97A66689) 
RiamLmsStack |  6/34 | 23:31:37 | CREATE_IN_PROGRESS   | AWS::ElasticLoadBalancingV2::LoadBalancer       | RiamLmsService/LB (RiamLmsServiceLB97A66689) Resource creation Initiated
RiamLmsStack |  7/34 | 23:31:39 | CREATE_COMPLETE      | AWS::S3::Bucket                                 | UiBucket (UiBucket6890E4C3) 
RiamLmsStack |  8/34 | 23:31:39 | CREATE_COMPLETE      | AWS::S3::Bucket                                 | RecordingsBucket (RecordingsBucketAA52F499) 
RiamLmsStack |  8/34 | 23:31:40 | CREATE_IN_PROGRESS   | AWS::CloudFront::Distribution                   | UiDistribution (UiDistribution3836E805) 
RiamLmsStack |  9/34 | 23:31:42 | CREATE_COMPLETE      | AWS::ElasticLoadBalancingV2::TargetGroup        | RiamLmsService/LB/PublicListener/ECSGroup (RiamLmsServiceLBPublicListenerECSGroupB1128F6C) 
RiamLmsStack | 10/34 | 23:31:42 | CREATE_COMPLETE      | AWS::IAM::Role                                  | Custom::S3AutoDeleteObjectsCustomResourceProvider/Role (CustomS3AutoDeleteObjectsCustomResourceProviderRole3B1BD092) 
RiamLmsStack | 11/34 | 23:31:42 | CREATE_COMPLETE      | AWS::IAM::Role                                  | RiamLmsService/TaskDef/TaskRole (RiamLmsServiceTaskDefTaskRoleCA85C930) 
RiamLmsStack | 12/34 | 23:31:42 | CREATE_COMPLETE      | AWS::IAM::Role                                  | RiamLmsService/TaskDef/ExecutionRole (RiamLmsServiceTaskDefExecutionRole06AE8C0E) 
RiamLmsStack | 13/34 | 23:31:42 | CREATE_COMPLETE      | AWS::IAM::Role                                  | Custom::CDKBucketDeployment8693BB64968944B69AAFB0CC9EB8756C/ServiceRole (CustomCDKBucketDeployment8693BB64968944B69AAFB0CC9EB8756CServiceRole89A01265) 
RiamLmsStack | 13/34 | 23:31:42 | CREATE_IN_PROGRESS   | AWS::CloudFront::Distribution                   | UiDistribution (UiDistribution3836E805) Resource creation Initiated
RiamLmsStack | 13/34 | 23:31:43 | CREATE_IN_PROGRESS   | AWS::IAM::Policy                                | RiamLmsService/TaskDef/ExecutionRole/DefaultPolicy (RiamLmsServiceTaskDefExecutionRoleDefaultPolicy5E486BF1) 
RiamLmsStack | 13/34 | 23:31:43 | CREATE_IN_PROGRESS   | AWS::Lambda::Function                           | Custom::S3AutoDeleteObjectsCustomResourceProvider/Handler (CustomS3AutoDeleteObjectsCustomResourceProviderHandler9D90184F) 
RiamLmsStack | 13/34 | 23:31:43 | CREATE_IN_PROGRESS   | AWS::IAM::Policy                                | RiamLmsService/TaskDef/TaskRole/DefaultPolicy (RiamLmsServiceTaskDefTaskRoleDefaultPolicy6CEFAFFF) 
RiamLmsStack | 13/34 | 23:31:43 | CREATE_IN_PROGRESS   | AWS::S3::BucketPolicy                           | RecordingsBucket/Policy (RecordingsBucketPolicy7D6C1F47) 
RiamLmsStack | 13/34 | 23:31:44 | CREATE_IN_PROGRESS   | AWS::IAM::Policy                                | Custom::CDKBucketDeployment8693BB64968944B69AAFB0CC9EB8756C/ServiceRole/DefaultPolicy (CustomCDKBucketDeployment8693BB64968944B69AAFB0CC9EB8756CServiceRoleDefaultPolicy88902FDF) 
RiamLmsStack | 13/34 | 23:31:44 | CREATE_IN_PROGRESS   | AWS::S3::BucketPolicy                           | UiBucket/Policy (UiBucketPolicy09DA0D65) 
RiamLmsStack | 13/34 | 23:31:44 | CREATE_IN_PROGRESS   | AWS::CloudFront::Distribution                   | UiDistribution (UiDistribution3836E805) Eventual consistency check initiated
RiamLmsStack | 13/34 | 23:31:44 | CREATE_IN_PROGRESS   | AWS::ECS::TaskDefinition                        | RiamLmsService/TaskDef (RiamLmsServiceTaskDef40248E91) 
RiamLmsStack | 13/34 | 23:31:44 | CREATE_IN_PROGRESS   | AWS::IAM::Policy                                | RiamLmsService/TaskDef/ExecutionRole/DefaultPolicy (RiamLmsServiceTaskDefExecutionRoleDefaultPolicy5E486BF1) Resource creation Initiated
RiamLmsStack | 13/34 | 23:31:44 | CREATE_IN_PROGRESS   | AWS::Lambda::Function                           | Custom::S3AutoDeleteObjectsCustomResourceProvider/Handler (CustomS3AutoDeleteObjectsCustomResourceProviderHandler9D90184F) Resource creation Initiated
RiamLmsStack | 13/34 | 23:31:44 | CREATE_IN_PROGRESS   | AWS::S3::BucketPolicy                           | RecordingsBucket/Policy (RecordingsBucketPolicy7D6C1F47) Resource creation Initiated
RiamLmsStack | 13/34 | 23:31:44 | CREATE_IN_PROGRESS   | AWS::IAM::Policy                                | RiamLmsService/TaskDef/TaskRole/DefaultPolicy (RiamLmsServiceTaskDefTaskRoleDefaultPolicy6CEFAFFF) Resource creation Initiated
RiamLmsStack | 13/34 | 23:31:45 | CREATE_IN_PROGRESS   | AWS::IAM::Policy                                | Custom::CDKBucketDeployment8693BB64968944B69AAFB0CC9EB8756C/ServiceRole/DefaultPolicy (CustomCDKBucketDeployment8693BB64968944B69AAFB0CC9EB8756CServiceRoleDefaultPolicy88902FDF) Resource creation Initiated
RiamLmsStack | 13/34 | 23:31:45 | CREATE_IN_PROGRESS   | AWS::S3::BucketPolicy                           | UiBucket/Policy (UiBucketPolicy09DA0D65) Resource creation Initiated
RiamLmsStack | 14/34 | 23:31:45 | CREATE_COMPLETE      | AWS::S3::BucketPolicy                           | RecordingsBucket/Policy (RecordingsBucketPolicy7D6C1F47) 
RiamLmsStack | 14/34 | 23:31:45 | CREATE_IN_PROGRESS   | AWS::ECS::TaskDefinition                        | RiamLmsService/TaskDef (RiamLmsServiceTaskDef40248E91) Resource creation Initiated
RiamLmsStack | 15/34 | 23:31:45 | CREATE_COMPLETE      | AWS::S3::BucketPolicy                           | UiBucket/Policy (UiBucketPolicy09DA0D65) 
RiamLmsStack | 16/34 | 23:31:45 | CREATE_COMPLETE      | AWS::ECS::TaskDefinition                        | RiamLmsService/TaskDef (RiamLmsServiceTaskDef40248E91) 
RiamLmsStack | 16/34 | 23:31:45 | CREATE_IN_PROGRESS   | AWS::Lambda::Function                           | Custom::S3AutoDeleteObjectsCustomResourceProvider/Handler (CustomS3AutoDeleteObjectsCustomResourceProviderHandler9D90184F) Eventual consistency check initiated
RiamLmsStack | 17/34 | 23:31:50 | CREATE_COMPLETE      | AWS::Lambda::Function                           | Custom::S3AutoDeleteObjectsCustomResourceProvider/Handler (CustomS3AutoDeleteObjectsCustomResourceProviderHandler9D90184F) 
RiamLmsStack | 17/34 | 23:31:51 | CREATE_IN_PROGRESS   | Custom::S3AutoDeleteObjects                     | UiBucket/AutoDeleteObjectsCustomResource/Default (UiBucketAutoDeleteObjectsCustomResourceE3F28A4B) 
RiamLmsStack | 17/34 | 23:31:51 | CREATE_IN_PROGRESS   | Custom::S3AutoDeleteObjects                     | RecordingsBucket/AutoDeleteObjectsCustomResource/Default (RecordingsBucketAutoDeleteObjectsCustomResource0D202F09) 
RiamLmsStack | 17/34 | 23:31:54 | CREATE_IN_PROGRESS   | Custom::S3AutoDeleteObjects                     | RecordingsBucket/AutoDeleteObjectsCustomResource/Default (RecordingsBucketAutoDeleteObjectsCustomResource0D202F09) Resource creation Initiated
RiamLmsStack | 17/34 | 23:31:54 | CREATE_IN_PROGRESS   | Custom::S3AutoDeleteObjects                     | UiBucket/AutoDeleteObjectsCustomResource/Default (UiBucketAutoDeleteObjectsCustomResourceE3F28A4B) Resource creation Initiated
RiamLmsStack | 18/34 | 23:31:54 | CREATE_COMPLETE      | Custom::S3AutoDeleteObjects                     | UiBucket/AutoDeleteObjectsCustomResource/Default (UiBucketAutoDeleteObjectsCustomResourceE3F28A4B) 
RiamLmsStack | 19/34 | 23:31:54 | CREATE_COMPLETE      | Custom::S3AutoDeleteObjects                     | RecordingsBucket/AutoDeleteObjectsCustomResource/Default (RecordingsBucketAutoDeleteObjectsCustomResource0D202F09) 
RiamLmsStack | 20/34 | 23:32:00 | CREATE_COMPLETE      | AWS::IAM::Policy                                | RiamLmsService/TaskDef/ExecutionRole/DefaultPolicy (RiamLmsServiceTaskDefExecutionRoleDefaultPolicy5E486BF1) 
RiamLmsStack | 21/34 | 23:32:00 | CREATE_COMPLETE      | AWS::IAM::Policy                                | Custom::CDKBucketDeployment8693BB64968944B69AAFB0CC9EB8756C/ServiceRole/DefaultPolicy (CustomCDKBucketDeployment8693BB64968944B69AAFB0CC9EB8756CServiceRoleDefaultPolicy88902FDF) 
RiamLmsStack | 22/34 | 23:32:00 | CREATE_COMPLETE      | AWS::IAM::Policy                                | RiamLmsService/TaskDef/TaskRole/DefaultPolicy (RiamLmsServiceTaskDefTaskRoleDefaultPolicy6CEFAFFF) 
RiamLmsStack | 22/34 | 23:32:01 | CREATE_IN_PROGRESS   | AWS::Lambda::Function                           | Custom::CDKBucketDeployment8693BB64968944B69AAFB0CC9EB8756C (CustomCDKBucketDeployment8693BB64968944B69AAFB0CC9EB8756C81C01536) 
RiamLmsStack | 22/34 | 23:32:01 | CREATE_IN_PROGRESS   | AWS::EC2::SecurityGroup                         | RiamLmsService/Service/SecurityGroup (RiamLmsServiceSecurityGroup1501F571) 
RiamLmsStack | 22/34 | 23:32:03 | CREATE_IN_PROGRESS   | AWS::Lambda::Function                           | Custom::CDKBucketDeployment8693BB64968944B69AAFB0CC9EB8756C (CustomCDKBucketDeployment8693BB64968944B69AAFB0CC9EB8756C81C01536) Resource creation Initiated
RiamLmsStack | 22/34 | 23:32:04 | CREATE_IN_PROGRESS   | AWS::Lambda::Function                           | Custom::CDKBucketDeployment8693BB64968944B69AAFB0CC9EB8756C (CustomCDKBucketDeployment8693BB64968944B69AAFB0CC9EB8756C81C01536) Eventual consistency check initiated
RiamLmsStack | 22/34 | 23:32:04 | CREATE_IN_PROGRESS   | AWS::EC2::SecurityGroup                         | RiamLmsService/Service/SecurityGroup (RiamLmsServiceSecurityGroup1501F571) Resource creation Initiated
RiamLmsStack | 23/34 | 23:32:09 | CREATE_COMPLETE      | AWS::Lambda::Function                           | Custom::CDKBucketDeployment8693BB64968944B69AAFB0CC9EB8756C (CustomCDKBucketDeployment8693BB64968944B69AAFB0CC9EB8756C81C01536) 
RiamLmsStack | 24/34 | 23:32:10 | CREATE_COMPLETE      | AWS::EC2::SecurityGroup                         | RiamLmsService/Service/SecurityGroup (RiamLmsServiceSecurityGroup1501F571) 
RiamLmsStack | 24/34 | 23:32:11 | CREATE_IN_PROGRESS   | AWS::EC2::SecurityGroupIngress                  | RiamLmsService/Service/SecurityGroup/from RiamLmsStackRiamLmsServiceLBSecurityGroupB89AC316:8000 (RiamLmsServiceSecurityGroupfromRiamLmsStackRiamLmsServiceLBSecurityGroupB89AC3168000A25B1240) 
RiamLmsStack | 24/34 | 23:32:11 | CREATE_IN_PROGRESS   | AWS::EC2::SecurityGroupEgress                   | RiamLmsService/LB/SecurityGroup/to RiamLmsStackRiamLmsServiceSecurityGroup604B60A6:8000 (RiamLmsServiceLBSecurityGrouptoRiamLmsStackRiamLmsServiceSecurityGroup604B60A6800073D2AEB7) 
RiamLmsStack | 24/34 | 23:32:12 | CREATE_IN_PROGRESS   | AWS::EC2::SecurityGroupIngress                  | RiamLmsService/Service/SecurityGroup/from RiamLmsStackRiamLmsServiceLBSecurityGroupB89AC316:8000 (RiamLmsServiceSecurityGroupfromRiamLmsStackRiamLmsServiceLBSecurityGroupB89AC3168000A25B1240) Resource creation Initiated
RiamLmsStack | 25/34 | 23:32:13 | CREATE_COMPLETE      | AWS::EC2::SecurityGroupIngress                  | RiamLmsService/Service/SecurityGroup/from RiamLmsStackRiamLmsServiceLBSecurityGroupB89AC316:8000 (RiamLmsServiceSecurityGroupfromRiamLmsStackRiamLmsServiceLBSecurityGroupB89AC3168000A25B1240) 
RiamLmsStack | 25/34 | 23:32:13 | CREATE_IN_PROGRESS   | AWS::EC2::SecurityGroupEgress                   | RiamLmsService/LB/SecurityGroup/to RiamLmsStackRiamLmsServiceSecurityGroup604B60A6:8000 (RiamLmsServiceLBSecurityGrouptoRiamLmsStackRiamLmsServiceSecurityGroup604B60A6800073D2AEB7) Resource creation Initiated
RiamLmsStack | 26/34 | 23:32:13 | CREATE_COMPLETE      | AWS::EC2::SecurityGroupEgress                   | RiamLmsService/LB/SecurityGroup/to RiamLmsStackRiamLmsServiceSecurityGroup604B60A6:8000 (RiamLmsServiceLBSecurityGrouptoRiamLmsStackRiamLmsServiceSecurityGroup604B60A6800073D2AEB7) 
26/34 Currently in progress: RiamLmsStack, RiamLmsServiceLB97A66689, UiDistribution3836E805
RiamLmsStack | 27/34 | 23:34:40 | CREATE_COMPLETE      | AWS::ElasticLoadBalancingV2::LoadBalancer       | RiamLmsService/LB (RiamLmsServiceLB97A66689) 
RiamLmsStack | 27/34 | 23:34:41 | CREATE_IN_PROGRESS   | AWS::ElasticLoadBalancingV2::Listener           | RiamLmsService/LB/PublicListener (RiamLmsServiceLBPublicListener9E124493) 
RiamLmsStack | 27/34 | 23:34:42 | CREATE_IN_PROGRESS   | AWS::ElasticLoadBalancingV2::Listener           | RiamLmsService/LB/PublicListener (RiamLmsServiceLBPublicListener9E124493) Resource creation Initiated
RiamLmsStack | 28/34 | 23:34:43 | CREATE_COMPLETE      | AWS::ElasticLoadBalancingV2::Listener           | RiamLmsService/LB/PublicListener (RiamLmsServiceLBPublicListener9E124493) 
RiamLmsStack | 28/34 | 23:34:43 | CREATE_IN_PROGRESS   | AWS::ECS::Service                               | RiamLmsService/Service/Service (RiamLmsServiceBDEB2ED9) 
RiamLmsStack | 28/34 | 23:34:45 | CREATE_IN_PROGRESS   | AWS::ECS::Service                               | RiamLmsService/Service/Service (RiamLmsServiceBDEB2ED9) Resource creation Initiated
RiamLmsStack | 29/34 | 23:35:16 | CREATE_COMPLETE      | AWS::CloudFront::Distribution                   | UiDistribution (UiDistribution3836E805) 
RiamLmsStack | 29/34 | 23:35:16 | CREATE_IN_PROGRESS   | Custom::CDKBucketDeployment                     | UiDeployment/CustomResource/Default (UiDeploymentCustomResource13C95213) 
29/34 Currently in progress: RiamLmsStack, RiamLmsServiceBDEB2ED9, UiDeploymentCustomResource13C95213
RiamLmsStack | 29/34 | 23:36:29 | CREATE_IN_PROGRESS   | Custom::CDKBucketDeployment                     | UiDeployment/CustomResource/Default (UiDeploymentCustomResource13C95213) Resource creation Initiated
RiamLmsStack | 30/34 | 23:36:29 | CREATE_COMPLETE      | Custom::CDKBucketDeployment                     | UiDeployment/CustomResource/Default (UiDeploymentCustomResource13C95213) 
30/34 Currently in progress: RiamLmsStack, RiamLmsServiceBDEB2ED9
