
✨  Synthesis time: 5.16s

RiamLmsStack:  start: Building ddcf11aac593593a2f76661209abd51c66d10ccc1ecf65a713494b2a75089a74:682190641149-us-west-2
RiamLmsStack:  success: Built ddcf11aac593593a2f76661209abd51c66d10ccc1ecf65a713494b2a75089a74:682190641149-us-west-2
RiamLmsStack:  start: Publishing ddcf11aac593593a2f76661209abd51c66d10ccc1ecf65a713494b2a75089a74:682190641149-us-west-2
RiamLmsStack:  start: Building c4c143e4468a27a0f833207840186315dc190c00e1212465c498a696de11bbbc:682190641149-us-west-2
RiamLmsStack:  success: Published ddcf11aac593593a2f76661209abd51c66d10ccc1ecf65a713494b2a75089a74:682190641149-us-west-2
#0 building with "desktop-linux" instance using docker driver

#1 [internal] load build definition from Dockerfile
#1 transferring dockerfile: 562B done
#1 DONE 0.0s

#2 [internal] load metadata for docker.io/library/python:3.12-slim
#2 DONE 1.8s

#3 [internal] load .dockerignore
#3 transferring context: 2B done
#3 DONE 0.0s

#4 [internal] load build context
#4 transferring context: 282.03kB 0.0s done
#4 DONE 0.0s

#5 [1/6] FROM docker.io/library/python:3.12-slim@sha256:d75c4b6cdd039ae966a34cd3ccab9e0e5f7299280ad76fe1744882d86eedce0b
#5 resolve docker.io/library/python:3.12-slim@sha256:d75c4b6cdd039ae966a34cd3ccab9e0e5f7299280ad76fe1744882d86eedce0b 0.0s done
#5 sha256:c78a70d7588fc2f2a6d4a9777b09c4a1a22beb89586a8de86532be0c8e9eb20f 5.68kB / 5.68kB done
#5 sha256:119d43eec815e5f9a47da3a7d59454581b1e204b0c34db86f171b7ceb3336533 0B / 29.77MB 0.1s
#5 sha256:83e2eb8c4c73235e21df3ea0ce6aa840fcb84f4cb368fb6b443a8a87d95850d0 0B / 1.29MB 0.1s
#5 sha256:671677b67e7671119d142c2f8548882641edfad92863ee1ccff2cd84c3b14a2a 0B / 12.11MB 0.1s
#5 sha256:d75c4b6cdd039ae966a34cd3ccab9e0e5f7299280ad76fe1744882d86eedce0b 10.37kB / 10.37kB done
#5 sha256:ef24548e6db34726360ab68d85d8054197c409650aa1796dd2694fcbb1e8d633 1.75kB / 1.75kB done
#5 sha256:119d43eec815e5f9a47da3a7d59454581b1e204b0c34db86f171b7ceb3336533 4.19MB / 29.77MB 0.4s
#5 sha256:119d43eec815e5f9a47da3a7d59454581b1e204b0c34db86f171b7ceb3336533 14.68MB / 29.77MB 0.6s
#5 sha256:119d43eec815e5f9a47da3a7d59454581b1e204b0c34db86f171b7ceb3336533 25.17MB / 29.77MB 0.8s
#5 sha256:83e2eb8c4c73235e21df3ea0ce6aa840fcb84f4cb368fb6b443a8a87d95850d0 1.29MB / 1.29MB 0.7s done
#5 sha256:671677b67e7671119d142c2f8548882641edfad92863ee1ccff2cd84c3b14a2a 1.05MB / 12.11MB 0.8s
#5 sha256:3d6ef8a4ce0aaaaa35261feb115464317fcb4910873cba90171f7ad544a9964e 0B / 249B 0.8s
#5 sha256:119d43eec815e5f9a47da3a7d59454581b1e204b0c34db86f171b7ceb3336533 29.77MB / 29.77MB 0.9s
#5 sha256:671677b67e7671119d142c2f8548882641edfad92863ee1ccff2cd84c3b14a2a 3.15MB / 12.11MB 0.9s
#5 sha256:119d43eec815e5f9a47da3a7d59454581b1e204b0c34db86f171b7ceb3336533 29.77MB / 29.77MB 0.9s done
#5 sha256:671677b67e7671119d142c2f8548882641edfad92863ee1ccff2cd84c3b14a2a 10.49MB / 12.11MB 1.0s
#5 extracting sha256:119d43eec815e5f9a47da3a7d59454581b1e204b0c34db86f171b7ceb3336533 0.1s
#5 sha256:671677b67e7671119d142c2f8548882641edfad92863ee1ccff2cd84c3b14a2a 12.11MB / 12.11MB 1.0s done
#5 sha256:3d6ef8a4ce0aaaaa35261feb115464317fcb4910873cba90171f7ad544a9964e 249B / 249B 1.0s done
#5 extracting sha256:119d43eec815e5f9a47da3a7d59454581b1e204b0c34db86f171b7ceb3336533 0.8s done
#5 extracting sha256:83e2eb8c4c73235e21df3ea0ce6aa840fcb84f4cb368fb6b443a8a87d95850d0 0.1s done
#5 extracting sha256:671677b67e7671119d142c2f8548882641edfad92863ee1ccff2cd84c3b14a2a
#5 extracting sha256:671677b67e7671119d142c2f8548882641edfad92863ee1ccff2cd84c3b14a2a 0.4s done
#5 extracting sha256:3d6ef8a4ce0aaaaa35261feb115464317fcb4910873cba90171f7ad544a9964e done
#5 DONE 2.4s

#6 [2/6] WORKDIR /app
#6 DONE 0.2s

#7 [3/6] RUN apt-get update && apt-get install -y     gcc     g++     libsndfile1     libsndfile1-dev     ffmpeg     && rm -rf /var/lib/apt/lists/*
#7 0.441 Hit:1 http://deb.debian.org/debian trixie InRelease
#7 0.459 Get:2 http://deb.debian.org/debian trixie-updates InRelease [47.3 kB]
#7 0.504 Get:3 http://deb.debian.org/debian-security trixie-security InRelease [43.4 kB]
#7 0.597 Get:4 http://deb.debian.org/debian trixie/main amd64 Packages [9670 kB]
#7 0.935 Get:5 http://deb.debian.org/debian trixie-updates/main amd64 Packages [5412 B]
#7 0.935 Get:6 http://deb.debian.org/debian-security trixie-security/main amd64 Packages [95.5 kB]
#7 1.782 Fetched 9862 kB in 2s (6503 kB/s)
#7 1.782 Reading package lists...
#7 2.502 Reading package lists...
#7 3.122 Building dependency tree...
#7 3.290 Reading state information...
#7 3.510 The following additional packages will be installed:
#7 3.510   adwaita-icon-theme alsa-topology-conf alsa-ucm-conf at-spi2-common
#7 3.510   at-spi2-core binutils binutils-common binutils-x86-64-linux-gnu cpp cpp-14
#7 3.510   cpp-14-x86-64-linux-gnu cpp-x86-64-linux-gnu dbus dbus-bin dbus-daemon
#7 3.510   dbus-session-bus-common dbus-system-bus-common dbus-user-session
#7 3.510   dconf-gsettings-backend dconf-service dmsetup fontconfig fontconfig-config
#7 3.510   fonts-dejavu-core fonts-dejavu-mono g++-14 g++-14-x86-64-linux-gnu
#7 3.510   g++-x86-64-linux-gnu gcc-14 gcc-14-x86-64-linux-gnu gcc-x86-64-linux-gnu
#7 3.510   gsettings-desktop-schemas gtk-update-icon-cache hicolor-icon-theme
#7 3.510   i965-va-driver intel-media-va-driver krb5-locales libaacs0 libaom3
#7 3.510   libapparmor1 libasan8 libasound2-data libasound2t64 libass9 libasyncns0
#7 3.510   libatk-bridge2.0-0t64 libatk1.0-0t64 libatomic1 libatspi2.0-0t64
#7 3.510   libavahi-client3 libavahi-common-data libavahi-common3 libavc1394-0
#7 3.510   libavcodec61 libavdevice61 libavfilter10 libavformat61 libavutil59
#7 3.510   libbdplus0 libbinutils libblas3 libbluray2 libbrotli1 libbs2b0 libc-dev-bin
#7 3.510   libc6-dev libcaca0 libcairo-gobject2 libcairo2 libcc1-0 libcdio-cdda2t64
#7 3.510   libcdio-paranoia2t64 libcdio19t64 libchromaprint1 libcjson1
#7 3.510   libcloudproviders0 libcodec2-1.2 libcolord2 libcom-err2 libcrypt-dev
#7 3.510   libcryptsetup12 libctf-nobfd0 libctf0 libcups2t64 libdatrie1 libdav1d7
#7 3.510   libdbus-1-3 libdc1394-25 libdconf1 libdecor-0-0 libdecor-0-plugin-1-gtk
#7 3.510   libdeflate0 libdevmapper1.02.1 libdrm-amdgpu1 libdrm-common libdrm-intel1
#7 3.510   libdrm2 libdvdnav4 libdvdread8t64 libedit2 libelf1t64 libepoxy0 libexpat1
#7 3.510   libfftw3-double3 libflac-dev libflac14 libflite1 libfontconfig1 libfreetype6
#7 3.510   libfribidi0 libgbm1 libgcc-14-dev libgcrypt20 libgdk-pixbuf-2.0-0
#7 3.510   libgdk-pixbuf2.0-bin libgdk-pixbuf2.0-common libgfortran5 libgl1
#7 3.510   libgl1-mesa-dri libglib2.0-0t64 libglib2.0-data libglvnd0 libglx-mesa0
#7 3.510   libglx0 libgme0 libgnutls30t64 libgomp1 libgpg-error-l10n libgpg-error0
#7 3.510   libgprofng0 libgraphite2-3 libgsm1 libgssapi-krb5-2 libgtk-3-0t64
#7 3.510   libgtk-3-bin libgtk-3-common libharfbuzz0b libhwasan0 libhwy1t64 libidn2-0
#7 3.510   libiec61883-0 libigdgmm12 libisl23 libitm1 libjack-jackd2-0 libjansson4
#7 3.510   libjbig0 libjpeg62-turbo libjson-c5 libjxl0.11 libk5crypto3 libkeyutils1
#7 3.510   libkmod2 libkrb5-3 libkrb5support0 liblapack3 liblcms2-2 liblerc4
#7 3.511   liblilv-0-0 libllvm19 liblsan0 libmbedcrypto16 libmp3lame0 libmpc3 libmpfr6
#7 3.511   libmpg123-0t64 libmpg123-dev libmysofa1 libnorm1t64 libnss-systemd libnuma1
#7 3.511   libogg-dev libogg0 libopenal-data libopenal1 libopenjp2-7 libopenmpt0t64
#7 3.511   libopus-dev libopus0 libout123-0t64 libp11-kit0 libpam-systemd
#7 3.511   libpango-1.0-0 libpangocairo-1.0-0 libpangoft2-1.0-0 libpciaccess0
#7 3.511   libpgm-5.3-0t64 libpixman-1-0 libpkgconf3 libplacebo349 libpng16-16t64
#7 3.511   libpocketsphinx3 libpostproc58 libproc2-0 libpulse0 libquadmath0
#7 3.511   librabbitmq4 librav1e0.7 libraw1394-11 librist4 librsvg2-2 librsvg2-common
#7 3.511   librubberband2 libsamplerate0 libsdl2-2.0-0 libsensors-config libsensors5
#7 3.511   libserd-0-0 libsframe1 libsharpyuv0 libshine3 libslang2 libsnappy1v5
#7 3.511   libsodium23 libsord-0-0 libsoxr0 libspeex1 libsphinxbase3t64 libsratom-0-0
#7 3.511   libsrt1.5-gnutls libssh-4 libstdc++-14-dev libsvtav1enc2 libswresample5
#7 3.511   libswscale8 libsyn123-0t64 libsystemd-shared libtasn1-6 libthai-data
#7 3.511   libthai0 libtheoradec1 libtheoraenc1 libtiff6 libtsan2 libtwolame0 libubsan1
#7 3.511   libudfread0 libunibreak6 libunistring5 libusb-1.0-0 libva-drm2 libva-x11-2
#7 3.511   libva2 libvdpau-va-gl1 libvdpau1 libvidstab1.1 libvorbis-dev libvorbis0a
#7 3.511   libvorbisenc2 libvorbisfile3 libvpl2 libvpx9 libvulkan1 libwayland-client0
#7 3.511   libwayland-cursor0 libwayland-egl1 libwayland-server0 libwebp7 libwebpmux3
#7 3.511   libx11-6 libx11-data libx11-xcb1 libx264-164 libx265-215 libxau6
#7 3.511   libxcb-dri3-0 libxcb-glx0 libxcb-present0 libxcb-randr0 libxcb-render0
#7 3.511   libxcb-shape0 libxcb-shm0 libxcb-sync1 libxcb-xfixes0 libxcb1 libxcomposite1
#7 3.511   libxcursor1 libxdamage1 libxdmcp6 libxext6 libxfixes3 libxi6 libxinerama1
#7 3.511   libxkbcommon0 libxml2 libxrandr2 libxrender1 libxshmfence1 libxss1 libxtst6
#7 3.511   libxv1 libxvidcore4 libxxf86vm1 libz3-4 libzimg2 libzix-0-0 libzmq5
#7 3.511   libzvbi-common libzvbi0t64 linux-libc-dev linux-sysctl-defaults manpages
#7 3.511   manpages-dev mesa-libgallium mesa-va-drivers mesa-vdpau-drivers
#7 3.511   mesa-vulkan-drivers ocl-icd-libopencl1 pkgconf pkgconf-bin
#7 3.512   pocketsphinx-en-us procps psmisc rpcsvc-proto shared-mime-info systemd
#7 3.512   systemd-cryptsetup systemd-sysv systemd-timesyncd va-driver-all
#7 3.512   vdpau-driver-all x11-common xdg-user-dirs xkb-data
#7 3.514 Suggested packages:
#7 3.514   adwaita-icon-theme-legacy binutils-doc gprofng-gui binutils-gold cpp-doc
#7 3.514   gcc-14-locales cpp-14-doc ffmpeg-doc g++-multilib g++-14-multilib gcc-14-doc
#7 3.514   gcc-multilib make autoconf automake libtool flex bison gdb gcc-doc
#7 3.514   gcc-14-multilib gdb-x86-64-linux-gnu i965-va-driver-shaders alsa-utils
#7 3.514   libasound2-plugins libcuda1 libnvcuvid1 libnvidia-encode1 libbluray-bdj
#7 3.514   libc-devtools glibc-doc colord cups-common libdvdcss2 libfftw3-bin
#7 3.514   libfftw3-dev rng-tools low-memory-monitor gnutls-bin krb5-doc krb5-user gvfs
#7 3.514   jackd2 liblcms2-utils libtss2-rc0t64 libportaudio2 libsndio7.0 opus-tools
#7 3.514   pciutils pulseaudio libraw1394-doc librsvg2-bin xdg-utils lm-sensors serdi
#7 3.514   sordi speex libstdc++-14-doc libarchive13t64 libbpf1 libdw1t64 libfido2-1
#7 3.514   libip4tc2 libpwquality1 libqrencode4 man-browser opencl-icd
#7 3.514   systemd-container systemd-homed systemd-userdbd systemd-boot
#7 3.514   systemd-resolved systemd-repart libtss2-tcti-device0 polkitd
#7 3.514   nvidia-vdpau-driver nvidia-tesla-440-vdpau-driver
#7 3.514   nvidia-tesla-418-vdpau-driver nvidia-legacy-390xx-vdpau-driver
#7 3.514   nvidia-legacy-340xx-vdpau-driver
#7 4.690 The following NEW packages will be installed:
#7 4.690   adwaita-icon-theme alsa-topology-conf alsa-ucm-conf at-spi2-common
#7 4.690   at-spi2-core binutils binutils-common binutils-x86-64-linux-gnu cpp cpp-14
#7 4.690   cpp-14-x86-64-linux-gnu cpp-x86-64-linux-gnu dbus dbus-bin dbus-daemon
#7 4.690   dbus-session-bus-common dbus-system-bus-common dbus-user-session
#7 4.690   dconf-gsettings-backend dconf-service dmsetup ffmpeg fontconfig
#7 4.690   fontconfig-config fonts-dejavu-core fonts-dejavu-mono g++ g++-14
#7 4.690   g++-14-x86-64-linux-gnu g++-x86-64-linux-gnu gcc gcc-14
#7 4.690   gcc-14-x86-64-linux-gnu gcc-x86-64-linux-gnu gsettings-desktop-schemas
#7 4.690   gtk-update-icon-cache hicolor-icon-theme i965-va-driver
#7 4.690   intel-media-va-driver krb5-locales libaacs0 libaom3 libapparmor1 libasan8
#7 4.690   libasound2-data libasound2t64 libass9 libasyncns0 libatk-bridge2.0-0t64
#7 4.690   libatk1.0-0t64 libatomic1 libatspi2.0-0t64 libavahi-client3
#7 4.690   libavahi-common-data libavahi-common3 libavc1394-0 libavcodec61
#7 4.690   libavdevice61 libavfilter10 libavformat61 libavutil59 libbdplus0 libbinutils
#7 4.690   libblas3 libbluray2 libbrotli1 libbs2b0 libc-dev-bin libc6-dev libcaca0
#7 4.690   libcairo-gobject2 libcairo2 libcc1-0 libcdio-cdda2t64 libcdio-paranoia2t64
#7 4.690   libcdio19t64 libchromaprint1 libcjson1 libcloudproviders0 libcodec2-1.2
#7 4.690   libcolord2 libcom-err2 libcrypt-dev libcryptsetup12 libctf-nobfd0 libctf0
#7 4.690   libcups2t64 libdatrie1 libdav1d7 libdbus-1-3 libdc1394-25 libdconf1
#7 4.690   libdecor-0-0 libdecor-0-plugin-1-gtk libdeflate0 libdevmapper1.02.1
#7 4.690   libdrm-amdgpu1 libdrm-common libdrm-intel1 libdrm2 libdvdnav4 libdvdread8t64
#7 4.690   libedit2 libelf1t64 libepoxy0 libexpat1 libfftw3-double3 libflac-dev
#7 4.690   libflac14 libflite1 libfontconfig1 libfreetype6 libfribidi0 libgbm1
#7 4.690   libgcc-14-dev libgcrypt20 libgdk-pixbuf-2.0-0 libgdk-pixbuf2.0-bin
#7 4.690   libgdk-pixbuf2.0-common libgfortran5 libgl1 libgl1-mesa-dri libglib2.0-0t64
#7 4.690   libglib2.0-data libglvnd0 libglx-mesa0 libglx0 libgme0 libgnutls30t64
#7 4.690   libgomp1 libgpg-error-l10n libgpg-error0 libgprofng0 libgraphite2-3 libgsm1
#7 4.690   libgssapi-krb5-2 libgtk-3-0t64 libgtk-3-bin libgtk-3-common libharfbuzz0b
#7 4.690   libhwasan0 libhwy1t64 libidn2-0 libiec61883-0 libigdgmm12 libisl23 libitm1
#7 4.690   libjack-jackd2-0 libjansson4 libjbig0 libjpeg62-turbo libjson-c5 libjxl0.11
#7 4.690   libk5crypto3 libkeyutils1 libkmod2 libkrb5-3 libkrb5support0 liblapack3
#7 4.691   liblcms2-2 liblerc4 liblilv-0-0 libllvm19 liblsan0 libmbedcrypto16
#7 4.691   libmp3lame0 libmpc3 libmpfr6 libmpg123-0t64 libmpg123-dev libmysofa1
#7 4.691   libnorm1t64 libnss-systemd libnuma1 libogg-dev libogg0 libopenal-data
#7 4.691   libopenal1 libopenjp2-7 libopenmpt0t64 libopus-dev libopus0 libout123-0t64
#7 4.691   libp11-kit0 libpam-systemd libpango-1.0-0 libpangocairo-1.0-0
#7 4.691   libpangoft2-1.0-0 libpciaccess0 libpgm-5.3-0t64 libpixman-1-0 libpkgconf3
#7 4.691   libplacebo349 libpng16-16t64 libpocketsphinx3 libpostproc58 libproc2-0
#7 4.691   libpulse0 libquadmath0 librabbitmq4 librav1e0.7 libraw1394-11 librist4
#7 4.691   librsvg2-2 librsvg2-common librubberband2 libsamplerate0 libsdl2-2.0-0
#7 4.691   libsensors-config libsensors5 libserd-0-0 libsframe1 libsharpyuv0 libshine3
#7 4.691   libslang2 libsnappy1v5 libsndfile1 libsndfile1-dev libsodium23 libsord-0-0
#7 4.691   libsoxr0 libspeex1 libsphinxbase3t64 libsratom-0-0 libsrt1.5-gnutls libssh-4
#7 4.691   libstdc++-14-dev libsvtav1enc2 libswresample5 libswscale8 libsyn123-0t64
#7 4.691   libsystemd-shared libtasn1-6 libthai-data libthai0 libtheoradec1
#7 4.691   libtheoraenc1 libtiff6 libtsan2 libtwolame0 libubsan1 libudfread0
#7 4.691   libunibreak6 libunistring5 libusb-1.0-0 libva-drm2 libva-x11-2 libva2
#7 4.691   libvdpau-va-gl1 libvdpau1 libvidstab1.1 libvorbis-dev libvorbis0a
#7 4.691   libvorbisenc2 libvorbisfile3 libvpl2 libvpx9 libvulkan1 libwayland-client0
#7 4.691   libwayland-cursor0 libwayland-egl1 libwayland-server0 libwebp7 libwebpmux3
#7 4.691   libx11-6 libx11-data libx11-xcb1 libx264-164 libx265-215 libxau6
#7 4.691   libxcb-dri3-0 libxcb-glx0 libxcb-present0 libxcb-randr0 libxcb-render0
#7 4.691   libxcb-shape0 libxcb-shm0 libxcb-sync1 libxcb-xfixes0 libxcb1 libxcomposite1
#7 4.691   libxcursor1 libxdamage1 libxdmcp6 libxext6 libxfixes3 libxi6 libxinerama1
#7 4.691   libxkbcommon0 libxml2 libxrandr2 libxrender1 libxshmfence1 libxss1 libxtst6
#7 4.692   libxv1 libxvidcore4 libxxf86vm1 libz3-4 libzimg2 libzix-0-0 libzmq5
#7 4.692   libzvbi-common libzvbi0t64 linux-libc-dev linux-sysctl-defaults manpages
#7 4.692   manpages-dev mesa-libgallium mesa-va-drivers mesa-vdpau-drivers
#7 4.692   mesa-vulkan-drivers ocl-icd-libopencl1 pkgconf pkgconf-bin
#7 4.692   pocketsphinx-en-us procps psmisc rpcsvc-proto shared-mime-info systemd
#7 4.692   systemd-cryptsetup systemd-sysv systemd-timesyncd va-driver-all
#7 4.692   vdpau-driver-all x11-common xdg-user-dirs xkb-data
#7 4.878 0 upgraded, 329 newly installed, 0 to remove and 0 not upgraded.
#7 4.878 Need to get 276 MB of archives.
#7 4.878 After this operation, 1013 MB of additional disk space will be used.
#7 4.878 Get:1 http://deb.debian.org/debian trixie/main amd64 libsystemd-shared amd64 257.9-1~deb13u1 [2151 kB]
#7 6.197 Get:2 http://deb.debian.org/debian trixie/main amd64 libapparmor1 amd64 4.1.0-1 [43.7 kB]
#7 6.214 Get:3 http://deb.debian.org/debian trixie/main amd64 systemd amd64 257.9-1~deb13u1 [3096 kB]
#7 7.345 Get:4 http://deb.debian.org/debian trixie/main amd64 systemd-sysv amd64 257.9-1~deb13u1 [64.5 kB]
#7 7.367 Get:5 http://deb.debian.org/debian trixie/main amd64 libdbus-1-3 amd64 1.16.2-2 [178 kB]
#7 7.433 Get:6 http://deb.debian.org/debian trixie/main amd64 dbus-bin amd64 1.16.2-2 [80.0 kB]
#7 7.449 Get:7 http://deb.debian.org/debian trixie/main amd64 dbus-session-bus-common all 1.16.2-2 [52.3 kB]
#7 7.468 Get:8 http://deb.debian.org/debian trixie/main amd64 libexpat1 amd64 2.7.1-2 [108 kB]
#7 7.498 Get:9 http://deb.debian.org/debian trixie/main amd64 dbus-daemon amd64 1.16.2-2 [159 kB]
#7 7.546 Get:10 http://deb.debian.org/debian trixie/main amd64 dbus-system-bus-common all 1.16.2-2 [53.5 kB]
#7 7.561 Get:11 http://deb.debian.org/debian trixie/main amd64 dbus amd64 1.16.2-2 [71.6 kB]
#7 7.582 Get:12 http://deb.debian.org/debian trixie/main amd64 linux-sysctl-defaults all 4.12 [5624 B]
#7 7.587 Get:13 http://deb.debian.org/debian trixie/main amd64 libproc2-0 amd64 2:4.0.4-9 [65.6 kB]
#7 7.645 Get:14 http://deb.debian.org/debian trixie/main amd64 procps amd64 2:4.0.4-9 [882 kB]
#7 8.012 Get:15 http://deb.debian.org/debian trixie/main amd64 krb5-locales all 1.21.3-5 [101 kB]
#7 8.087 Get:16 http://deb.debian.org/debian trixie/main amd64 libnss-systemd amd64 257.9-1~deb13u1 [218 kB]
#7 8.163 Get:17 http://deb.debian.org/debian trixie/main amd64 libpam-systemd amd64 257.9-1~deb13u1 [297 kB]
#7 8.292 Get:18 http://deb.debian.org/debian trixie/main amd64 manpages all 6.9.1-1 [1393 kB]
#7 8.636 Get:19 http://deb.debian.org/debian trixie/main amd64 systemd-timesyncd amd64 257.9-1~deb13u1 [93.0 kB]
#7 8.639 Get:20 http://deb.debian.org/debian trixie/main amd64 libgdk-pixbuf2.0-common all 2.42.12+dfsg-4 [311 kB]
#7 8.703 Get:21 http://deb.debian.org/debian trixie/main amd64 libatomic1 amd64 14.2.0-19 [9308 B]
#7 8.740 Get:22 http://deb.debian.org/debian trixie/main amd64 libglib2.0-0t64 amd64 2.84.4-3~deb13u2 [1518 kB]
#7 9.004 Get:23 http://deb.debian.org/debian trixie/main amd64 libxml2 amd64 2.12.7+dfsg+really2.9.14-2.1+deb13u2 [698 kB]
#7 9.092 Get:24 http://deb.debian.org/debian trixie/main amd64 shared-mime-info amd64 2.4-5+b2 [760 kB]
#7 9.167 Get:25 http://deb.debian.org/debian trixie/main amd64 libjpeg62-turbo amd64 1:2.1.5-4 [168 kB]
#7 9.206 Get:26 http://deb.debian.org/debian trixie/main amd64 libpng16-16t64 amd64 1.6.48-1+deb13u1 [283 kB]
#7 9.258 Get:27 http://deb.debian.org/debian trixie/main amd64 libdeflate0 amd64 1.23-2 [47.3 kB]
#7 9.307 Get:28 http://deb.debian.org/debian trixie/main amd64 libjbig0 amd64 2.1-6.1+b2 [32.1 kB]
#7 9.333 Get:29 http://deb.debian.org/debian trixie/main amd64 liblerc4 amd64 4.0.0+ds-5 [183 kB]
#7 9.339 Get:30 http://deb.debian.org/debian trixie/main amd64 libsharpyuv0 amd64 1.5.0-0.1 [116 kB]
#7 9.341 Get:31 http://deb.debian.org/debian trixie/main amd64 libwebp7 amd64 1.5.0-0.1 [318 kB]
#7 9.406 Get:32 http://deb.debian.org/debian trixie/main amd64 libtiff6 amd64 4.7.0-3+deb13u1 [346 kB]
#7 9.433 Get:33 http://deb.debian.org/debian trixie/main amd64 libgdk-pixbuf-2.0-0 amd64 2.42.12+dfsg-4 [141 kB]
#7 9.445 Get:34 http://deb.debian.org/debian trixie/main amd64 gtk-update-icon-cache amd64 4.18.6+ds-2 [52.7 kB]
#7 9.448 Get:35 http://deb.debian.org/debian trixie/main amd64 hicolor-icon-theme all 0.18-2 [11.8 kB]
#7 9.448 Get:36 http://deb.debian.org/debian trixie/main amd64 adwaita-icon-theme all 48.1-1 [504 kB]
#7 9.489 Get:37 http://deb.debian.org/debian trixie/main amd64 alsa-topology-conf all 1.2.5.1-3 [15.3 kB]
#7 9.489 Get:38 http://deb.debian.org/debian trixie/main amd64 libasound2-data all 1.2.14-1 [21.1 kB]
#7 9.491 Get:39 http://deb.debian.org/debian trixie/main amd64 libasound2t64 amd64 1.2.14-1 [381 kB]
#7 9.555 Get:40 http://deb.debian.org/debian trixie/main amd64 alsa-ucm-conf all 1.2.14-1 [92.5 kB]
#7 9.557 Get:41 http://deb.debian.org/debian trixie/main amd64 at-spi2-common all 2.56.2-1+deb13u1 [171 kB]
#7 9.589 Get:42 http://deb.debian.org/debian trixie/main amd64 libxau6 amd64 1:1.0.11-1 [20.4 kB]
#7 9.590 Get:43 http://deb.debian.org/debian trixie/main amd64 libxdmcp6 amd64 1:1.1.5-1 [27.8 kB]
#7 9.591 Get:44 http://deb.debian.org/debian trixie/main amd64 libxcb1 amd64 1.17.0-2+b1 [144 kB]
#7 9.629 Get:45 http://deb.debian.org/debian trixie/main amd64 libx11-data all 2:1.8.12-1 [343 kB]
#7 9.637 Get:46 http://deb.debian.org/debian trixie/main amd64 libx11-6 amd64 2:1.8.12-1 [815 kB]
#7 9.707 Get:47 http://deb.debian.org/debian trixie/main amd64 libxext6 amd64 2:1.3.4-1+b3 [50.4 kB]
#7 9.708 Get:48 http://deb.debian.org/debian trixie/main amd64 libxi6 amd64 2:1.8.2-1 [78.9 kB]
#7 9.712 Get:49 http://deb.debian.org/debian trixie/main amd64 libatspi2.0-0t64 amd64 2.56.2-1+deb13u1 [80.7 kB]
#7 9.715 Get:50 http://deb.debian.org/debian trixie/main amd64 x11-common all 1:7.7+24+deb13u1 [217 kB]
#7 9.738 Get:51 http://deb.debian.org/debian trixie/main amd64 libxtst6 amd64 2:1.2.5-1 [25.8 kB]
#7 9.739 Get:52 http://deb.debian.org/debian trixie/main amd64 dbus-user-session amd64 1.16.2-2 [52.1 kB]
#7 9.742 Get:53 http://deb.debian.org/debian trixie/main amd64 libdconf1 amd64 0.40.0-5 [41.8 kB]
#7 9.745 Get:54 http://deb.debian.org/debian trixie/main amd64 dconf-service amd64 0.40.0-5 [32.4 kB]
#7 9.746 Get:55 http://deb.debian.org/debian trixie/main amd64 dconf-gsettings-backend amd64 0.40.0-5 [28.6 kB]
#7 9.747 Get:56 http://deb.debian.org/debian trixie/main amd64 gsettings-desktop-schemas all 48.0-1 [700 kB]
#7 9.818 Get:57 http://deb.debian.org/debian trixie/main amd64 at-spi2-core amd64 2.56.2-1+deb13u1 [61.6 kB]
#7 9.820 Get:58 http://deb.debian.org/debian trixie/main amd64 libsframe1 amd64 2.44-3 [78.4 kB]
#7 9.821 Get:59 http://deb.debian.org/debian trixie/main amd64 binutils-common amd64 2.44-3 [2509 kB]
#7 9.969 Get:60 http://deb.debian.org/debian trixie/main amd64 libbinutils amd64 2.44-3 [534 kB]
#7 9.990 Get:61 http://deb.debian.org/debian trixie/main amd64 libgprofng0 amd64 2.44-3 [808 kB]
#7 10.02 Get:62 http://deb.debian.org/debian trixie/main amd64 libctf-nobfd0 amd64 2.44-3 [156 kB]
#7 10.03 Get:63 http://deb.debian.org/debian trixie/main amd64 libctf0 amd64 2.44-3 [88.6 kB]
#7 10.04 Get:64 http://deb.debian.org/debian trixie/main amd64 libjansson4 amd64 2.14-2+b3 [39.8 kB]
#7 10.04 Get:65 http://deb.debian.org/debian trixie/main amd64 binutils-x86-64-linux-gnu amd64 2.44-3 [1014 kB]
#7 10.08 Get:66 http://deb.debian.org/debian trixie/main amd64 binutils amd64 2.44-3 [265 kB]
#7 10.09 Get:67 http://deb.debian.org/debian trixie/main amd64 libisl23 amd64 0.27-1 [659 kB]
#7 10.13 Get:68 http://deb.debian.org/debian trixie/main amd64 libmpfr6 amd64 4.2.2-1 [729 kB]
#7 10.19 Get:69 http://deb.debian.org/debian trixie/main amd64 libmpc3 amd64 1.3.1-1+b3 [52.2 kB]
#7 10.22 Get:70 http://deb.debian.org/debian trixie/main amd64 cpp-14-x86-64-linux-gnu amd64 14.2.0-19 [11.0 MB]
#7 10.55 Get:71 http://deb.debian.org/debian trixie/main amd64 cpp-14 amd64 14.2.0-19 [1280 B]
#7 10.55 Get:72 http://deb.debian.org/debian trixie/main amd64 cpp-x86-64-linux-gnu amd64 4:14.2.0-1 [4840 B]
#7 10.55 Get:73 http://deb.debian.org/debian trixie/main amd64 cpp amd64 4:14.2.0-1 [1568 B]
#7 10.55 Get:74 http://deb.debian.org/debian trixie/main amd64 libdevmapper1.02.1 amd64 2:1.02.205-2 [135 kB]
#7 10.55 Get:75 http://deb.debian.org/debian trixie/main amd64 dmsetup amd64 2:1.02.205-2 [82.3 kB]
#7 10.57 Get:76 http://deb.debian.org/debian trixie/main amd64 libaom3 amd64 3.12.1-1 [1871 kB]
#7 10.62 Get:77 http://deb.debian.org/debian trixie/main amd64 libdrm-common all 2.4.124-2 [8288 B]
#7 10.62 Get:78 http://deb.debian.org/debian trixie/main amd64 libdrm2 amd64 2.4.124-2 [39.0 kB]
#7 10.62 Get:79 http://deb.debian.org/debian trixie/main amd64 libva2 amd64 2.22.0-3 [79.4 kB]
#7 10.62 Get:80 http://deb.debian.org/debian trixie/main amd64 libva-drm2 amd64 2.22.0-3 [18.3 kB]
#7 10.62 Get:81 http://deb.debian.org/debian trixie/main amd64 libx11-xcb1 amd64 2:1.8.12-1 [247 kB]
#7 10.63 Get:82 http://deb.debian.org/debian trixie/main amd64 libxcb-dri3-0 amd64 1.17.0-2+b1 [107 kB]
#7 10.63 Get:83 http://deb.debian.org/debian trixie/main amd64 libxfixes3 amd64 1:6.0.0-2+b4 [20.2 kB]
#7 10.63 Get:84 http://deb.debian.org/debian trixie/main amd64 libva-x11-2 amd64 2.22.0-3 [23.1 kB]
#7 10.63 Get:85 http://deb.debian.org/debian trixie/main amd64 libvdpau1 amd64 1.5-3+b1 [27.2 kB]
#7 10.66 Get:86 http://deb.debian.org/debian trixie/main amd64 libvpl2 amd64 1:2.14.0-1+b1 [129 kB]
#7 10.66 Get:87 http://deb.debian.org/debian trixie/main amd64 ocl-icd-libopencl1 amd64 2.3.3-1 [42.9 kB]
#7 10.70 Get:88 http://deb.debian.org/debian trixie/main amd64 libavutil59 amd64 7:7.1.3-0+deb13u1 [417 kB]
#7 10.75 Get:89 http://deb.debian.org/debian trixie/main amd64 libbrotli1 amd64 1.1.0-2+b7 [307 kB]
#7 10.76 Get:90 http://deb.debian.org/debian trixie/main amd64 libfreetype6 amd64 2.13.3+dfsg-1 [452 kB]
#7 10.91 Get:91 http://deb.debian.org/debian trixie/main amd64 fonts-dejavu-mono all 2.37-8 [489 kB]
#7 10.94 Get:92 http://deb.debian.org/debian trixie/main amd64 fonts-dejavu-core all 2.37-8 [840 kB]
#7 10.99 Get:93 http://deb.debian.org/debian trixie/main amd64 fontconfig-config amd64 2.15.0-2.3 [318 kB]
#7 11.16 Get:94 http://deb.debian.org/debian trixie/main amd64 libfontconfig1 amd64 2.15.0-2.3 [392 kB]
#7 11.16 Get:95 http://deb.debian.org/debian trixie/main amd64 libpixman-1-0 amd64 0.44.0-3 [248 kB]
#7 11.17 Get:96 http://deb.debian.org/debian trixie/main amd64 libxcb-render0 amd64 1.17.0-2+b1 [115 kB]
#7 11.17 Get:97 http://deb.debian.org/debian trixie/main amd64 libxcb-shm0 amd64 1.17.0-2+b1 [105 kB]
#7 11.21 Get:98 http://deb.debian.org/debian trixie/main amd64 libxrender1 amd64 1:0.9.12-1 [27.9 kB]
#7 11.24 Get:99 http://deb.debian.org/debian trixie/main amd64 libcairo2 amd64 1.18.4-1+b1 [538 kB]
#7 11.29 Get:100 http://deb.debian.org/debian trixie/main amd64 libcodec2-1.2 amd64 1.2.0-3 [8170 kB]
#7 11.53 Get:101 http://deb.debian.org/debian trixie/main amd64 libdav1d7 amd64 1.5.1-1 [559 kB]
#7 11.54 Get:102 http://deb.debian.org/debian trixie/main amd64 libgsm1 amd64 1.0.22-1+b2 [29.3 kB]
#7 11.54 Get:103 http://deb.debian.org/debian trixie/main amd64 libhwy1t64 amd64 1.2.0-2+b2 [676 kB]
#7 11.57 Get:104 http://deb.debian.org/debian trixie/main amd64 liblcms2-2 amd64 2.16-2 [160 kB]
#7 11.58 Get:105 http://deb.debian.org/debian trixie/main amd64 libjxl0.11 amd64 0.11.1-4 [1132 kB]
#7 11.61 Get:106 http://deb.debian.org/debian trixie/main amd64 libmp3lame0 amd64 3.100-6+b3 [363 kB]
#7 11.62 Get:107 http://deb.debian.org/debian trixie/main amd64 libopenjp2-7 amd64 2.5.3-2.1~deb13u1 [205 kB]
#7 11.63 Get:108 http://deb.debian.org/debian trixie/main amd64 libopus0 amd64 1.5.2-2 [2852 kB]
#7 11.74 Get:109 http://deb.debian.org/debian trixie/main amd64 librav1e0.7 amd64 0.7.1-9+b2 [946 kB]
#7 11.85 Get:110 http://deb.debian.org/debian trixie/main amd64 libcairo-gobject2 amd64 1.18.4-1+b1 [130 kB]
#7 11.85 Get:111 http://deb.debian.org/debian trixie/main amd64 fontconfig amd64 2.15.0-2.3 [463 kB]
#7 11.86 Get:112 http://deb.debian.org/debian trixie/main amd64 libfribidi0 amd64 1.0.16-1 [26.5 kB]
#7 11.86 Get:113 http://deb.debian.org/debian trixie/main amd64 libgraphite2-3 amd64 1.3.14-2+b1 [75.4 kB]
#7 11.86 Get:114 http://deb.debian.org/debian trixie/main amd64 libharfbuzz0b amd64 10.2.0-1+b1 [479 kB]
#7 11.98 Get:115 http://deb.debian.org/debian trixie/main amd64 libthai-data all 0.1.29-2 [168 kB]
#7 11.99 Get:116 http://deb.debian.org/debian trixie/main amd64 libdatrie1 amd64 0.2.13-3+b1 [38.1 kB]
#7 11.99 Get:117 http://deb.debian.org/debian trixie/main amd64 libthai0 amd64 0.1.29-2+b1 [49.4 kB]
#7 12.02 Get:118 http://deb.debian.org/debian trixie/main amd64 libpango-1.0-0 amd64 1.56.3-1 [226 kB]
#7 12.03 Get:119 http://deb.debian.org/debian trixie/main amd64 libpangoft2-1.0-0 amd64 1.56.3-1 [55.6 kB]
#7 12.03 Get:120 http://deb.debian.org/debian trixie/main amd64 libpangocairo-1.0-0 amd64 1.56.3-1 [35.7 kB]
#7 12.03 Get:121 http://deb.debian.org/debian trixie/main amd64 librsvg2-2 amd64 2.60.0+dfsg-1 [1789 kB]
#7 12.40 Get:122 http://deb.debian.org/debian trixie/main amd64 libshine3 amd64 3.1.1-2+b2 [23.1 kB]
#7 12.40 Get:123 http://deb.debian.org/debian trixie/main amd64 libsnappy1v5 amd64 1.2.2-1 [29.3 kB]
#7 12.40 Get:124 http://deb.debian.org/debian trixie/main amd64 libspeex1 amd64 1.2.1-3 [56.8 kB]
#7 12.58 Get:125 http://deb.debian.org/debian trixie/main amd64 libsvtav1enc2 amd64 2.3.0+dfsg-1 [2489 kB]
#7 12.93 Get:126 http://deb.debian.org/debian trixie/main amd64 libgomp1 amd64 14.2.0-19 [137 kB]
#7 12.93 Get:127 http://deb.debian.org/debian trixie/main amd64 libsoxr0 amd64 0.1.3-4+b2 [81.0 kB]
#7 12.93 Get:128 http://deb.debian.org/debian trixie/main amd64 libswresample5 amd64 7:7.1.3-0+deb13u1 [101 kB]
#7 12.93 Get:129 http://deb.debian.org/debian trixie/main amd64 libtheoradec1 amd64 1.2.0~alpha1+dfsg-6 [58.4 kB]
#7 12.93 Get:130 http://deb.debian.org/debian trixie/main amd64 libogg0 amd64 1.3.5-3+b2 [23.8 kB]
#7 12.93 Get:131 http://deb.debian.org/debian trixie/main amd64 libtheoraenc1 amd64 1.2.0~alpha1+dfsg-6 [108 kB]
#7 12.93 Get:132 http://deb.debian.org/debian trixie/main amd64 libtwolame0 amd64 0.4.0-2+b2 [51.3 kB]
#7 12.93 Get:133 http://deb.debian.org/debian trixie/main amd64 libvorbis0a amd64 1.3.7-3 [90.0 kB]
#7 12.94 Get:134 http://deb.debian.org/debian trixie/main amd64 libvorbisenc2 amd64 1.3.7-3 [75.4 kB]
#7 13.11 Get:135 http://deb.debian.org/debian trixie/main amd64 libvpx9 amd64 1.15.0-2.1 [1115 kB]
#7 13.28 Get:136 http://deb.debian.org/debian trixie/main amd64 libwebpmux3 amd64 1.5.0-0.1 [126 kB]
#7 13.31 Get:137 http://deb.debian.org/debian trixie/main amd64 libx264-164 amd64 2:0.164.3108+git31e19f9-2+b1 [558 kB]
#7 13.46 Get:138 http://deb.debian.org/debian trixie/main amd64 libnuma1 amd64 2.0.19-1 [22.2 kB]
#7 13.46 Get:139 http://deb.debian.org/debian trixie/main amd64 libx265-215 amd64 4.1-2 [1237 kB]
#7 13.63 Get:140 http://deb.debian.org/debian trixie/main amd64 libxvidcore4 amd64 2:1.3.7-1+b2 [252 kB]
#7 13.64 Get:141 http://deb.debian.org/debian trixie/main amd64 libzvbi-common all 0.2.44-1 [71.4 kB]
#7 13.64 Get:142 http://deb.debian.org/debian trixie/main amd64 libzvbi0t64 amd64 0.2.44-1 [278 kB]
#7 13.64 Get:143 http://deb.debian.org/debian trixie/main amd64 libavcodec61 amd64 7:7.1.3-0+deb13u1 [5808 kB]
#7 14.32 Get:144 http://deb.debian.org/debian trixie/main amd64 libraw1394-11 amd64 2.1.2-2+b2 [38.8 kB]
#7 14.32 Get:145 http://deb.debian.org/debian trixie/main amd64 libavc1394-0 amd64 0.5.4-5+b2 [18.2 kB]
#7 14.32 Get:146 http://deb.debian.org/debian trixie/main amd64 libunibreak6 amd64 6.1-3 [21.9 kB]
#7 14.37 Get:147 http://deb.debian.org/debian trixie/main amd64 libass9 amd64 1:0.17.3-1+b1 [114 kB]
#7 14.37 Get:148 http://deb.debian.org/debian trixie/main amd64 libudfread0 amd64 1.1.2-1+b2 [17.7 kB]
#7 14.39 Get:149 http://deb.debian.org/debian trixie/main amd64 libbluray2 amd64 1:1.3.4-1+b2 [138 kB]
#7 14.39 Get:150 http://deb.debian.org/debian trixie/main amd64 libchromaprint1 amd64 1.5.1-7 [42.9 kB]
#7 14.39 Get:151 http://deb.debian.org/debian trixie/main amd64 libdvdread8t64 amd64 6.1.3-2 [86.2 kB]
#7 14.40 Get:152 http://deb.debian.org/debian trixie/main amd64 libdvdnav4 amd64 6.1.1-3+b1 [44.5 kB]
#7 14.40 Get:153 http://deb.debian.org/debian trixie/main amd64 libgme0 amd64 0.6.3-7+b2 [131 kB]
#7 14.40 Get:154 http://deb.debian.org/debian trixie/main amd64 libunistring5 amd64 1.3-2 [477 kB]
#7 14.43 Get:155 http://deb.debian.org/debian trixie/main amd64 libidn2-0 amd64 2.3.8-2 [109 kB]
#7 14.46 Get:156 http://deb.debian.org/debian trixie/main amd64 libp11-kit0 amd64 0.25.5-3 [425 kB]
#7 14.47 Get:157 http://deb.debian.org/debian trixie/main amd64 libtasn1-6 amd64 4.20.0-2 [49.9 kB]
#7 14.47 Get:158 http://deb.debian.org/debian trixie/main amd64 libgnutls30t64 amd64 3.8.9-3+deb13u1 [1466 kB]
#7 14.55 Get:159 http://deb.debian.org/debian trixie/main amd64 libmpg123-0t64 amd64 1.32.10-1 [149 kB]
#7 14.55 Get:160 http://deb.debian.org/debian trixie/main amd64 libvorbisfile3 amd64 1.3.7-3 [20.9 kB]
#7 14.55 Get:161 http://deb.debian.org/debian trixie/main amd64 libopenmpt0t64 amd64 0.7.13-1+b1 [855 kB]
#7 14.57 Get:162 http://deb.debian.org/debian trixie/main amd64 librabbitmq4 amd64 0.15.0-1 [41.8 kB]
#7 14.57 Get:163 http://deb.debian.org/debian trixie/main amd64 libcjson1 amd64 1.7.18-3.1+deb13u1 [29.8 kB]
#7 14.57 Get:164 http://deb.debian.org/debian trixie/main amd64 libmbedcrypto16 amd64 3.6.5-0.1~deb13u1 [361 kB]
#7 14.59 Get:165 http://deb.debian.org/debian trixie/main amd64 librist4 amd64 0.2.11+dfsg-1 [72.1 kB]
#7 14.62 Get:166 http://deb.debian.org/debian trixie/main amd64 libsrt1.5-gnutls amd64 1.5.4-1 [345 kB]
#7 14.63 Get:167 http://deb.debian.org/debian trixie/main amd64 libkrb5support0 amd64 1.21.3-5 [33.0 kB]
#7 14.63 Get:168 http://deb.debian.org/debian trixie/main amd64 libcom-err2 amd64 1.47.2-3+b7 [25.0 kB]
#7 14.63 Get:169 http://deb.debian.org/debian trixie/main amd64 libk5crypto3 amd64 1.21.3-5 [81.5 kB]
#7 14.63 Get:170 http://deb.debian.org/debian trixie/main amd64 libkeyutils1 amd64 1.6.3-6 [9456 B]
#7 14.63 Get:171 http://deb.debian.org/debian trixie/main amd64 libkrb5-3 amd64 1.21.3-5 [326 kB]
#7 14.67 Get:172 http://deb.debian.org/debian trixie/main amd64 libgssapi-krb5-2 amd64 1.21.3-5 [138 kB]
#7 14.71 Get:173 http://deb.debian.org/debian trixie/main amd64 libssh-4 amd64 0.11.2-1+deb13u1 [209 kB]
#7 14.72 Get:174 http://deb.debian.org/debian trixie/main amd64 libnorm1t64 amd64 1.5.9+dfsg-3.1+b2 [221 kB]
#7 14.72 Get:175 http://deb.debian.org/debian trixie/main amd64 libpgm-5.3-0t64 amd64 5.3.128~dfsg-2.1+b1 [162 kB]
#7 14.76 Get:176 http://deb.debian.org/debian-security trixie-security/main amd64 libsodium23 amd64 1.0.18-1+deb13u1 [165 kB]
#7 14.76 Get:177 http://deb.debian.org/debian trixie/main amd64 libzmq5 amd64 4.3.5-1+b3 [283 kB]
#7 14.76 Get:178 http://deb.debian.org/debian trixie/main amd64 libavformat61 amd64 7:7.1.3-0+deb13u1 [1193 kB]
#7 14.80 Get:179 http://deb.debian.org/debian trixie/main amd64 libbs2b0 amd64 3.1.0+dfsg-8+b1 [12.5 kB]
#7 14.80 Get:180 http://deb.debian.org/debian trixie/main amd64 libflite1 amd64 2.2-7 [12.8 MB]
#7 15.08 Get:181 http://deb.debian.org/debian trixie/main amd64 libserd-0-0 amd64 0.32.4-1 [47.0 kB]
#7 15.08 Get:182 http://deb.debian.org/debian trixie/main amd64 libzix-0-0 amd64 0.6.2-1 [23.1 kB]
#7 15.09 Get:183 http://deb.debian.org/debian trixie/main amd64 libsord-0-0 amd64 0.16.18-1 [18.0 kB]
#7 15.09 Get:184 http://deb.debian.org/debian trixie/main amd64 libsratom-0-0 amd64 0.6.18-1 [17.7 kB]
#7 15.09 Get:185 http://deb.debian.org/debian trixie/main amd64 liblilv-0-0 amd64 0.24.26-1 [43.5 kB]
#7 15.11 Get:186 http://deb.debian.org/debian trixie/main amd64 libmysofa1 amd64 1.3.3+dfsg-1 [1158 kB]
#7 15.16 Get:187 http://deb.debian.org/debian trixie/main amd64 libvulkan1 amd64 1.4.309.0-1 [130 kB]
#7 15.20 Get:188 http://deb.debian.org/debian trixie/main amd64 libplacebo349 amd64 7.349.0-3 [2542 kB]
#7 15.28 Get:189 http://deb.debian.org/debian trixie/main amd64 libblas3 amd64 3.12.1-6 [160 kB]
#7 15.29 Get:190 http://deb.debian.org/debian trixie/main amd64 libgfortran5 amd64 14.2.0-19 [836 kB]
#7 15.30 Get:191 http://deb.debian.org/debian trixie/main amd64 liblapack3 amd64 3.12.1-6 [2447 kB]
#7 15.35 Get:192 http://deb.debian.org/debian trixie/main amd64 libasyncns0 amd64 0.8-6+b5 [12.0 kB]
#7 15.35 Get:193 http://deb.debian.org/debian trixie/main amd64 libflac14 amd64 1.5.0+ds-2 [210 kB]
#7 15.36 Get:194 http://deb.debian.org/debian trixie/main amd64 libsndfile1 amd64 1.2.2-2+b1 [199 kB]
#7 15.36 Get:195 http://deb.debian.org/debian trixie/main amd64 libpulse0 amd64 17.0+dfsg1-2+b1 [276 kB]
#7 15.37 Get:196 http://deb.debian.org/debian trixie/main amd64 libsphinxbase3t64 amd64 0.8+5prealpha+1-21+b1 [121 kB]
#7 15.37 Get:197 http://deb.debian.org/debian trixie/main amd64 libpocketsphinx3 amd64 0.8+5prealpha+1-15+b4 [126 kB]
#7 15.37 Get:198 http://deb.debian.org/debian trixie/main amd64 libpostproc58 amd64 7:7.1.3-0+deb13u1 [88.3 kB]
#7 15.37 Get:199 http://deb.debian.org/debian trixie/main amd64 libfftw3-double3 amd64 3.3.10-2+b1 [781 kB]
#7 15.38 Get:200 http://deb.debian.org/debian trixie/main amd64 libsamplerate0 amd64 0.2.2-4+b2 [950 kB]
#7 15.40 Get:201 http://deb.debian.org/debian trixie/main amd64 librubberband2 amd64 3.3.0+dfsg-2+b3 [142 kB]
#7 15.40 Get:202 http://deb.debian.org/debian trixie/main amd64 libswscale8 amd64 7:7.1.3-0+deb13u1 [233 kB]
#7 15.44 Get:203 http://deb.debian.org/debian trixie/main amd64 libvidstab1.1 amd64 1.1.0-2+b2 [38.9 kB]
#7 15.47 Get:204 http://deb.debian.org/debian trixie/main amd64 libzimg2 amd64 3.0.5+ds1-1+b2 [244 kB]
#7 15.52 Get:205 http://deb.debian.org/debian trixie/main amd64 libavfilter10 amd64 7:7.1.3-0+deb13u1 [4109 kB]
#7 15.58 Get:206 http://deb.debian.org/debian trixie/main amd64 libslang2 amd64 2.3.3-5+b2 [549 kB]
#7 15.59 Get:207 http://deb.debian.org/debian trixie/main amd64 libcaca0 amd64 0.99.beta20-5 [202 kB]
#7 15.60 Get:208 http://deb.debian.org/debian trixie/main amd64 libcdio19t64 amd64 2.2.0-4 [61.3 kB]
#7 15.60 Get:209 http://deb.debian.org/debian trixie/main amd64 libcdio-cdda2t64 amd64 10.2+2.0.2-1+b1 [17.7 kB]
#7 15.60 Get:210 http://deb.debian.org/debian trixie/main amd64 libcdio-paranoia2t64 amd64 10.2+2.0.2-1+b1 [17.4 kB]
#7 15.60 Get:211 http://deb.debian.org/debian trixie/main amd64 libusb-1.0-0 amd64 2:1.0.28-1 [59.6 kB]
#7 15.60 Get:212 http://deb.debian.org/debian trixie/main amd64 libdc1394-25 amd64 2.2.6-5 [111 kB]
#7 15.60 Get:213 http://deb.debian.org/debian trixie/main amd64 libglvnd0 amd64 1.7.0-1+b2 [52.0 kB]
#7 15.60 Get:214 http://deb.debian.org/debian trixie/main amd64 libxcb-glx0 amd64 1.17.0-2+b1 [122 kB]
#7 15.64 Get:215 http://deb.debian.org/debian trixie/main amd64 libxcb-present0 amd64 1.17.0-2+b1 [106 kB]
#7 15.64 Get:216 http://deb.debian.org/debian trixie/main amd64 libxcb-xfixes0 amd64 1.17.0-2+b1 [109 kB]
#7 15.65 Get:217 http://deb.debian.org/debian trixie/main amd64 libxxf86vm1 amd64 1:1.1.4-1+b4 [19.3 kB]
#7 15.65 Get:218 http://deb.debian.org/debian trixie/main amd64 libdrm-amdgpu1 amd64 2.4.124-2 [22.6 kB]
#7 15.65 Get:219 http://deb.debian.org/debian trixie/main amd64 libpciaccess0 amd64 0.17-3+b3 [51.9 kB]
#7 15.65 Get:220 http://deb.debian.org/debian trixie/main amd64 libdrm-intel1 amd64 2.4.124-2 [64.1 kB]
#7 15.68 Get:221 http://deb.debian.org/debian trixie/main amd64 libelf1t64 amd64 0.192-4 [189 kB]
#7 15.69 Get:222 http://deb.debian.org/debian trixie/main amd64 libedit2 amd64 3.1-20250104-1 [93.8 kB]
#7 15.72 Get:223 http://deb.debian.org/debian trixie/main amd64 libz3-4 amd64 4.13.3-1 [8560 kB]
#7 15.89 Get:224 http://deb.debian.org/debian trixie/main amd64 libllvm19 amd64 1:19.1.7-3+b1 [26.0 MB]
#7 16.34 Get:225 http://deb.debian.org/debian trixie/main amd64 libsensors-config all 1:3.6.2-2 [16.2 kB]
#7 16.34 Get:226 http://deb.debian.org/debian trixie/main amd64 libsensors5 amd64 1:3.6.2-2 [37.5 kB]
#7 16.34 Get:227 http://deb.debian.org/debian trixie/main amd64 libxcb-randr0 amd64 1.17.0-2+b1 [117 kB]
#7 16.34 Get:228 http://deb.debian.org/debian trixie/main amd64 libxcb-sync1 amd64 1.17.0-2+b1 [109 kB]
#7 16.34 Get:229 http://deb.debian.org/debian trixie/main amd64 libxshmfence1 amd64 1.3.3-1 [10.9 kB]
#7 16.34 Get:230 http://deb.debian.org/debian trixie/main amd64 mesa-libgallium amd64 25.0.7-2 [9629 kB]
#7 16.50 Get:231 http://deb.debian.org/debian trixie/main amd64 libwayland-server0 amd64 1.23.1-3 [34.4 kB]
#7 16.50 Get:232 http://deb.debian.org/debian trixie/main amd64 libgbm1 amd64 25.0.7-2 [44.4 kB]
#7 16.50 Get:233 http://deb.debian.org/debian trixie/main amd64 libgl1-mesa-dri amd64 25.0.7-2 [46.1 kB]
#7 16.50 Get:234 http://deb.debian.org/debian trixie/main amd64 libglx-mesa0 amd64 25.0.7-2 [143 kB]
#7 16.50 Get:235 http://deb.debian.org/debian trixie/main amd64 libglx0 amd64 1.7.0-1+b2 [34.9 kB]
#7 16.50 Get:236 http://deb.debian.org/debian trixie/main amd64 libgl1 amd64 1.7.0-1+b2 [89.5 kB]
#7 16.50 Get:237 http://deb.debian.org/debian trixie/main amd64 libiec61883-0 amd64 1.2.0-7 [30.6 kB]
#7 16.53 Get:238 http://deb.debian.org/debian trixie/main amd64 libjack-jackd2-0 amd64 1.9.22~dfsg-4 [287 kB]
#7 16.54 Get:239 http://deb.debian.org/debian trixie/main amd64 libopenal-data all 1:1.24.2-1 [168 kB]
#7 16.54 Get:240 http://deb.debian.org/debian trixie/main amd64 libopenal1 amd64 1:1.24.2-1 [637 kB]
#7 16.59 Get:241 http://deb.debian.org/debian trixie/main amd64 libwayland-client0 amd64 1.23.1-3 [26.8 kB]
#7 16.59 Get:242 http://deb.debian.org/debian trixie/main amd64 libdecor-0-0 amd64 0.2.2-2 [15.5 kB]
#7 16.59 Get:243 http://deb.debian.org/debian trixie/main amd64 libwayland-cursor0 amd64 1.23.1-3 [11.9 kB]
#7 16.59 Get:244 http://deb.debian.org/debian trixie/main amd64 libwayland-egl1 amd64 1.23.1-3 [5860 B]
#7 16.59 Get:245 http://deb.debian.org/debian trixie/main amd64 libxcursor1 amd64 1:1.2.3-1 [39.7 kB]
#7 16.62 Get:246 http://deb.debian.org/debian trixie/main amd64 xkb-data all 2.42-1 [790 kB]
#7 16.63 Get:247 http://deb.debian.org/debian trixie/main amd64 libxkbcommon0 amd64 1.7.0-2 [113 kB]
#7 16.64 Get:248 http://deb.debian.org/debian trixie/main amd64 libxrandr2 amd64 2:1.5.4-1+b3 [36.3 kB]
#7 16.64 Get:249 http://deb.debian.org/debian trixie/main amd64 libxss1 amd64 1:1.2.3-1+b3 [17.0 kB]
#7 16.67 Get:250 http://deb.debian.org/debian trixie/main amd64 libsdl2-2.0-0 amd64 2.32.4+dfsg-1 [669 kB]
#7 16.72 Get:251 http://deb.debian.org/debian trixie/main amd64 libxcb-shape0 amd64 1.17.0-2+b1 [106 kB]
#7 16.75 Get:252 http://deb.debian.org/debian trixie/main amd64 libxv1 amd64 2:1.0.11-1.1+b3 [23.4 kB]
#7 16.75 Get:253 http://deb.debian.org/debian trixie/main amd64 libavdevice61 amd64 7:7.1.3-0+deb13u1 [119 kB]
#7 16.76 Get:254 http://deb.debian.org/debian trixie/main amd64 ffmpeg amd64 7:7.1.3-0+deb13u1 [1995 kB]
#7 17.33 Get:255 http://deb.debian.org/debian trixie/main amd64 libcc1-0 amd64 14.2.0-19 [42.8 kB]
#7 17.48 Get:256 http://deb.debian.org/debian trixie/main amd64 libitm1 amd64 14.2.0-19 [26.0 kB]
#7 17.52 Get:257 http://deb.debian.org/debian trixie/main amd64 libasan8 amd64 14.2.0-19 [2725 kB]
#7 17.71 Get:258 http://deb.debian.org/debian trixie/main amd64 liblsan0 amd64 14.2.0-19 [1204 kB]
#7 17.72 Get:259 http://deb.debian.org/debian trixie/main amd64 libtsan2 amd64 14.2.0-19 [2460 kB]
#7 17.77 Get:260 http://deb.debian.org/debian trixie/main amd64 libubsan1 amd64 14.2.0-19 [1074 kB]
#7 17.79 Get:261 http://deb.debian.org/debian trixie/main amd64 libhwasan0 amd64 14.2.0-19 [1488 kB]
#7 17.81 Get:262 http://deb.debian.org/debian trixie/main amd64 libquadmath0 amd64 14.2.0-19 [145 kB]
#7 17.82 Get:263 http://deb.debian.org/debian trixie/main amd64 libgcc-14-dev amd64 14.2.0-19 [2672 kB]
#7 17.86 Get:264 http://deb.debian.org/debian trixie/main amd64 gcc-14-x86-64-linux-gnu amd64 14.2.0-19 [21.4 MB]
#7 18.20 Get:265 http://deb.debian.org/debian trixie/main amd64 gcc-14 amd64 14.2.0-19 [540 kB]
#7 18.21 Get:266 http://deb.debian.org/debian trixie/main amd64 gcc-x86-64-linux-gnu amd64 4:14.2.0-1 [1436 B]
#7 18.21 Get:267 http://deb.debian.org/debian trixie/main amd64 gcc amd64 4:14.2.0-1 [5136 B]
#7 18.21 Get:268 http://deb.debian.org/debian trixie/main amd64 libc-dev-bin amd64 2.41-12+deb13u1 [58.5 kB]
#7 18.23 Get:269 http://deb.debian.org/debian trixie/main amd64 linux-libc-dev all 6.12.63-1 [2720 kB]
#7 18.28 Get:270 http://deb.debian.org/debian trixie/main amd64 libcrypt-dev amd64 1:4.4.38-1 [119 kB]
#7 18.34 Get:271 http://deb.debian.org/debian trixie/main amd64 rpcsvc-proto amd64 1.4.3-1 [63.3 kB]
#7 18.34 Get:272 http://deb.debian.org/debian trixie/main amd64 libc6-dev amd64 2.41-12+deb13u1 [1994 kB]
#7 18.35 Get:273 http://deb.debian.org/debian trixie/main amd64 libstdc++-14-dev amd64 14.2.0-19 [2376 kB]
#7 18.41 Get:274 http://deb.debian.org/debian trixie/main amd64 g++-14-x86-64-linux-gnu amd64 14.2.0-19 [12.1 MB]
#7 18.60 Get:275 http://deb.debian.org/debian trixie/main amd64 g++-14 amd64 14.2.0-19 [22.5 kB]
#7 18.60 Get:276 http://deb.debian.org/debian trixie/main amd64 g++-x86-64-linux-gnu amd64 4:14.2.0-1 [1200 B]
#7 18.60 Get:277 http://deb.debian.org/debian trixie/main amd64 g++ amd64 4:14.2.0-1 [1344 B]
#7 18.63 Get:278 http://deb.debian.org/debian trixie/main amd64 i965-va-driver amd64 2.4.1+dfsg1-2 [315 kB]
#7 18.67 Get:279 http://deb.debian.org/debian trixie/main amd64 libigdgmm12 amd64 22.7.2+ds1-1 [176 kB]
#7 18.71 Get:280 http://deb.debian.org/debian trixie/main amd64 intel-media-va-driver amd64 25.2.3+dfsg1-1 [3438 kB]
#7 18.77 Get:281 http://deb.debian.org/debian trixie/main amd64 libgpg-error0 amd64 1.51-4 [82.1 kB]
#7 18.77 Get:282 http://deb.debian.org/debian trixie/main amd64 libgcrypt20 amd64 1.11.0-7 [843 kB]
#7 18.79 Get:283 http://deb.debian.org/debian trixie/main amd64 libaacs0 amd64 0.11.1-4+b1 [58.5 kB]
#7 18.79 Get:284 http://deb.debian.org/debian trixie/main amd64 libatk1.0-0t64 amd64 2.56.2-1+deb13u1 [52.0 kB]
#7 18.79 Get:285 http://deb.debian.org/debian trixie/main amd64 libatk-bridge2.0-0t64 amd64 2.56.2-1+deb13u1 [68.4 kB]
#7 18.79 Get:286 http://deb.debian.org/debian trixie/main amd64 libavahi-common-data amd64 0.8-16 [112 kB]
#7 18.79 Get:287 http://deb.debian.org/debian trixie/main amd64 libavahi-common3 amd64 0.8-16 [44.2 kB]
#7 18.80 Get:288 http://deb.debian.org/debian trixie/main amd64 libavahi-client3 amd64 0.8-16 [48.4 kB]
#7 18.80 Get:289 http://deb.debian.org/debian trixie/main amd64 libbdplus0 amd64 0.2.0-4+b1 [54.9 kB]
#7 18.80 Get:290 http://deb.debian.org/debian trixie/main amd64 libcloudproviders0 amd64 0.3.6-2 [29.2 kB]
#7 18.83 Get:291 http://deb.debian.org/debian trixie/main amd64 libcolord2 amd64 1.4.7-3 [139 kB]
#7 18.86 Get:292 http://deb.debian.org/debian trixie/main amd64 libjson-c5 amd64 0.18+ds-1 [46.0 kB]
#7 18.90 Get:293 http://deb.debian.org/debian trixie/main amd64 libcryptsetup12 amd64 2:2.7.5-2 [254 kB]
#7 18.95 Get:294 http://deb.debian.org/debian trixie/main amd64 libcups2t64 amd64 2.4.10-3+deb13u2 [252 kB]
#7 18.96 Get:295 http://deb.debian.org/debian trixie/main amd64 libepoxy0 amd64 1.5.10-2 [193 kB]
#7 18.96 Get:296 http://deb.debian.org/debian trixie/main amd64 libxcomposite1 amd64 1:0.4.6-1 [16.3 kB]
#7 18.96 Get:297 http://deb.debian.org/debian trixie/main amd64 libxdamage1 amd64 1:1.1.6-1+b2 [15.5 kB]
#7 18.96 Get:298 http://deb.debian.org/debian trixie/main amd64 libxinerama1 amd64 2:1.1.4-3+b4 [16.0 kB]
#7 18.99 Get:299 http://deb.debian.org/debian trixie/main amd64 libgtk-3-common all 3.24.49-3 [4908 kB]
#7 19.07 Get:300 http://deb.debian.org/debian trixie/main amd64 libgtk-3-0t64 amd64 3.24.49-3 [2769 kB]
#7 19.12 Get:301 http://deb.debian.org/debian trixie/main amd64 libdecor-0-plugin-1-gtk amd64 0.2.2-2 [22.7 kB]
#7 19.12 Get:302 http://deb.debian.org/debian trixie/main amd64 libogg-dev amd64 1.3.5-3+b2 [200 kB]
#7 19.22 Get:303 http://deb.debian.org/debian trixie/main amd64 libflac-dev amd64 1.5.0+ds-2 [265 kB]
#7 19.22 Get:304 http://deb.debian.org/debian trixie/main amd64 libgdk-pixbuf2.0-bin amd64 2.42.12+dfsg-4 [18.8 kB]
#7 19.23 Get:305 http://deb.debian.org/debian trixie/main amd64 libglib2.0-data all 2.84.4-3~deb13u2 [1286 kB]
#7 19.27 Get:306 http://deb.debian.org/debian trixie/main amd64 libgpg-error-l10n all 1.51-4 [114 kB]
#7 19.33 Get:307 http://deb.debian.org/debian trixie/main amd64 libgtk-3-bin amd64 3.24.49-3 [86.5 kB]
#7 19.33 Get:308 http://deb.debian.org/debian trixie/main amd64 libkmod2 amd64 34.2-2 [63.2 kB]
#7 19.36 Get:309 http://deb.debian.org/debian trixie/main amd64 libout123-0t64 amd64 1.32.10-1 [30.3 kB]
#7 19.40 Get:310 http://deb.debian.org/debian trixie/main amd64 libsyn123-0t64 amd64 1.32.10-1 [89.5 kB]
#7 19.45 Get:311 http://deb.debian.org/debian trixie/main amd64 libmpg123-dev amd64 1.32.10-1 [61.8 kB]
#7 19.48 Get:312 http://deb.debian.org/debian trixie/main amd64 libopus-dev amd64 1.5.2-2 [2915 kB]
#7 19.53 Get:313 http://deb.debian.org/debian trixie/main amd64 libpkgconf3 amd64 1.8.1-4 [36.4 kB]
#7 19.56 Get:314 http://deb.debian.org/debian trixie/main amd64 librsvg2-common amd64 2.60.0+dfsg-1 [154 kB]
#7 19.61 Get:315 http://deb.debian.org/debian trixie/main amd64 libvorbis-dev amd64 1.3.7-3 [325 kB]
#7 19.64 Get:316 http://deb.debian.org/debian trixie/main amd64 libsndfile1-dev amd64 1.2.2-2+b1 [339 kB]
#7 19.70 Get:317 http://deb.debian.org/debian trixie/main amd64 libvdpau-va-gl1 amd64 0.4.2-2 [74.3 kB]
#7 19.73 Get:318 http://deb.debian.org/debian trixie/main amd64 manpages-dev all 6.9.1-1 [2122 kB]
#7 19.76 Get:319 http://deb.debian.org/debian trixie/main amd64 mesa-va-drivers amd64 25.0.7-2 [19.9 kB]
#7 19.76 Get:320 http://deb.debian.org/debian trixie/main amd64 mesa-vdpau-drivers amd64 25.0.7-2 [20.1 kB]
#7 19.77 Get:321 http://deb.debian.org/debian trixie/main amd64 mesa-vulkan-drivers amd64 25.0.7-2 [14.2 MB]
#7 19.99 Get:322 http://deb.debian.org/debian trixie/main amd64 pkgconf-bin amd64 1.8.1-4 [30.2 kB]
#7 19.99 Get:323 http://deb.debian.org/debian trixie/main amd64 pkgconf amd64 1.8.1-4 [26.2 kB]
#7 19.99 Get:324 http://deb.debian.org/debian trixie/main amd64 pocketsphinx-en-us all 0.8+5prealpha+1-15 [24.3 MB]
#7 20.40 Get:325 http://deb.debian.org/debian trixie/main amd64 psmisc amd64 23.7-2 [267 kB]
#7 20.41 Get:326 http://deb.debian.org/debian trixie/main amd64 systemd-cryptsetup amd64 257.9-1~deb13u1 [173 kB]
#7 20.41 Get:327 http://deb.debian.org/debian trixie/main amd64 va-driver-all amd64 2.22.0-3 [14.9 kB]
#7 20.41 Get:328 http://deb.debian.org/debian trixie/main amd64 vdpau-driver-all amd64 1.5-3+b1 [4704 B]
#7 20.41 Get:329 http://deb.debian.org/debian trixie/main amd64 xdg-user-dirs amd64 0.18-2 [53.2 kB]
#7 20.88 debconf: unable to initialize frontend: Dialog
#7 20.88 debconf: (TERM is not set, so the dialog frontend is not usable.)
#7 20.88 debconf: falling back to frontend: Readline
#7 20.88 debconf: unable to initialize frontend: Readline
#7 20.88 debconf: (Can't locate Term/ReadLine.pm in @INC (you may need to install the Term::ReadLine module) (@INC entries checked: /etc/perl /usr/local/lib/x86_64-linux-gnu/perl/5.40.1 /usr/local/share/perl/5.40.1 /usr/lib/x86_64-linux-gnu/perl5/5.40 /usr/share/perl5 /usr/lib/x86_64-linux-gnu/perl-base /usr/lib/x86_64-linux-gnu/perl/5.40 /usr/share/perl/5.40 /usr/local/lib/site_perl) at /usr/share/perl5/Debconf/FrontEnd/Readline.pm line 8, <STDIN> line 329.)
#7 20.88 debconf: falling back to frontend: Teletype
#7 20.95 debconf: unable to initialize frontend: Teletype
#7 20.95 debconf: (This frontend requires a controlling tty.)
#7 20.95 debconf: falling back to frontend: Noninteractive
#7 28.46 Preconfiguring packages ...
#7 28.61 Fetched 276 MB in 16s (17.6 MB/s)
#7 28.70 Selecting previously unselected package libsystemd-shared:amd64.
#7 28.70 (Reading database ... (Reading database ... 5%(Reading database ... 10%(Reading database ... 15%(Reading database ... 20%(Reading database ... 25%(Reading database ... 30%(Reading database ... 35%(Reading database ... 40%(Reading database ... 45%(Reading database ... 50%(Reading database ... 55%(Reading database ... 60%(Reading database ... 65%(Reading database ... 70%(Reading database ... 75%(Reading database ... 80%(Reading database ... 85%(Reading database ... 90%(Reading database ... 95%(Reading database ... 100%(Reading database ... 5645 files and directories currently installed.)
#7 28.70 Preparing to unpack .../libsystemd-shared_257.9-1~deb13u1_amd64.deb ...
#7 28.71 Unpacking libsystemd-shared:amd64 (257.9-1~deb13u1) ...
#7 28.91 Selecting previously unselected package libapparmor1:amd64.
#7 28.91 Preparing to unpack .../libapparmor1_4.1.0-1_amd64.deb ...
#7 28.91 Unpacking libapparmor1:amd64 (4.1.0-1) ...
#7 29.00 Setting up libsystemd-shared:amd64 (257.9-1~deb13u1) ...
#7 29.11 Selecting previously unselected package systemd.
#7 29.11 (Reading database ... (Reading database ... 5%(Reading database ... 10%(Reading database ... 15%(Reading database ... 20%(Reading database ... 25%(Reading database ... 30%(Reading database ... 35%(Reading database ... 40%(Reading database ... 45%(Reading database ... 50%(Reading database ... 55%(Reading database ... 60%(Reading database ... 65%(Reading database ... 70%(Reading database ... 75%(Reading database ... 80%(Reading database ... 85%(Reading database ... 90%(Reading database ... 95%(Reading database ... 100%(Reading database ... 5658 files and directories currently installed.)
#7 29.11 Preparing to unpack .../systemd_257.9-1~deb13u1_amd64.deb ...
#7 29.25 Unpacking systemd (257.9-1~deb13u1) ...
#7 29.44 Setting up libapparmor1:amd64 (4.1.0-1) ...
#7 29.45 Setting up systemd (257.9-1~deb13u1) ...
#7 29.53 Created symlink '/etc/systemd/system/getty.target.wants/getty@tty1.service' → '/usr/lib/systemd/system/getty@.service'.
#7 29.56 Created symlink '/etc/systemd/system/multi-user.target.wants/remote-fs.target' → '/usr/lib/systemd/system/remote-fs.target'.
#7 29.59 Created symlink '/etc/systemd/system/sysinit.target.wants/systemd-pstore.service' → '/usr/lib/systemd/system/systemd-pstore.service'.
#7 29.62 Initializing machine ID from random generator.
#7 29.70 Creating group 'systemd-journal' with GID 999.
#7 29.70 Creating group 'systemd-network' with GID 998.
#7 29.70 Creating user 'systemd-network' (systemd Network Management) with UID 998 and GID 998.
#7 29.74 /usr/lib/tmpfiles.d/legacy.conf:14: Duplicate line for path "/run/lock", ignoring.
#7 29.92 Selecting previously unselected package systemd-sysv.
#7 29.93 (Reading database ... (Reading database ... 5%(Reading database ... 10%(Reading database ... 15%(Reading database ... 20%(Reading database ... 25%(Reading database ... 30%(Reading database ... 35%(Reading database ... 40%(Reading database ... 45%(Reading database ... 50%(Reading database ... 55%(Reading database ... 60%(Reading database ... 65%(Reading database ... 70%(Reading database ... 75%(Reading database ... 80%(Reading database ... 85%(Reading database ... 90%(Reading database ... 95%(Reading database ... 100%(Reading database ... 6595 files and directories currently installed.)
#7 29.93 Preparing to unpack .../000-systemd-sysv_257.9-1~deb13u1_amd64.deb ...
#7 29.93 Unpacking systemd-sysv (257.9-1~deb13u1) ...
#7 30.05 Selecting previously unselected package libdbus-1-3:amd64.
#7 30.05 Preparing to unpack .../001-libdbus-1-3_1.16.2-2_amd64.deb ...
#7 30.05 Unpacking libdbus-1-3:amd64 (1.16.2-2) ...
#7 30.17 Selecting previously unselected package dbus-bin.
#7 30.17 Preparing to unpack .../002-dbus-bin_1.16.2-2_amd64.deb ...
#7 30.17 Unpacking dbus-bin (1.16.2-2) ...
#7 30.28 Selecting previously unselected package dbus-session-bus-common.
#7 30.28 Preparing to unpack .../003-dbus-session-bus-common_1.16.2-2_all.deb ...
#7 30.28 Unpacking dbus-session-bus-common (1.16.2-2) ...
#7 30.40 Selecting previously unselected package libexpat1:amd64.
#7 30.40 Preparing to unpack .../004-libexpat1_2.7.1-2_amd64.deb ...
#7 30.40 Unpacking libexpat1:amd64 (2.7.1-2) ...
#7 30.52 Selecting previously unselected package dbus-daemon.
#7 30.52 Preparing to unpack .../005-dbus-daemon_1.16.2-2_amd64.deb ...
#7 30.52 Unpacking dbus-daemon (1.16.2-2) ...
#7 30.63 Selecting previously unselected package dbus-system-bus-common.
#7 30.63 Preparing to unpack .../006-dbus-system-bus-common_1.16.2-2_all.deb ...
#7 30.63 Unpacking dbus-system-bus-common (1.16.2-2) ...
#7 30.74 Selecting previously unselected package dbus.
#7 30.74 Preparing to unpack .../007-dbus_1.16.2-2_amd64.deb ...
#7 30.76 Unpacking dbus (1.16.2-2) ...
#7 30.89 Selecting previously unselected package linux-sysctl-defaults.
#7 30.89 Preparing to unpack .../008-linux-sysctl-defaults_4.12_all.deb ...
#7 30.89 Unpacking linux-sysctl-defaults (4.12) ...
#7 31.00 Selecting previously unselected package libproc2-0:amd64.
#7 31.00 Preparing to unpack .../009-libproc2-0_2%3a4.0.4-9_amd64.deb ...
#7 31.00 Unpacking libproc2-0:amd64 (2:4.0.4-9) ...
#7 31.12 Selecting previously unselected package procps.
#7 31.12 Preparing to unpack .../010-procps_2%3a4.0.4-9_amd64.deb ...
#7 31.19 Unpacking procps (2:4.0.4-9) ...
#7 31.33 Selecting previously unselected package krb5-locales.
#7 31.33 Preparing to unpack .../011-krb5-locales_1.21.3-5_all.deb ...
#7 31.33 Unpacking krb5-locales (1.21.3-5) ...
#7 31.44 Selecting previously unselected package libnss-systemd:amd64.
#7 31.44 Preparing to unpack .../012-libnss-systemd_257.9-1~deb13u1_amd64.deb ...
#7 31.48 Unpacking libnss-systemd:amd64 (257.9-1~deb13u1) ...
#7 31.59 Selecting previously unselected package libpam-systemd:amd64.
#7 31.60 Preparing to unpack .../013-libpam-systemd_257.9-1~deb13u1_amd64.deb ...
#7 31.60 Unpacking libpam-systemd:amd64 (257.9-1~deb13u1) ...
#7 31.72 Selecting previously unselected package manpages.
#7 31.72 Preparing to unpack .../014-manpages_6.9.1-1_all.deb ...
#7 31.72 Unpacking manpages (6.9.1-1) ...
#7 31.86 Selecting previously unselected package systemd-timesyncd.
#7 31.86 Preparing to unpack .../015-systemd-timesyncd_257.9-1~deb13u1_amd64.deb ...
#7 31.86 Unpacking systemd-timesyncd (257.9-1~deb13u1) ...
#7 31.97 Selecting previously unselected package libgdk-pixbuf2.0-common.
#7 31.97 Preparing to unpack .../016-libgdk-pixbuf2.0-common_2.42.12+dfsg-4_all.deb ...
#7 31.97 Unpacking libgdk-pixbuf2.0-common (2.42.12+dfsg-4) ...
#7 32.09 Selecting previously unselected package libatomic1:amd64.
#7 32.10 Preparing to unpack .../017-libatomic1_14.2.0-19_amd64.deb ...
#7 32.10 Unpacking libatomic1:amd64 (14.2.0-19) ...
#7 32.21 Selecting previously unselected package libglib2.0-0t64:amd64.
#7 32.21 Preparing to unpack .../018-libglib2.0-0t64_2.84.4-3~deb13u2_amd64.deb ...
#7 32.27 Unpacking libglib2.0-0t64:amd64 (2.84.4-3~deb13u2) ...
#7 32.43 Selecting previously unselected package libxml2:amd64.
#7 32.43 Preparing to unpack .../019-libxml2_2.12.7+dfsg+really2.9.14-2.1+deb13u2_amd64.deb ...
#7 32.43 Unpacking libxml2:amd64 (2.12.7+dfsg+really2.9.14-2.1+deb13u2) ...
#7 32.58 Selecting previously unselected package shared-mime-info.
#7 32.58 Preparing to unpack .../020-shared-mime-info_2.4-5+b2_amd64.deb ...
#7 32.58 Unpacking shared-mime-info (2.4-5+b2) ...
#7 32.73 Selecting previously unselected package libjpeg62-turbo:amd64.
#7 32.73 Preparing to unpack .../021-libjpeg62-turbo_1%3a2.1.5-4_amd64.deb ...
#7 32.73 Unpacking libjpeg62-turbo:amd64 (1:2.1.5-4) ...
#7 32.85 Selecting previously unselected package libpng16-16t64:amd64.
#7 32.85 Preparing to unpack .../022-libpng16-16t64_1.6.48-1+deb13u1_amd64.deb ...
#7 32.85 Unpacking libpng16-16t64:amd64 (1.6.48-1+deb13u1) ...
#7 32.96 Selecting previously unselected package libdeflate0:amd64.
#7 32.96 Preparing to unpack .../023-libdeflate0_1.23-2_amd64.deb ...
#7 32.97 Unpacking libdeflate0:amd64 (1.23-2) ...
#7 33.07 Selecting previously unselected package libjbig0:amd64.
#7 33.07 Preparing to unpack .../024-libjbig0_2.1-6.1+b2_amd64.deb ...
#7 33.08 Unpacking libjbig0:amd64 (2.1-6.1+b2) ...
#7 33.18 Selecting previously unselected package liblerc4:amd64.
#7 33.18 Preparing to unpack .../025-liblerc4_4.0.0+ds-5_amd64.deb ...
#7 33.19 Unpacking liblerc4:amd64 (4.0.0+ds-5) ...
#7 33.30 Selecting previously unselected package libsharpyuv0:amd64.
#7 33.30 Preparing to unpack .../026-libsharpyuv0_1.5.0-0.1_amd64.deb ...
#7 33.30 Unpacking libsharpyuv0:amd64 (1.5.0-0.1) ...
#7 33.41 Selecting previously unselected package libwebp7:amd64.
#7 33.41 Preparing to unpack .../027-libwebp7_1.5.0-0.1_amd64.deb ...
#7 33.42 Unpacking libwebp7:amd64 (1.5.0-0.1) ...
#7 33.53 Selecting previously unselected package libtiff6:amd64.
#7 33.53 Preparing to unpack .../028-libtiff6_4.7.0-3+deb13u1_amd64.deb ...
#7 33.53 Unpacking libtiff6:amd64 (4.7.0-3+deb13u1) ...
#7 33.65 Selecting previously unselected package libgdk-pixbuf-2.0-0:amd64.
#7 33.65 Preparing to unpack .../029-libgdk-pixbuf-2.0-0_2.42.12+dfsg-4_amd64.deb ...
#7 33.65 Unpacking libgdk-pixbuf-2.0-0:amd64 (2.42.12+dfsg-4) ...
#7 33.77 Selecting previously unselected package gtk-update-icon-cache.
#7 33.77 Preparing to unpack .../030-gtk-update-icon-cache_4.18.6+ds-2_amd64.deb ...
#7 33.83 No diversion 'diversion of /usr/sbin/update-icon-caches to /usr/sbin/update-icon-caches.gtk2 by libgtk-3-bin', none removed.
#7 33.85 No diversion 'diversion of /usr/share/man/man8/update-icon-caches.8.gz to /usr/share/man/man8/update-icon-caches.gtk2.8.gz by libgtk-3-bin', none removed.
#7 33.85 Unpacking gtk-update-icon-cache (4.18.6+ds-2) ...
#7 33.99 Selecting previously unselected package hicolor-icon-theme.
#7 33.99 Preparing to unpack .../031-hicolor-icon-theme_0.18-2_all.deb ...
#7 33.99 Unpacking hicolor-icon-theme (0.18-2) ...
#7 34.13 Selecting previously unselected package adwaita-icon-theme.
#7 34.13 Preparing to unpack .../032-adwaita-icon-theme_48.1-1_all.deb ...
#7 34.14 Unpacking adwaita-icon-theme (48.1-1) ...
#7 34.32 Selecting previously unselected package alsa-topology-conf.
#7 34.32 Preparing to unpack .../033-alsa-topology-conf_1.2.5.1-3_all.deb ...
#7 34.32 Unpacking alsa-topology-conf (1.2.5.1-3) ...
#7 34.43 Selecting previously unselected package libasound2-data.
#7 34.43 Preparing to unpack .../034-libasound2-data_1.2.14-1_all.deb ...
#7 34.43 Unpacking libasound2-data (1.2.14-1) ...
#7 34.55 Selecting previously unselected package libasound2t64:amd64.
#7 34.55 Preparing to unpack .../035-libasound2t64_1.2.14-1_amd64.deb ...
#7 34.55 Unpacking libasound2t64:amd64 (1.2.14-1) ...
#7 34.67 Selecting previously unselected package alsa-ucm-conf.
#7 34.67 Preparing to unpack .../036-alsa-ucm-conf_1.2.14-1_all.deb ...
#7 34.67 Unpacking alsa-ucm-conf (1.2.14-1) ...
#7 34.82 Selecting previously unselected package at-spi2-common.
#7 34.82 Preparing to unpack .../037-at-spi2-common_2.56.2-1+deb13u1_all.deb ...
#7 34.82 Unpacking at-spi2-common (2.56.2-1+deb13u1) ...
#7 34.94 Selecting previously unselected package libxau6:amd64.
#7 34.94 Preparing to unpack .../038-libxau6_1%3a1.0.11-1_amd64.deb ...
#7 34.94 Unpacking libxau6:amd64 (1:1.0.11-1) ...
#7 35.05 Selecting previously unselected package libxdmcp6:amd64.
#7 35.05 Preparing to unpack .../039-libxdmcp6_1%3a1.1.5-1_amd64.deb ...
#7 35.05 Unpacking libxdmcp6:amd64 (1:1.1.5-1) ...
#7 35.16 Selecting previously unselected package libxcb1:amd64.
#7 35.16 Preparing to unpack .../040-libxcb1_1.17.0-2+b1_amd64.deb ...
#7 35.16 Unpacking libxcb1:amd64 (1.17.0-2+b1) ...
#7 35.28 Selecting previously unselected package libx11-data.
#7 35.28 Preparing to unpack .../041-libx11-data_2%3a1.8.12-1_all.deb ...
#7 35.28 Unpacking libx11-data (2:1.8.12-1) ...
#7 35.40 Selecting previously unselected package libx11-6:amd64.
#7 35.40 Preparing to unpack .../042-libx11-6_2%3a1.8.12-1_amd64.deb ...
#7 35.40 Unpacking libx11-6:amd64 (2:1.8.12-1) ...
#7 35.54 Selecting previously unselected package libxext6:amd64.
#7 35.54 Preparing to unpack .../043-libxext6_2%3a1.3.4-1+b3_amd64.deb ...
#7 35.54 Unpacking libxext6:amd64 (2:1.3.4-1+b3) ...
#7 35.66 Selecting previously unselected package libxi6:amd64.
#7 35.66 Preparing to unpack .../044-libxi6_2%3a1.8.2-1_amd64.deb ...
#7 35.66 Unpacking libxi6:amd64 (2:1.8.2-1) ...
#7 35.77 Selecting previously unselected package libatspi2.0-0t64:amd64.
#7 35.77 Preparing to unpack .../045-libatspi2.0-0t64_2.56.2-1+deb13u1_amd64.deb ...
#7 35.77 Unpacking libatspi2.0-0t64:amd64 (2.56.2-1+deb13u1) ...
#7 35.89 Selecting previously unselected package x11-common.
#7 35.89 Preparing to unpack .../046-x11-common_1%3a7.7+24+deb13u1_all.deb ...
#7 35.90 Unpacking x11-common (1:7.7+24+deb13u1) ...
#7 36.01 Selecting previously unselected package libxtst6:amd64.
#7 36.01 Preparing to unpack .../047-libxtst6_2%3a1.2.5-1_amd64.deb ...
#7 36.02 Unpacking libxtst6:amd64 (2:1.2.5-1) ...
#7 36.13 Selecting previously unselected package dbus-user-session.
#7 36.13 Preparing to unpack .../048-dbus-user-session_1.16.2-2_amd64.deb ...
#7 36.13 Unpacking dbus-user-session (1.16.2-2) ...
#7 36.25 Selecting previously unselected package libdconf1:amd64.
#7 36.25 Preparing to unpack .../049-libdconf1_0.40.0-5_amd64.deb ...
#7 36.25 Unpacking libdconf1:amd64 (0.40.0-5) ...
#7 36.36 Selecting previously unselected package dconf-service.
#7 36.36 Preparing to unpack .../050-dconf-service_0.40.0-5_amd64.deb ...
#7 36.36 Unpacking dconf-service (0.40.0-5) ...
#7 36.47 Selecting previously unselected package dconf-gsettings-backend:amd64.
#7 36.47 Preparing to unpack .../051-dconf-gsettings-backend_0.40.0-5_amd64.deb ...
#7 36.47 Unpacking dconf-gsettings-backend:amd64 (0.40.0-5) ...
#7 36.58 Selecting previously unselected package gsettings-desktop-schemas.
#7 36.58 Preparing to unpack .../052-gsettings-desktop-schemas_48.0-1_all.deb ...
#7 36.59 Unpacking gsettings-desktop-schemas (48.0-1) ...
#7 36.72 Selecting previously unselected package at-spi2-core.
#7 36.73 Preparing to unpack .../053-at-spi2-core_2.56.2-1+deb13u1_amd64.deb ...
#7 36.73 Unpacking at-spi2-core (2.56.2-1+deb13u1) ...
#7 36.84 Selecting previously unselected package libsframe1:amd64.
#7 36.84 Preparing to unpack .../054-libsframe1_2.44-3_amd64.deb ...
#7 36.84 Unpacking libsframe1:amd64 (2.44-3) ...
#7 36.95 Selecting previously unselected package binutils-common:amd64.
#7 36.95 Preparing to unpack .../055-binutils-common_2.44-3_amd64.deb ...
#7 36.95 Unpacking binutils-common:amd64 (2.44-3) ...
#7 37.16 Selecting previously unselected package libbinutils:amd64.
#7 37.17 Preparing to unpack .../056-libbinutils_2.44-3_amd64.deb ...
#7 37.17 Unpacking libbinutils:amd64 (2.44-3) ...
#7 37.30 Selecting previously unselected package libgprofng0:amd64.
#7 37.30 Preparing to unpack .../057-libgprofng0_2.44-3_amd64.deb ...
#7 37.30 Unpacking libgprofng0:amd64 (2.44-3) ...
#7 37.45 Selecting previously unselected package libctf-nobfd0:amd64.
#7 37.45 Preparing to unpack .../058-libctf-nobfd0_2.44-3_amd64.deb ...
#7 37.45 Unpacking libctf-nobfd0:amd64 (2.44-3) ...
#7 37.56 Selecting previously unselected package libctf0:amd64.
#7 37.56 Preparing to unpack .../059-libctf0_2.44-3_amd64.deb ...
#7 37.57 Unpacking libctf0:amd64 (2.44-3) ...
#7 37.68 Selecting previously unselected package libjansson4:amd64.
#7 37.68 Preparing to unpack .../060-libjansson4_2.14-2+b3_amd64.deb ...
#7 37.68 Unpacking libjansson4:amd64 (2.14-2+b3) ...
#7 37.80 Selecting previously unselected package binutils-x86-64-linux-gnu.
#7 37.80 Preparing to unpack .../061-binutils-x86-64-linux-gnu_2.44-3_amd64.deb ...
#7 37.80 Unpacking binutils-x86-64-linux-gnu (2.44-3) ...
#7 37.98 Selecting previously unselected package binutils.
#7 37.98 Preparing to unpack .../062-binutils_2.44-3_amd64.deb ...
#7 38.00 Unpacking binutils (2.44-3) ...
#7 38.12 Selecting previously unselected package libisl23:amd64.
#7 38.12 Preparing to unpack .../063-libisl23_0.27-1_amd64.deb ...
#7 38.12 Unpacking libisl23:amd64 (0.27-1) ...
#7 38.26 Selecting previously unselected package libmpfr6:amd64.
#7 38.26 Preparing to unpack .../064-libmpfr6_4.2.2-1_amd64.deb ...
#7 38.26 Unpacking libmpfr6:amd64 (4.2.2-1) ...
#7 38.39 Selecting previously unselected package libmpc3:amd64.
#7 38.39 Preparing to unpack .../065-libmpc3_1.3.1-1+b3_amd64.deb ...
#7 38.39 Unpacking libmpc3:amd64 (1.3.1-1+b3) ...
#7 38.50 Selecting previously unselected package cpp-14-x86-64-linux-gnu.
#7 38.50 Preparing to unpack .../066-cpp-14-x86-64-linux-gnu_14.2.0-19_amd64.deb ...
#7 38.50 Unpacking cpp-14-x86-64-linux-gnu (14.2.0-19) ...
#7 39.01 Selecting previously unselected package cpp-14.
#7 39.01 Preparing to unpack .../067-cpp-14_14.2.0-19_amd64.deb ...
#7 39.01 Unpacking cpp-14 (14.2.0-19) ...
#7 39.12 Selecting previously unselected package cpp-x86-64-linux-gnu.
#7 39.12 Preparing to unpack .../068-cpp-x86-64-linux-gnu_4%3a14.2.0-1_amd64.deb ...
#7 39.12 Unpacking cpp-x86-64-linux-gnu (4:14.2.0-1) ...
#7 39.23 Selecting previously unselected package cpp.
#7 39.24 Preparing to unpack .../069-cpp_4%3a14.2.0-1_amd64.deb ...
#7 39.31 Unpacking cpp (4:14.2.0-1) ...
#7 39.43 Selecting previously unselected package libdevmapper1.02.1:amd64.
#7 39.43 Preparing to unpack .../070-libdevmapper1.02.1_2%3a1.02.205-2_amd64.deb ...
#7 39.43 Unpacking libdevmapper1.02.1:amd64 (2:1.02.205-2) ...
#7 39.55 Selecting previously unselected package dmsetup.
#7 39.55 Preparing to unpack .../071-dmsetup_2%3a1.02.205-2_amd64.deb ...
#7 39.55 Unpacking dmsetup (2:1.02.205-2) ...
#7 39.66 Selecting previously unselected package libaom3:amd64.
#7 39.66 Preparing to unpack .../072-libaom3_3.12.1-1_amd64.deb ...
#7 39.66 Unpacking libaom3:amd64 (3.12.1-1) ...
#7 39.84 Selecting previously unselected package libdrm-common.
#7 39.85 Preparing to unpack .../073-libdrm-common_2.4.124-2_all.deb ...
#7 39.85 Unpacking libdrm-common (2.4.124-2) ...
#7 39.96 Selecting previously unselected package libdrm2:amd64.
#7 39.96 Preparing to unpack .../074-libdrm2_2.4.124-2_amd64.deb ...
#7 39.96 Unpacking libdrm2:amd64 (2.4.124-2) ...
#7 40.07 Selecting previously unselected package libva2:amd64.
#7 40.07 Preparing to unpack .../075-libva2_2.22.0-3_amd64.deb ...
#7 40.07 Unpacking libva2:amd64 (2.22.0-3) ...
#7 40.19 Selecting previously unselected package libva-drm2:amd64.
#7 40.19 Preparing to unpack .../076-libva-drm2_2.22.0-3_amd64.deb ...
#7 40.19 Unpacking libva-drm2:amd64 (2.22.0-3) ...
#7 40.30 Selecting previously unselected package libx11-xcb1:amd64.
#7 40.30 Preparing to unpack .../077-libx11-xcb1_2%3a1.8.12-1_amd64.deb ...
#7 40.30 Unpacking libx11-xcb1:amd64 (2:1.8.12-1) ...
#7 40.46 Selecting previously unselected package libxcb-dri3-0:amd64.
#7 40.46 Preparing to unpack .../078-libxcb-dri3-0_1.17.0-2+b1_amd64.deb ...
#7 40.46 Unpacking libxcb-dri3-0:amd64 (1.17.0-2+b1) ...
#7 40.58 Selecting previously unselected package libxfixes3:amd64.
#7 40.58 Preparing to unpack .../079-libxfixes3_1%3a6.0.0-2+b4_amd64.deb ...
#7 40.59 Unpacking libxfixes3:amd64 (1:6.0.0-2+b4) ...
#7 40.70 Selecting previously unselected package libva-x11-2:amd64.
#7 40.70 Preparing to unpack .../080-libva-x11-2_2.22.0-3_amd64.deb ...
#7 40.70 Unpacking libva-x11-2:amd64 (2.22.0-3) ...
#7 40.81 Selecting previously unselected package libvdpau1:amd64.
#7 40.81 Preparing to unpack .../081-libvdpau1_1.5-3+b1_amd64.deb ...
#7 40.81 Unpacking libvdpau1:amd64 (1.5-3+b1) ...
#7 40.93 Selecting previously unselected package libvpl2.
#7 40.93 Preparing to unpack .../082-libvpl2_1%3a2.14.0-1+b1_amd64.deb ...
#7 40.93 Unpacking libvpl2 (1:2.14.0-1+b1) ...
#7 41.05 Selecting previously unselected package ocl-icd-libopencl1:amd64.
#7 41.05 Preparing to unpack .../083-ocl-icd-libopencl1_2.3.3-1_amd64.deb ...
#7 41.06 Unpacking ocl-icd-libopencl1:amd64 (2.3.3-1) ...
#7 41.17 Selecting previously unselected package libavutil59:amd64.
#7 41.17 Preparing to unpack .../084-libavutil59_7%3a7.1.3-0+deb13u1_amd64.deb ...
#7 41.18 Unpacking libavutil59:amd64 (7:7.1.3-0+deb13u1) ...
#7 41.30 Selecting previously unselected package libbrotli1:amd64.
#7 41.30 Preparing to unpack .../085-libbrotli1_1.1.0-2+b7_amd64.deb ...
#7 41.31 Unpacking libbrotli1:amd64 (1.1.0-2+b7) ...
#7 41.43 Selecting previously unselected package libfreetype6:amd64.
#7 41.43 Preparing to unpack .../086-libfreetype6_2.13.3+dfsg-1_amd64.deb ...
#7 41.43 Unpacking libfreetype6:amd64 (2.13.3+dfsg-1) ...
#7 41.56 Selecting previously unselected package fonts-dejavu-mono.
#7 41.56 Preparing to unpack .../087-fonts-dejavu-mono_2.37-8_all.deb ...
#7 41.56 Unpacking fonts-dejavu-mono (2.37-8) ...
#7 41.69 Selecting previously unselected package fonts-dejavu-core.
#7 41.69 Preparing to unpack .../088-fonts-dejavu-core_2.37-8_all.deb ...
#7 41.92 Unpacking fonts-dejavu-core (2.37-8) ...
#7 42.07 Selecting previously unselected package fontconfig-config.
#7 42.07 Preparing to unpack .../089-fontconfig-config_2.15.0-2.3_amd64.deb ...
#7 42.07 Unpacking fontconfig-config (2.15.0-2.3) ...
#7 42.41 Selecting previously unselected package libfontconfig1:amd64.
#7 42.41 Preparing to unpack .../090-libfontconfig1_2.15.0-2.3_amd64.deb ...
#7 42.41 Unpacking libfontconfig1:amd64 (2.15.0-2.3) ...
#7 42.77 Selecting previously unselected package libpixman-1-0:amd64.
#7 42.77 Preparing to unpack .../091-libpixman-1-0_0.44.0-3_amd64.deb ...
#7 42.78 Unpacking libpixman-1-0:amd64 (0.44.0-3) ...
#7 43.07 Selecting previously unselected package libxcb-render0:amd64.
#7 43.08 Preparing to unpack .../092-libxcb-render0_1.17.0-2+b1_amd64.deb ...
#7 43.08 Unpacking libxcb-render0:amd64 (1.17.0-2+b1) ...
#7 43.26 Selecting previously unselected package libxcb-shm0:amd64.
#7 43.26 Preparing to unpack .../093-libxcb-shm0_1.17.0-2+b1_amd64.deb ...
#7 43.26 Unpacking libxcb-shm0:amd64 (1.17.0-2+b1) ...
#7 43.38 Selecting previously unselected package libxrender1:amd64.
#7 43.38 Preparing to unpack .../094-libxrender1_1%3a0.9.12-1_amd64.deb ...
#7 43.38 Unpacking libxrender1:amd64 (1:0.9.12-1) ...
#7 43.49 Selecting previously unselected package libcairo2:amd64.
#7 43.49 Preparing to unpack .../095-libcairo2_1.18.4-1+b1_amd64.deb ...
#7 43.49 Unpacking libcairo2:amd64 (1.18.4-1+b1) ...
#7 43.62 Selecting previously unselected package libcodec2-1.2:amd64.
#7 43.63 Preparing to unpack .../096-libcodec2-1.2_1.2.0-3_amd64.deb ...
#7 43.63 Unpacking libcodec2-1.2:amd64 (1.2.0-3) ...
#7 44.03 Selecting previously unselected package libdav1d7:amd64.
#7 44.03 Preparing to unpack .../097-libdav1d7_1.5.1-1_amd64.deb ...
#7 44.03 Unpacking libdav1d7:amd64 (1.5.1-1) ...
#7 44.16 Selecting previously unselected package libgsm1:amd64.
#7 44.17 Preparing to unpack .../098-libgsm1_1.0.22-1+b2_amd64.deb ...
#7 44.17 Unpacking libgsm1:amd64 (1.0.22-1+b2) ...
#7 44.28 Selecting previously unselected package libhwy1t64:amd64.
#7 44.28 Preparing to unpack .../099-libhwy1t64_1.2.0-2+b2_amd64.deb ...
#7 44.28 Unpacking libhwy1t64:amd64 (1.2.0-2+b2) ...
#7 44.42 Selecting previously unselected package liblcms2-2:amd64.
#7 44.42 Preparing to unpack .../100-liblcms2-2_2.16-2_amd64.deb ...
#7 44.42 Unpacking liblcms2-2:amd64 (2.16-2) ...
#7 44.54 Selecting previously unselected package libjxl0.11:amd64.
#7 44.54 Preparing to unpack .../101-libjxl0.11_0.11.1-4_amd64.deb ...
#7 44.54 Unpacking libjxl0.11:amd64 (0.11.1-4) ...
#7 44.70 Selecting previously unselected package libmp3lame0:amd64.
#7 44.70 Preparing to unpack .../102-libmp3lame0_3.100-6+b3_amd64.deb ...
#7 44.70 Unpacking libmp3lame0:amd64 (3.100-6+b3) ...
#7 44.82 Selecting previously unselected package libopenjp2-7:amd64.
#7 44.82 Preparing to unpack .../103-libopenjp2-7_2.5.3-2.1~deb13u1_amd64.deb ...
#7 44.82 Unpacking libopenjp2-7:amd64 (2.5.3-2.1~deb13u1) ...
#7 44.93 Selecting previously unselected package libopus0:amd64.
#7 44.94 Preparing to unpack .../104-libopus0_1.5.2-2_amd64.deb ...
#7 44.94 Unpacking libopus0:amd64 (1.5.2-2) ...
#7 45.15 Selecting previously unselected package librav1e0.7:amd64.
#7 45.15 Preparing to unpack .../105-librav1e0.7_0.7.1-9+b2_amd64.deb ...
#7 45.15 Unpacking librav1e0.7:amd64 (0.7.1-9+b2) ...
#7 45.30 Selecting previously unselected package libcairo-gobject2:amd64.
#7 45.30 Preparing to unpack .../106-libcairo-gobject2_1.18.4-1+b1_amd64.deb ...
#7 45.30 Unpacking libcairo-gobject2:amd64 (1.18.4-1+b1) ...
#7 45.41 Selecting previously unselected package fontconfig.
#7 45.41 Preparing to unpack .../107-fontconfig_2.15.0-2.3_amd64.deb ...
#7 45.41 Unpacking fontconfig (2.15.0-2.3) ...
#7 45.53 Selecting previously unselected package libfribidi0:amd64.
#7 45.53 Preparing to unpack .../108-libfribidi0_1.0.16-1_amd64.deb ...
#7 45.54 Unpacking libfribidi0:amd64 (1.0.16-1) ...
#7 45.64 Selecting previously unselected package libgraphite2-3:amd64.
#7 45.65 Preparing to unpack .../109-libgraphite2-3_1.3.14-2+b1_amd64.deb ...
#7 45.65 Unpacking libgraphite2-3:amd64 (1.3.14-2+b1) ...
#7 45.76 Selecting previously unselected package libharfbuzz0b:amd64.
#7 45.76 Preparing to unpack .../110-libharfbuzz0b_10.2.0-1+b1_amd64.deb ...
#7 45.76 Unpacking libharfbuzz0b:amd64 (10.2.0-1+b1) ...
#7 45.89 Selecting previously unselected package libthai-data.
#7 45.89 Preparing to unpack .../111-libthai-data_0.1.29-2_all.deb ...
#7 45.89 Unpacking libthai-data (0.1.29-2) ...
#7 46.00 Selecting previously unselected package libdatrie1:amd64.
#7 46.00 Preparing to unpack .../112-libdatrie1_0.2.13-3+b1_amd64.deb ...
#7 46.01 Unpacking libdatrie1:amd64 (0.2.13-3+b1) ...
#7 46.11 Selecting previously unselected package libthai0:amd64.
#7 46.12 Preparing to unpack .../113-libthai0_0.1.29-2+b1_amd64.deb ...
#7 46.12 Unpacking libthai0:amd64 (0.1.29-2+b1) ...
#7 46.26 Selecting previously unselected package libpango-1.0-0:amd64.
#7 46.26 Preparing to unpack .../114-libpango-1.0-0_1.56.3-1_amd64.deb ...
#7 46.26 Unpacking libpango-1.0-0:amd64 (1.56.3-1) ...
#7 46.37 Selecting previously unselected package libpangoft2-1.0-0:amd64.
#7 46.38 Preparing to unpack .../115-libpangoft2-1.0-0_1.56.3-1_amd64.deb ...
#7 46.38 Unpacking libpangoft2-1.0-0:amd64 (1.56.3-1) ...
#7 46.49 Selecting previously unselected package libpangocairo-1.0-0:amd64.
#7 46.49 Preparing to unpack .../116-libpangocairo-1.0-0_1.56.3-1_amd64.deb ...
#7 46.49 Unpacking libpangocairo-1.0-0:amd64 (1.56.3-1) ...
#7 46.60 Selecting previously unselected package librsvg2-2:amd64.
#7 46.60 Preparing to unpack .../117-librsvg2-2_2.60.0+dfsg-1_amd64.deb ...
#7 46.60 Unpacking librsvg2-2:amd64 (2.60.0+dfsg-1) ...
#7 46.79 Selecting previously unselected package libshine3:amd64.
#7 46.79 Preparing to unpack .../118-libshine3_3.1.1-2+b2_amd64.deb ...
#7 46.79 Unpacking libshine3:amd64 (3.1.1-2+b2) ...
#7 46.91 Selecting previously unselected package libsnappy1v5:amd64.
#7 46.91 Preparing to unpack .../119-libsnappy1v5_1.2.2-1_amd64.deb ...
#7 46.91 Unpacking libsnappy1v5:amd64 (1.2.2-1) ...
#7 47.02 Selecting previously unselected package libspeex1:amd64.
#7 47.02 Preparing to unpack .../120-libspeex1_1.2.1-3_amd64.deb ...
#7 47.02 Unpacking libspeex1:amd64 (1.2.1-3) ...
#7 47.13 Selecting previously unselected package libsvtav1enc2:amd64.
#7 47.13 Preparing to unpack .../121-libsvtav1enc2_2.3.0+dfsg-1_amd64.deb ...
#7 47.13 Unpacking libsvtav1enc2:amd64 (2.3.0+dfsg-1) ...
#7 47.35 Selecting previously unselected package libgomp1:amd64.
#7 47.35 Preparing to unpack .../122-libgomp1_14.2.0-19_amd64.deb ...
#7 47.35 Unpacking libgomp1:amd64 (14.2.0-19) ...
#7 47.47 Selecting previously unselected package libsoxr0:amd64.
#7 47.47 Preparing to unpack .../123-libsoxr0_0.1.3-4+b2_amd64.deb ...
#7 47.47 Unpacking libsoxr0:amd64 (0.1.3-4+b2) ...
#7 47.58 Selecting previously unselected package libswresample5:amd64.
#7 47.58 Preparing to unpack .../124-libswresample5_7%3a7.1.3-0+deb13u1_amd64.deb ...
#7 47.58 Unpacking libswresample5:amd64 (7:7.1.3-0+deb13u1) ...
#7 47.70 Selecting previously unselected package libtheoradec1:amd64.
#7 47.70 Preparing to unpack .../125-libtheoradec1_1.2.0~alpha1+dfsg-6_amd64.deb ...
#7 47.70 Unpacking libtheoradec1:amd64 (1.2.0~alpha1+dfsg-6) ...
#7 47.81 Selecting previously unselected package libogg0:amd64.
#7 47.81 Preparing to unpack .../126-libogg0_1.3.5-3+b2_amd64.deb ...
#7 47.81 Unpacking libogg0:amd64 (1.3.5-3+b2) ...
#7 47.92 Selecting previously unselected package libtheoraenc1:amd64.
#7 47.92 Preparing to unpack .../127-libtheoraenc1_1.2.0~alpha1+dfsg-6_amd64.deb ...
#7 47.92 Unpacking libtheoraenc1:amd64 (1.2.0~alpha1+dfsg-6) ...
#7 48.04 Selecting previously unselected package libtwolame0:amd64.
#7 48.04 Preparing to unpack .../128-libtwolame0_0.4.0-2+b2_amd64.deb ...
#7 48.04 Unpacking libtwolame0:amd64 (0.4.0-2+b2) ...
#7 48.15 Selecting previously unselected package libvorbis0a:amd64.
#7 48.16 Preparing to unpack .../129-libvorbis0a_1.3.7-3_amd64.deb ...
#7 48.16 Unpacking libvorbis0a:amd64 (1.3.7-3) ...
#7 48.27 Selecting previously unselected package libvorbisenc2:amd64.
#7 48.27 Preparing to unpack .../130-libvorbisenc2_1.3.7-3_amd64.deb ...
#7 48.27 Unpacking libvorbisenc2:amd64 (1.3.7-3) ...
#7 48.39 Selecting previously unselected package libvpx9:amd64.
#7 48.39 Preparing to unpack .../131-libvpx9_1.15.0-2.1_amd64.deb ...
#7 48.39 Unpacking libvpx9:amd64 (1.15.0-2.1) ...
#7 48.54 Selecting previously unselected package libwebpmux3:amd64.
#7 48.54 Preparing to unpack .../132-libwebpmux3_1.5.0-0.1_amd64.deb ...
#7 48.54 Unpacking libwebpmux3:amd64 (1.5.0-0.1) ...
#7 48.66 Selecting previously unselected package libx264-164:amd64.
#7 48.66 Preparing to unpack .../133-libx264-164_2%3a0.164.3108+git31e19f9-2+b1_amd64.deb ...
#7 48.66 Unpacking libx264-164:amd64 (2:0.164.3108+git31e19f9-2+b1) ...
#7 48.80 Selecting previously unselected package libnuma1:amd64.
#7 48.80 Preparing to unpack .../134-libnuma1_2.0.19-1_amd64.deb ...
#7 48.80 Unpacking libnuma1:amd64 (2.0.19-1) ...
#7 48.91 Selecting previously unselected package libx265-215:amd64.
#7 48.91 Preparing to unpack .../135-libx265-215_4.1-2_amd64.deb ...
#7 48.91 Unpacking libx265-215:amd64 (4.1-2) ...
#7 49.08 Selecting previously unselected package libxvidcore4:amd64.
#7 49.08 Preparing to unpack .../136-libxvidcore4_2%3a1.3.7-1+b2_amd64.deb ...
#7 49.08 Unpacking libxvidcore4:amd64 (2:1.3.7-1+b2) ...
#7 49.20 Selecting previously unselected package libzvbi-common.
#7 49.20 Preparing to unpack .../137-libzvbi-common_0.2.44-1_all.deb ...
#7 49.20 Unpacking libzvbi-common (0.2.44-1) ...
#7 49.32 Selecting previously unselected package libzvbi0t64:amd64.
#7 49.32 Preparing to unpack .../138-libzvbi0t64_0.2.44-1_amd64.deb ...
#7 49.32 Unpacking libzvbi0t64:amd64 (0.2.44-1) ...
#7 49.45 Selecting previously unselected package libavcodec61:amd64.
#7 49.45 Preparing to unpack .../139-libavcodec61_7%3a7.1.3-0+deb13u1_amd64.deb ...
#7 49.45 Unpacking libavcodec61:amd64 (7:7.1.3-0+deb13u1) ...
#7 49.80 Selecting previously unselected package libraw1394-11:amd64.
#7 49.80 Preparing to unpack .../140-libraw1394-11_2.1.2-2+b2_amd64.deb ...
#7 49.80 Unpacking libraw1394-11:amd64 (2.1.2-2+b2) ...
#7 49.91 Selecting previously unselected package libavc1394-0:amd64.
#7 49.91 Preparing to unpack .../141-libavc1394-0_0.5.4-5+b2_amd64.deb ...
#7 49.91 Unpacking libavc1394-0:amd64 (0.5.4-5+b2) ...
#7 50.02 Selecting previously unselected package libunibreak6:amd64.
#7 50.02 Preparing to unpack .../142-libunibreak6_6.1-3_amd64.deb ...
#7 50.02 Unpacking libunibreak6:amd64 (6.1-3) ...
#7 50.13 Selecting previously unselected package libass9:amd64.
#7 50.13 Preparing to unpack .../143-libass9_1%3a0.17.3-1+b1_amd64.deb ...
#7 50.13 Unpacking libass9:amd64 (1:0.17.3-1+b1) ...
#7 50.25 Selecting previously unselected package libudfread0:amd64.
#7 50.25 Preparing to unpack .../144-libudfread0_1.1.2-1+b2_amd64.deb ...
#7 50.25 Unpacking libudfread0:amd64 (1.1.2-1+b2) ...
#7 50.37 Selecting previously unselected package libbluray2:amd64.
#7 50.37 Preparing to unpack .../145-libbluray2_1%3a1.3.4-1+b2_amd64.deb ...
#7 50.37 Unpacking libbluray2:amd64 (1:1.3.4-1+b2) ...
#7 50.49 Selecting previously unselected package libchromaprint1:amd64.
#7 50.49 Preparing to unpack .../146-libchromaprint1_1.5.1-7_amd64.deb ...
#7 50.49 Unpacking libchromaprint1:amd64 (1.5.1-7) ...
#7 50.60 Selecting previously unselected package libdvdread8t64:amd64.
#7 50.60 Preparing to unpack .../147-libdvdread8t64_6.1.3-2_amd64.deb ...
#7 50.60 Unpacking libdvdread8t64:amd64 (6.1.3-2) ...
#7 50.71 Selecting previously unselected package libdvdnav4:amd64.
#7 50.71 Preparing to unpack .../148-libdvdnav4_6.1.1-3+b1_amd64.deb ...
#7 50.72 Unpacking libdvdnav4:amd64 (6.1.1-3+b1) ...
#7 50.82 Selecting previously unselected package libgme0:amd64.
#7 50.82 Preparing to unpack .../149-libgme0_0.6.3-7+b2_amd64.deb ...
#7 50.83 Unpacking libgme0:amd64 (0.6.3-7+b2) ...
#7 50.94 Selecting previously unselected package libunistring5:amd64.
#7 50.94 Preparing to unpack .../150-libunistring5_1.3-2_amd64.deb ...
#7 50.94 Unpacking libunistring5:amd64 (1.3-2) ...
#7 51.07 Selecting previously unselected package libidn2-0:amd64.
#7 51.07 Preparing to unpack .../151-libidn2-0_2.3.8-2_amd64.deb ...
#7 51.07 Unpacking libidn2-0:amd64 (2.3.8-2) ...
#7 51.18 Selecting previously unselected package libp11-kit0:amd64.
#7 51.19 Preparing to unpack .../152-libp11-kit0_0.25.5-3_amd64.deb ...
#7 51.19 Unpacking libp11-kit0:amd64 (0.25.5-3) ...
#7 51.32 Selecting previously unselected package libtasn1-6:amd64.
#7 51.32 Preparing to unpack .../153-libtasn1-6_4.20.0-2_amd64.deb ...
#7 51.32 Unpacking libtasn1-6:amd64 (4.20.0-2) ...
#7 51.43 Selecting previously unselected package libgnutls30t64:amd64.
#7 51.43 Preparing to unpack .../154-libgnutls30t64_3.8.9-3+deb13u1_amd64.deb ...
#7 51.43 Unpacking libgnutls30t64:amd64 (3.8.9-3+deb13u1) ...
#7 51.58 Selecting previously unselected package libmpg123-0t64:amd64.
#7 51.58 Preparing to unpack .../155-libmpg123-0t64_1.32.10-1_amd64.deb ...
#7 51.58 Unpacking libmpg123-0t64:amd64 (1.32.10-1) ...
#7 51.71 Selecting previously unselected package libvorbisfile3:amd64.
#7 51.71 Preparing to unpack .../156-libvorbisfile3_1.3.7-3_amd64.deb ...
#7 51.71 Unpacking libvorbisfile3:amd64 (1.3.7-3) ...
#7 51.83 Selecting previously unselected package libopenmpt0t64:amd64.
#7 51.83 Preparing to unpack .../157-libopenmpt0t64_0.7.13-1+b1_amd64.deb ...
#7 51.83 Unpacking libopenmpt0t64:amd64 (0.7.13-1+b1) ...
#7 51.97 Selecting previously unselected package librabbitmq4:amd64.
#7 51.97 Preparing to unpack .../158-librabbitmq4_0.15.0-1_amd64.deb ...
#7 51.97 Unpacking librabbitmq4:amd64 (0.15.0-1) ...
#7 52.08 Selecting previously unselected package libcjson1:amd64.
#7 52.09 Preparing to unpack .../159-libcjson1_1.7.18-3.1+deb13u1_amd64.deb ...
#7 52.09 Unpacking libcjson1:amd64 (1.7.18-3.1+deb13u1) ...
#7 52.20 Selecting previously unselected package libmbedcrypto16:amd64.
#7 52.20 Preparing to unpack .../160-libmbedcrypto16_3.6.5-0.1~deb13u1_amd64.deb ...
#7 52.20 Unpacking libmbedcrypto16:amd64 (3.6.5-0.1~deb13u1) ...
#7 52.31 Selecting previously unselected package librist4:amd64.
#7 52.31 Preparing to unpack .../161-librist4_0.2.11+dfsg-1_amd64.deb ...
#7 52.32 Unpacking librist4:amd64 (0.2.11+dfsg-1) ...
#7 52.42 Selecting previously unselected package libsrt1.5-gnutls:amd64.
#7 52.43 Preparing to unpack .../162-libsrt1.5-gnutls_1.5.4-1_amd64.deb ...
#7 52.43 Unpacking libsrt1.5-gnutls:amd64 (1.5.4-1) ...
#7 52.55 Selecting previously unselected package libkrb5support0:amd64.
#7 52.55 Preparing to unpack .../163-libkrb5support0_1.21.3-5_amd64.deb ...
#7 52.55 Unpacking libkrb5support0:amd64 (1.21.3-5) ...
#7 52.66 Selecting previously unselected package libcom-err2:amd64.
#7 52.66 Preparing to unpack .../164-libcom-err2_1.47.2-3+b7_amd64.deb ...
#7 52.66 Unpacking libcom-err2:amd64 (1.47.2-3+b7) ...
#7 52.78 Selecting previously unselected package libk5crypto3:amd64.
#7 52.78 Preparing to unpack .../165-libk5crypto3_1.21.3-5_amd64.deb ...
#7 52.78 Unpacking libk5crypto3:amd64 (1.21.3-5) ...
#7 52.90 Selecting previously unselected package libkeyutils1:amd64.
#7 52.90 Preparing to unpack .../166-libkeyutils1_1.6.3-6_amd64.deb ...
#7 52.90 Unpacking libkeyutils1:amd64 (1.6.3-6) ...
#7 53.02 Selecting previously unselected package libkrb5-3:amd64.
#7 53.02 Preparing to unpack .../167-libkrb5-3_1.21.3-5_amd64.deb ...
#7 53.03 Unpacking libkrb5-3:amd64 (1.21.3-5) ...
#7 53.15 Selecting previously unselected package libgssapi-krb5-2:amd64.
#7 53.15 Preparing to unpack .../168-libgssapi-krb5-2_1.21.3-5_amd64.deb ...
#7 53.15 Unpacking libgssapi-krb5-2:amd64 (1.21.3-5) ...
#7 53.27 Selecting previously unselected package libssh-4:amd64.
#7 53.27 Preparing to unpack .../169-libssh-4_0.11.2-1+deb13u1_amd64.deb ...
#7 53.27 Unpacking libssh-4:amd64 (0.11.2-1+deb13u1) ...
#7 53.39 Selecting previously unselected package libnorm1t64:amd64.
#7 53.39 Preparing to unpack .../170-libnorm1t64_1.5.9+dfsg-3.1+b2_amd64.deb ...
#7 53.39 Unpacking libnorm1t64:amd64 (1.5.9+dfsg-3.1+b2) ...
#7 53.51 Selecting previously unselected package libpgm-5.3-0t64:amd64.
#7 53.51 Preparing to unpack .../171-libpgm-5.3-0t64_5.3.128~dfsg-2.1+b1_amd64.deb ...
#7 53.51 Unpacking libpgm-5.3-0t64:amd64 (5.3.128~dfsg-2.1+b1) ...
#7 53.62 Selecting previously unselected package libsodium23:amd64.
#7 53.63 Preparing to unpack .../172-libsodium23_1.0.18-1+deb13u1_amd64.deb ...
#7 53.63 Unpacking libsodium23:amd64 (1.0.18-1+deb13u1) ...
#7 53.74 Selecting previously unselected package libzmq5:amd64.
#7 53.74 Preparing to unpack .../173-libzmq5_4.3.5-1+b3_amd64.deb ...
#7 53.74 Unpacking libzmq5:amd64 (4.3.5-1+b3) ...
#7 53.86 Selecting previously unselected package libavformat61:amd64.
#7 53.87 Preparing to unpack .../174-libavformat61_7%3a7.1.3-0+deb13u1_amd64.deb ...
#7 53.87 Unpacking libavformat61:amd64 (7:7.1.3-0+deb13u1) ...
#7 54.02 Selecting previously unselected package libbs2b0:amd64.
#7 54.02 Preparing to unpack .../175-libbs2b0_3.1.0+dfsg-8+b1_amd64.deb ...
#7 54.02 Unpacking libbs2b0:amd64 (3.1.0+dfsg-8+b1) ...
#7 54.13 Selecting previously unselected package libflite1:amd64.
#7 54.14 Preparing to unpack .../176-libflite1_2.2-7_amd64.deb ...
#7 54.14 Unpacking libflite1:amd64 (2.2-7) ...
#7 54.70 Selecting previously unselected package libserd-0-0:amd64.
#7 54.70 Preparing to unpack .../177-libserd-0-0_0.32.4-1_amd64.deb ...
#7 54.71 Unpacking libserd-0-0:amd64 (0.32.4-1) ...
#7 54.82 Selecting previously unselected package libzix-0-0:amd64.
#7 54.82 Preparing to unpack .../178-libzix-0-0_0.6.2-1_amd64.deb ...
#7 54.82 Unpacking libzix-0-0:amd64 (0.6.2-1) ...
#7 54.92 Selecting previously unselected package libsord-0-0:amd64.
#7 54.93 Preparing to unpack .../179-libsord-0-0_0.16.18-1_amd64.deb ...
#7 54.93 Unpacking libsord-0-0:amd64 (0.16.18-1) ...
#7 55.03 Selecting previously unselected package libsratom-0-0:amd64.
#7 55.03 Preparing to unpack .../180-libsratom-0-0_0.6.18-1_amd64.deb ...
#7 55.03 Unpacking libsratom-0-0:amd64 (0.6.18-1) ...
#7 55.14 Selecting previously unselected package liblilv-0-0:amd64.
#7 55.14 Preparing to unpack .../181-liblilv-0-0_0.24.26-1_amd64.deb ...
#7 55.14 Unpacking liblilv-0-0:amd64 (0.24.26-1) ...
#7 55.25 Selecting previously unselected package libmysofa1:amd64.
#7 55.25 Preparing to unpack .../182-libmysofa1_1.3.3+dfsg-1_amd64.deb ...
#7 55.25 Unpacking libmysofa1:amd64 (1.3.3+dfsg-1) ...
#7 55.38 Selecting previously unselected package libvulkan1:amd64.
#7 55.38 Preparing to unpack .../183-libvulkan1_1.4.309.0-1_amd64.deb ...
#7 55.38 Unpacking libvulkan1:amd64 (1.4.309.0-1) ...
#7 55.49 Selecting previously unselected package libplacebo349:amd64.
#7 55.49 Preparing to unpack .../184-libplacebo349_7.349.0-3_amd64.deb ...
#7 55.49 Unpacking libplacebo349:amd64 (7.349.0-3) ...
#7 55.70 Selecting previously unselected package libblas3:amd64.
#7 55.71 Preparing to unpack .../185-libblas3_3.12.1-6_amd64.deb ...
#7 55.72 Unpacking libblas3:amd64 (3.12.1-6) ...
#7 55.84 Selecting previously unselected package libgfortran5:amd64.
#7 55.84 Preparing to unpack .../186-libgfortran5_14.2.0-19_amd64.deb ...
#7 55.84 Unpacking libgfortran5:amd64 (14.2.0-19) ...
#7 55.99 Selecting previously unselected package liblapack3:amd64.
#7 55.99 Preparing to unpack .../187-liblapack3_3.12.1-6_amd64.deb ...
#7 56.00 Unpacking liblapack3:amd64 (3.12.1-6) ...
#7 56.20 Selecting previously unselected package libasyncns0:amd64.
#7 56.20 Preparing to unpack .../188-libasyncns0_0.8-6+b5_amd64.deb ...
#7 56.21 Unpacking libasyncns0:amd64 (0.8-6+b5) ...
#7 56.32 Selecting previously unselected package libflac14:amd64.
#7 56.32 Preparing to unpack .../189-libflac14_1.5.0+ds-2_amd64.deb ...
#7 56.32 Unpacking libflac14:amd64 (1.5.0+ds-2) ...
#7 56.44 Selecting previously unselected package libsndfile1:amd64.
#7 56.44 Preparing to unpack .../190-libsndfile1_1.2.2-2+b1_amd64.deb ...
#7 56.44 Unpacking libsndfile1:amd64 (1.2.2-2+b1) ...
#7 56.57 Selecting previously unselected package libpulse0:amd64.
#7 56.57 Preparing to unpack .../191-libpulse0_17.0+dfsg1-2+b1_amd64.deb ...
#7 56.57 Unpacking libpulse0:amd64 (17.0+dfsg1-2+b1) ...
#7 56.70 Selecting previously unselected package libsphinxbase3t64:amd64.
#7 56.70 Preparing to unpack .../192-libsphinxbase3t64_0.8+5prealpha+1-21+b1_amd64.deb ...
#7 56.70 Unpacking libsphinxbase3t64:amd64 (0.8+5prealpha+1-21+b1) ...
#7 56.82 Selecting previously unselected package libpocketsphinx3:amd64.
#7 56.82 Preparing to unpack .../193-libpocketsphinx3_0.8+5prealpha+1-15+b4_amd64.deb ...
#7 56.82 Unpacking libpocketsphinx3:amd64 (0.8+5prealpha+1-15+b4) ...
#7 56.94 Selecting previously unselected package libpostproc58:amd64.
#7 56.94 Preparing to unpack .../194-libpostproc58_7%3a7.1.3-0+deb13u1_amd64.deb ...
#7 56.94 Unpacking libpostproc58:amd64 (7:7.1.3-0+deb13u1) ...
#7 57.05 Selecting previously unselected package libfftw3-double3:amd64.
#7 57.06 Preparing to unpack .../195-libfftw3-double3_3.3.10-2+b1_amd64.deb ...
#7 57.06 Unpacking libfftw3-double3:amd64 (3.3.10-2+b1) ...
#7 57.19 Selecting previously unselected package libsamplerate0:amd64.
#7 57.20 Preparing to unpack .../196-libsamplerate0_0.2.2-4+b2_amd64.deb ...
#7 57.20 Unpacking libsamplerate0:amd64 (0.2.2-4+b2) ...
#7 57.34 Selecting previously unselected package librubberband2:amd64.
#7 57.34 Preparing to unpack .../197-librubberband2_3.3.0+dfsg-2+b3_amd64.deb ...
#7 57.34 Unpacking librubberband2:amd64 (3.3.0+dfsg-2+b3) ...
#7 57.46 Selecting previously unselected package libswscale8:amd64.
#7 57.46 Preparing to unpack .../198-libswscale8_7%3a7.1.3-0+deb13u1_amd64.deb ...
#7 57.46 Unpacking libswscale8:amd64 (7:7.1.3-0+deb13u1) ...
#7 57.57 Selecting previously unselected package libvidstab1.1:amd64.
#7 57.58 Preparing to unpack .../199-libvidstab1.1_1.1.0-2+b2_amd64.deb ...
#7 57.58 Unpacking libvidstab1.1:amd64 (1.1.0-2+b2) ...
#7 57.69 Selecting previously unselected package libzimg2:amd64.
#7 57.69 Preparing to unpack .../200-libzimg2_3.0.5+ds1-1+b2_amd64.deb ...
#7 57.69 Unpacking libzimg2:amd64 (3.0.5+ds1-1+b2) ...
#7 57.81 Selecting previously unselected package libavfilter10:amd64.
#7 57.81 Preparing to unpack .../201-libavfilter10_7%3a7.1.3-0+deb13u1_amd64.deb ...
#7 57.81 Unpacking libavfilter10:amd64 (7:7.1.3-0+deb13u1) ...
#7 58.09 Selecting previously unselected package libslang2:amd64.
#7 58.09 Preparing to unpack .../202-libslang2_2.3.3-5+b2_amd64.deb ...
#7 58.09 Unpacking libslang2:amd64 (2.3.3-5+b2) ...
#7 58.22 Selecting previously unselected package libcaca0:amd64.
#7 58.22 Preparing to unpack .../203-libcaca0_0.99.beta20-5_amd64.deb ...
#7 58.22 Unpacking libcaca0:amd64 (0.99.beta20-5) ...
#7 58.34 Selecting previously unselected package libcdio19t64:amd64.
#7 58.34 Preparing to unpack .../204-libcdio19t64_2.2.0-4_amd64.deb ...
#7 58.34 Unpacking libcdio19t64:amd64 (2.2.0-4) ...
#7 58.45 Selecting previously unselected package libcdio-cdda2t64:amd64.
#7 58.45 Preparing to unpack .../205-libcdio-cdda2t64_10.2+2.0.2-1+b1_amd64.deb ...
#7 58.45 Unpacking libcdio-cdda2t64:amd64 (10.2+2.0.2-1+b1) ...
#7 58.57 Selecting previously unselected package libcdio-paranoia2t64:amd64.
#7 58.57 Preparing to unpack .../206-libcdio-paranoia2t64_10.2+2.0.2-1+b1_amd64.deb ...
#7 58.57 Unpacking libcdio-paranoia2t64:amd64 (10.2+2.0.2-1+b1) ...
#7 58.68 Selecting previously unselected package libusb-1.0-0:amd64.
#7 58.68 Preparing to unpack .../207-libusb-1.0-0_2%3a1.0.28-1_amd64.deb ...
#7 58.68 Unpacking libusb-1.0-0:amd64 (2:1.0.28-1) ...
#7 58.79 Selecting previously unselected package libdc1394-25:amd64.
#7 58.79 Preparing to unpack .../208-libdc1394-25_2.2.6-5_amd64.deb ...
#7 58.79 Unpacking libdc1394-25:amd64 (2.2.6-5) ...
#7 58.91 Selecting previously unselected package libglvnd0:amd64.
#7 58.91 Preparing to unpack .../209-libglvnd0_1.7.0-1+b2_amd64.deb ...
#7 58.91 Unpacking libglvnd0:amd64 (1.7.0-1+b2) ...
#7 59.02 Selecting previously unselected package libxcb-glx0:amd64.
#7 59.03 Preparing to unpack .../210-libxcb-glx0_1.17.0-2+b1_amd64.deb ...
#7 59.03 Unpacking libxcb-glx0:amd64 (1.17.0-2+b1) ...
#7 59.14 Selecting previously unselected package libxcb-present0:amd64.
#7 59.14 Preparing to unpack .../211-libxcb-present0_1.17.0-2+b1_amd64.deb ...
#7 59.15 Unpacking libxcb-present0:amd64 (1.17.0-2+b1) ...
#7 59.26 Selecting previously unselected package libxcb-xfixes0:amd64.
#7 59.26 Preparing to unpack .../212-libxcb-xfixes0_1.17.0-2+b1_amd64.deb ...
#7 59.26 Unpacking libxcb-xfixes0:amd64 (1.17.0-2+b1) ...
#7 59.37 Selecting previously unselected package libxxf86vm1:amd64.
#7 59.38 Preparing to unpack .../213-libxxf86vm1_1%3a1.1.4-1+b4_amd64.deb ...
#7 59.38 Unpacking libxxf86vm1:amd64 (1:1.1.4-1+b4) ...
#7 59.49 Selecting previously unselected package libdrm-amdgpu1:amd64.
#7 59.49 Preparing to unpack .../214-libdrm-amdgpu1_2.4.124-2_amd64.deb ...
#7 59.49 Unpacking libdrm-amdgpu1:amd64 (2.4.124-2) ...
#7 59.60 Selecting previously unselected package libpciaccess0:amd64.
#7 59.60 Preparing to unpack .../215-libpciaccess0_0.17-3+b3_amd64.deb ...
#7 59.60 Unpacking libpciaccess0:amd64 (0.17-3+b3) ...
#7 59.71 Selecting previously unselected package libdrm-intel1:amd64.
#7 59.71 Preparing to unpack .../216-libdrm-intel1_2.4.124-2_amd64.deb ...
#7 59.71 Unpacking libdrm-intel1:amd64 (2.4.124-2) ...
#7 59.82 Selecting previously unselected package libelf1t64:amd64.
#7 59.83 Preparing to unpack .../217-libelf1t64_0.192-4_amd64.deb ...
#7 59.83 Unpacking libelf1t64:amd64 (0.192-4) ...
#7 59.94 Selecting previously unselected package libedit2:amd64.
#7 59.94 Preparing to unpack .../218-libedit2_3.1-20250104-1_amd64.deb ...
#7 59.94 Unpacking libedit2:amd64 (3.1-20250104-1) ...
#7 60.05 Selecting previously unselected package libz3-4:amd64.
#7 60.05 Preparing to unpack .../219-libz3-4_4.13.3-1_amd64.deb ...
#7 60.05 Unpacking libz3-4:amd64 (4.13.3-1) ...
#7 60.67 Selecting previously unselected package libllvm19:amd64.
#7 60.67 Preparing to unpack .../220-libllvm19_1%3a19.1.7-3+b1_amd64.deb ...
#7 60.67 Unpacking libllvm19:amd64 (1:19.1.7-3+b1) ...
#7 61.40 Selecting previously unselected package libsensors-config.
#7 61.40 Preparing to unpack .../221-libsensors-config_1%3a3.6.2-2_all.deb ...
#7 61.41 Unpacking libsensors-config (1:3.6.2-2) ...
#7 61.58 Selecting previously unselected package libsensors5:amd64.
#7 61.58 Preparing to unpack .../222-libsensors5_1%3a3.6.2-2_amd64.deb ...
#7 61.58 Unpacking libsensors5:amd64 (1:3.6.2-2) ...
#7 61.70 Selecting previously unselected package libxcb-randr0:amd64.
#7 61.70 Preparing to unpack .../223-libxcb-randr0_1.17.0-2+b1_amd64.deb ...
#7 61.70 Unpacking libxcb-randr0:amd64 (1.17.0-2+b1) ...
#7 61.81 Selecting previously unselected package libxcb-sync1:amd64.
#7 61.81 Preparing to unpack .../224-libxcb-sync1_1.17.0-2+b1_amd64.deb ...
#7 61.81 Unpacking libxcb-sync1:amd64 (1.17.0-2+b1) ...
#7 61.92 Selecting previously unselected package libxshmfence1:amd64.
#7 61.92 Preparing to unpack .../225-libxshmfence1_1.3.3-1_amd64.deb ...
#7 61.92 Unpacking libxshmfence1:amd64 (1.3.3-1) ...
#7 62.03 Selecting previously unselected package mesa-libgallium:amd64.
#7 62.03 Preparing to unpack .../226-mesa-libgallium_25.0.7-2_amd64.deb ...
#7 62.03 Unpacking mesa-libgallium:amd64 (25.0.7-2) ...
#7 62.48 Selecting previously unselected package libwayland-server0:amd64.
#7 62.49 Preparing to unpack .../227-libwayland-server0_1.23.1-3_amd64.deb ...
#7 62.49 Unpacking libwayland-server0:amd64 (1.23.1-3) ...
#7 62.60 Selecting previously unselected package libgbm1:amd64.
#7 62.60 Preparing to unpack .../228-libgbm1_25.0.7-2_amd64.deb ...
#7 62.60 Unpacking libgbm1:amd64 (25.0.7-2) ...
#7 62.72 Selecting previously unselected package libgl1-mesa-dri:amd64.
#7 62.72 Preparing to unpack .../229-libgl1-mesa-dri_25.0.7-2_amd64.deb ...
#7 62.79 Unpacking libgl1-mesa-dri:amd64 (25.0.7-2) ...
#7 62.90 Selecting previously unselected package libglx-mesa0:amd64.
#7 62.90 Preparing to unpack .../230-libglx-mesa0_25.0.7-2_amd64.deb ...
#7 62.90 Unpacking libglx-mesa0:amd64 (25.0.7-2) ...
#7 63.01 Selecting previously unselected package libglx0:amd64.
#7 63.01 Preparing to unpack .../231-libglx0_1.7.0-1+b2_amd64.deb ...
#7 63.01 Unpacking libglx0:amd64 (1.7.0-1+b2) ...
#7 63.12 Selecting previously unselected package libgl1:amd64.
#7 63.13 Preparing to unpack .../232-libgl1_1.7.0-1+b2_amd64.deb ...
#7 63.13 Unpacking libgl1:amd64 (1.7.0-1+b2) ...
#7 63.24 Selecting previously unselected package libiec61883-0:amd64.
#7 63.24 Preparing to unpack .../233-libiec61883-0_1.2.0-7_amd64.deb ...
#7 63.24 Unpacking libiec61883-0:amd64 (1.2.0-7) ...
#7 63.35 Selecting previously unselected package libjack-jackd2-0:amd64.
#7 63.35 Preparing to unpack .../234-libjack-jackd2-0_1.9.22~dfsg-4_amd64.deb ...
#7 63.35 Unpacking libjack-jackd2-0:amd64 (1.9.22~dfsg-4) ...
#7 63.47 Selecting previously unselected package libopenal-data.
#7 63.47 Preparing to unpack .../235-libopenal-data_1%3a1.24.2-1_all.deb ...
#7 63.47 Unpacking libopenal-data (1:1.24.2-1) ...
#7 63.59 Selecting previously unselected package libopenal1:amd64.
#7 63.59 Preparing to unpack .../236-libopenal1_1%3a1.24.2-1_amd64.deb ...
#7 63.59 Unpacking libopenal1:amd64 (1:1.24.2-1) ...
#7 63.72 Selecting previously unselected package libwayland-client0:amd64.
#7 63.72 Preparing to unpack .../237-libwayland-client0_1.23.1-3_amd64.deb ...
#7 63.73 Unpacking libwayland-client0:amd64 (1.23.1-3) ...
#7 63.83 Selecting previously unselected package libdecor-0-0:amd64.
#7 63.83 Preparing to unpack .../238-libdecor-0-0_0.2.2-2_amd64.deb ...
#7 63.83 Unpacking libdecor-0-0:amd64 (0.2.2-2) ...
#7 63.94 Selecting previously unselected package libwayland-cursor0:amd64.
#7 63.95 Preparing to unpack .../239-libwayland-cursor0_1.23.1-3_amd64.deb ...
#7 63.95 Unpacking libwayland-cursor0:amd64 (1.23.1-3) ...
#7 64.05 Selecting previously unselected package libwayland-egl1:amd64.
#7 64.05 Preparing to unpack .../240-libwayland-egl1_1.23.1-3_amd64.deb ...
#7 64.06 Unpacking libwayland-egl1:amd64 (1.23.1-3) ...
#7 64.16 Selecting previously unselected package libxcursor1:amd64.
#7 64.16 Preparing to unpack .../241-libxcursor1_1%3a1.2.3-1_amd64.deb ...
#7 64.17 Unpacking libxcursor1:amd64 (1:1.2.3-1) ...
#7 64.27 Selecting previously unselected package xkb-data.
#7 64.28 Preparing to unpack .../242-xkb-data_2.42-1_all.deb ...
#7 64.28 Unpacking xkb-data (2.42-1) ...
#7 64.42 Selecting previously unselected package libxkbcommon0:amd64.
#7 64.43 Preparing to unpack .../243-libxkbcommon0_1.7.0-2_amd64.deb ...
#7 64.43 Unpacking libxkbcommon0:amd64 (1.7.0-2) ...
#7 64.54 Selecting previously unselected package libxrandr2:amd64.
#7 64.54 Preparing to unpack .../244-libxrandr2_2%3a1.5.4-1+b3_amd64.deb ...
#7 64.54 Unpacking libxrandr2:amd64 (2:1.5.4-1+b3) ...
#7 64.65 Selecting previously unselected package libxss1:amd64.
#7 64.65 Preparing to unpack .../245-libxss1_1%3a1.2.3-1+b3_amd64.deb ...
#7 64.66 Unpacking libxss1:amd64 (1:1.2.3-1+b3) ...
#7 64.76 Selecting previously unselected package libsdl2-2.0-0:amd64.
#7 64.76 Preparing to unpack .../246-libsdl2-2.0-0_2.32.4+dfsg-1_amd64.deb ...
#7 64.76 Unpacking libsdl2-2.0-0:amd64 (2.32.4+dfsg-1) ...
#7 64.90 Selecting previously unselected package libxcb-shape0:amd64.
#7 64.90 Preparing to unpack .../247-libxcb-shape0_1.17.0-2+b1_amd64.deb ...
#7 64.90 Unpacking libxcb-shape0:amd64 (1.17.0-2+b1) ...
#7 65.01 Selecting previously unselected package libxv1:amd64.
#7 65.01 Preparing to unpack .../248-libxv1_2%3a1.0.11-1.1+b3_amd64.deb ...
#7 65.01 Unpacking libxv1:amd64 (2:1.0.11-1.1+b3) ...
#7 65.12 Selecting previously unselected package libavdevice61:amd64.
#7 65.12 Preparing to unpack .../249-libavdevice61_7%3a7.1.3-0+deb13u1_amd64.deb ...
#7 65.12 Unpacking libavdevice61:amd64 (7:7.1.3-0+deb13u1) ...
#7 65.23 Selecting previously unselected package ffmpeg.
#7 65.23 Preparing to unpack .../250-ffmpeg_7%3a7.1.3-0+deb13u1_amd64.deb ...
#7 65.23 Unpacking ffmpeg (7:7.1.3-0+deb13u1) ...
#7 65.40 Selecting previously unselected package libcc1-0:amd64.
#7 65.40 Preparing to unpack .../251-libcc1-0_14.2.0-19_amd64.deb ...
#7 65.40 Unpacking libcc1-0:amd64 (14.2.0-19) ...
#7 65.51 Selecting previously unselected package libitm1:amd64.
#7 65.51 Preparing to unpack .../252-libitm1_14.2.0-19_amd64.deb ...
#7 65.51 Unpacking libitm1:amd64 (14.2.0-19) ...
#7 65.62 Selecting previously unselected package libasan8:amd64.
#7 65.63 Preparing to unpack .../253-libasan8_14.2.0-19_amd64.deb ...
#7 65.63 Unpacking libasan8:amd64 (14.2.0-19) ...
#7 65.85 Selecting previously unselected package liblsan0:amd64.
#7 65.85 Preparing to unpack .../254-liblsan0_14.2.0-19_amd64.deb ...
#7 65.85 Unpacking liblsan0:amd64 (14.2.0-19) ...
#7 66.01 Selecting previously unselected package libtsan2:amd64.
#7 66.01 Preparing to unpack .../255-libtsan2_14.2.0-19_amd64.deb ...
#7 66.01 Unpacking libtsan2:amd64 (14.2.0-19) ...
#7 66.23 Selecting previously unselected package libubsan1:amd64.
#7 66.23 Preparing to unpack .../256-libubsan1_14.2.0-19_amd64.deb ...
#7 66.23 Unpacking libubsan1:amd64 (14.2.0-19) ...
#7 66.39 Selecting previously unselected package libhwasan0:amd64.
#7 66.39 Preparing to unpack .../257-libhwasan0_14.2.0-19_amd64.deb ...
#7 66.39 Unpacking libhwasan0:amd64 (14.2.0-19) ...
#7 66.56 Selecting previously unselected package libquadmath0:amd64.
#7 66.56 Preparing to unpack .../258-libquadmath0_14.2.0-19_amd64.deb ...
#7 66.56 Unpacking libquadmath0:amd64 (14.2.0-19) ...
#7 66.68 Selecting previously unselected package libgcc-14-dev:amd64.
#7 66.68 Preparing to unpack .../259-libgcc-14-dev_14.2.0-19_amd64.deb ...
#7 66.68 Unpacking libgcc-14-dev:amd64 (14.2.0-19) ...
#7 66.89 Selecting previously unselected package gcc-14-x86-64-linux-gnu.
#7 66.89 Preparing to unpack .../260-gcc-14-x86-64-linux-gnu_14.2.0-19_amd64.deb ...
#7 66.89 Unpacking gcc-14-x86-64-linux-gnu (14.2.0-19) ...
#7 67.61 Selecting previously unselected package gcc-14.
#7 67.61 Preparing to unpack .../261-gcc-14_14.2.0-19_amd64.deb ...
#7 67.61 Unpacking gcc-14 (14.2.0-19) ...
#7 67.73 Selecting previously unselected package gcc-x86-64-linux-gnu.
#7 67.73 Preparing to unpack .../262-gcc-x86-64-linux-gnu_4%3a14.2.0-1_amd64.deb ...
#7 67.73 Unpacking gcc-x86-64-linux-gnu (4:14.2.0-1) ...
#7 67.84 Selecting previously unselected package gcc.
#7 67.84 Preparing to unpack .../263-gcc_4%3a14.2.0-1_amd64.deb ...
#7 67.84 Unpacking gcc (4:14.2.0-1) ...
#7 67.95 Selecting previously unselected package libc-dev-bin.
#7 67.95 Preparing to unpack .../264-libc-dev-bin_2.41-12+deb13u1_amd64.deb ...
#7 67.95 Unpacking libc-dev-bin (2.41-12+deb13u1) ...
#7 68.06 Selecting previously unselected package linux-libc-dev.
#7 68.06 Preparing to unpack .../265-linux-libc-dev_6.12.63-1_all.deb ...
#7 68.06 Unpacking linux-libc-dev (6.12.63-1) ...
#7 68.30 Selecting previously unselected package libcrypt-dev:amd64.
#7 68.30 Preparing to unpack .../266-libcrypt-dev_1%3a4.4.38-1_amd64.deb ...
#7 68.37 Unpacking libcrypt-dev:amd64 (1:4.4.38-1) ...
#7 68.48 Selecting previously unselected package rpcsvc-proto.
#7 68.48 Preparing to unpack .../267-rpcsvc-proto_1.4.3-1_amd64.deb ...
#7 68.48 Unpacking rpcsvc-proto (1.4.3-1) ...
#7 68.59 Selecting previously unselected package libc6-dev:amd64.
#7 68.59 Preparing to unpack .../268-libc6-dev_2.41-12+deb13u1_amd64.deb ...
#7 68.59 Unpacking libc6-dev:amd64 (2.41-12+deb13u1) ...
#7 68.80 Selecting previously unselected package libstdc++-14-dev:amd64.
#7 68.80 Preparing to unpack .../269-libstdc++-14-dev_14.2.0-19_amd64.deb ...
#7 68.80 Unpacking libstdc++-14-dev:amd64 (14.2.0-19) ...
#7 69.15 Selecting previously unselected package g++-14-x86-64-linux-gnu.
#7 69.15 Preparing to unpack .../270-g++-14-x86-64-linux-gnu_14.2.0-19_amd64.deb ...
#7 69.16 Unpacking g++-14-x86-64-linux-gnu (14.2.0-19) ...
#7 69.70 Selecting previously unselected package g++-14.
#7 69.70 Preparing to unpack .../271-g++-14_14.2.0-19_amd64.deb ...
#7 69.70 Unpacking g++-14 (14.2.0-19) ...
#7 69.81 Selecting previously unselected package g++-x86-64-linux-gnu.
#7 69.81 Preparing to unpack .../272-g++-x86-64-linux-gnu_4%3a14.2.0-1_amd64.deb ...
#7 69.81 Unpacking g++-x86-64-linux-gnu (4:14.2.0-1) ...
#7 69.92 Selecting previously unselected package g++.
#7 69.92 Preparing to unpack .../273-g++_4%3a14.2.0-1_amd64.deb ...
#7 69.92 Unpacking g++ (4:14.2.0-1) ...
#7 70.03 Selecting previously unselected package i965-va-driver:amd64.
#7 70.03 Preparing to unpack .../274-i965-va-driver_2.4.1+dfsg1-2_amd64.deb ...
#7 70.03 Unpacking i965-va-driver:amd64 (2.4.1+dfsg1-2) ...
#7 70.15 Selecting previously unselected package libigdgmm12:amd64.
#7 70.15 Preparing to unpack .../275-libigdgmm12_22.7.2+ds1-1_amd64.deb ...
#7 70.16 Unpacking libigdgmm12:amd64 (22.7.2+ds1-1) ...
#7 70.27 Selecting previously unselected package intel-media-va-driver:amd64.
#7 70.27 Preparing to unpack .../276-intel-media-va-driver_25.2.3+dfsg1-1_amd64.deb ...
#7 70.28 Unpacking intel-media-va-driver:amd64 (25.2.3+dfsg1-1) ...
#7 70.53 Selecting previously unselected package libgpg-error0:amd64.
#7 70.54 Preparing to unpack .../277-libgpg-error0_1.51-4_amd64.deb ...
#7 70.54 Unpacking libgpg-error0:amd64 (1.51-4) ...
#7 70.66 Selecting previously unselected package libgcrypt20:amd64.
#7 70.66 Preparing to unpack .../278-libgcrypt20_1.11.0-7_amd64.deb ...
#7 70.66 Unpacking libgcrypt20:amd64 (1.11.0-7) ...
#7 70.80 Selecting previously unselected package libaacs0:amd64.
#7 70.80 Preparing to unpack .../279-libaacs0_0.11.1-4+b1_amd64.deb ...
#7 70.80 Unpacking libaacs0:amd64 (0.11.1-4+b1) ...
#7 70.91 Selecting previously unselected package libatk1.0-0t64:amd64.
#7 70.91 Preparing to unpack .../280-libatk1.0-0t64_2.56.2-1+deb13u1_amd64.deb ...
#7 70.91 Unpacking libatk1.0-0t64:amd64 (2.56.2-1+deb13u1) ...
#7 71.02 Selecting previously unselected package libatk-bridge2.0-0t64:amd64.
#7 71.02 Preparing to unpack .../281-libatk-bridge2.0-0t64_2.56.2-1+deb13u1_amd64.deb ...
#7 71.02 Unpacking libatk-bridge2.0-0t64:amd64 (2.56.2-1+deb13u1) ...
#7 71.13 Selecting previously unselected package libavahi-common-data:amd64.
#7 71.13 Preparing to unpack .../282-libavahi-common-data_0.8-16_amd64.deb ...
#7 71.14 Unpacking libavahi-common-data:amd64 (0.8-16) ...
#7 71.25 Selecting previously unselected package libavahi-common3:amd64.
#7 71.25 Preparing to unpack .../283-libavahi-common3_0.8-16_amd64.deb ...
#7 71.25 Unpacking libavahi-common3:amd64 (0.8-16) ...
#7 71.36 Selecting previously unselected package libavahi-client3:amd64.
#7 71.36 Preparing to unpack .../284-libavahi-client3_0.8-16_amd64.deb ...
#7 71.36 Unpacking libavahi-client3:amd64 (0.8-16) ...
#7 71.47 Selecting previously unselected package libbdplus0:amd64.
#7 71.47 Preparing to unpack .../285-libbdplus0_0.2.0-4+b1_amd64.deb ...
#7 71.47 Unpacking libbdplus0:amd64 (0.2.0-4+b1) ...
#7 71.58 Selecting previously unselected package libcloudproviders0:amd64.
#7 71.59 Preparing to unpack .../286-libcloudproviders0_0.3.6-2_amd64.deb ...
#7 71.59 Unpacking libcloudproviders0:amd64 (0.3.6-2) ...
#7 71.70 Selecting previously unselected package libcolord2:amd64.
#7 71.70 Preparing to unpack .../287-libcolord2_1.4.7-3_amd64.deb ...
#7 71.70 Unpacking libcolord2:amd64 (1.4.7-3) ...
#7 71.81 Selecting previously unselected package libjson-c5:amd64.
#7 71.81 Preparing to unpack .../288-libjson-c5_0.18+ds-1_amd64.deb ...
#7 71.81 Unpacking libjson-c5:amd64 (0.18+ds-1) ...
#7 71.92 Selecting previously unselected package libcryptsetup12:amd64.
#7 71.92 Preparing to unpack .../289-libcryptsetup12_2%3a2.7.5-2_amd64.deb ...
#7 71.92 Unpacking libcryptsetup12:amd64 (2:2.7.5-2) ...
#7 72.05 Selecting previously unselected package libcups2t64:amd64.
#7 72.05 Preparing to unpack .../290-libcups2t64_2.4.10-3+deb13u2_amd64.deb ...
#7 72.05 Unpacking libcups2t64:amd64 (2.4.10-3+deb13u2) ...
#7 72.17 Selecting previously unselected package libepoxy0:amd64.
#7 72.17 Preparing to unpack .../291-libepoxy0_1.5.10-2_amd64.deb ...
#7 72.17 Unpacking libepoxy0:amd64 (1.5.10-2) ...
#7 72.29 Selecting previously unselected package libxcomposite1:amd64.
#7 72.29 Preparing to unpack .../292-libxcomposite1_1%3a0.4.6-1_amd64.deb ...
#7 72.29 Unpacking libxcomposite1:amd64 (1:0.4.6-1) ...
#7 72.40 Selecting previously unselected package libxdamage1:amd64.
#7 72.40 Preparing to unpack .../293-libxdamage1_1%3a1.1.6-1+b2_amd64.deb ...
#7 72.40 Unpacking libxdamage1:amd64 (1:1.1.6-1+b2) ...
#7 72.51 Selecting previously unselected package libxinerama1:amd64.
#7 72.51 Preparing to unpack .../294-libxinerama1_2%3a1.1.4-3+b4_amd64.deb ...
#7 72.51 Unpacking libxinerama1:amd64 (2:1.1.4-3+b4) ...
#7 72.62 Selecting previously unselected package libgtk-3-common.
#7 72.62 Preparing to unpack .../295-libgtk-3-common_3.24.49-3_all.deb ...
#7 72.62 Unpacking libgtk-3-common (3.24.49-3) ...
#7 72.92 Selecting previously unselected package libgtk-3-0t64:amd64.
#7 72.92 Preparing to unpack .../296-libgtk-3-0t64_3.24.49-3_amd64.deb ...
#7 72.99 Unpacking libgtk-3-0t64:amd64 (3.24.49-3) ...
#7 73.22 Selecting previously unselected package libdecor-0-plugin-1-gtk:amd64.
#7 73.22 Preparing to unpack .../297-libdecor-0-plugin-1-gtk_0.2.2-2_amd64.deb ...
#7 73.22 Unpacking libdecor-0-plugin-1-gtk:amd64 (0.2.2-2) ...
#7 73.33 Selecting previously unselected package libogg-dev:amd64.
#7 73.33 Preparing to unpack .../298-libogg-dev_1.3.5-3+b2_amd64.deb ...
#7 73.33 Unpacking libogg-dev:amd64 (1.3.5-3+b2) ...
#7 73.45 Selecting previously unselected package libflac-dev:amd64.
#7 73.45 Preparing to unpack .../299-libflac-dev_1.5.0+ds-2_amd64.deb ...
#7 73.45 Unpacking libflac-dev:amd64 (1.5.0+ds-2) ...
#7 73.56 Selecting previously unselected package libgdk-pixbuf2.0-bin.
#7 73.57 Preparing to unpack .../300-libgdk-pixbuf2.0-bin_2.42.12+dfsg-4_amd64.deb ...
#7 73.57 Unpacking libgdk-pixbuf2.0-bin (2.42.12+dfsg-4) ...
#7 73.68 Selecting previously unselected package libglib2.0-data.
#7 73.68 Preparing to unpack .../301-libglib2.0-data_2.84.4-3~deb13u2_all.deb ...
#7 73.68 Unpacking libglib2.0-data (2.84.4-3~deb13u2) ...
#7 73.84 Selecting previously unselected package libgpg-error-l10n.
#7 73.84 Preparing to unpack .../302-libgpg-error-l10n_1.51-4_all.deb ...
#7 73.84 Unpacking libgpg-error-l10n (1.51-4) ...
#7 73.95 Selecting previously unselected package libgtk-3-bin.
#7 73.95 Preparing to unpack .../303-libgtk-3-bin_3.24.49-3_amd64.deb ...
#7 73.95 Unpacking libgtk-3-bin (3.24.49-3) ...
#7 74.07 Selecting previously unselected package libkmod2:amd64.
#7 74.07 Preparing to unpack .../304-libkmod2_34.2-2_amd64.deb ...
#7 74.07 Unpacking libkmod2:amd64 (34.2-2) ...
#7 74.18 Selecting previously unselected package libout123-0t64:amd64.
#7 74.18 Preparing to unpack .../305-libout123-0t64_1.32.10-1_amd64.deb ...
#7 74.18 Unpacking libout123-0t64:amd64 (1.32.10-1) ...
#7 74.29 Selecting previously unselected package libsyn123-0t64:amd64.
#7 74.29 Preparing to unpack .../306-libsyn123-0t64_1.32.10-1_amd64.deb ...
#7 74.29 Unpacking libsyn123-0t64:amd64 (1.32.10-1) ...
#7 74.40 Selecting previously unselected package libmpg123-dev:amd64.
#7 74.41 Preparing to unpack .../307-libmpg123-dev_1.32.10-1_amd64.deb ...
#7 74.41 Unpacking libmpg123-dev:amd64 (1.32.10-1) ...
#7 74.52 Selecting previously unselected package libopus-dev:amd64.
#7 74.52 Preparing to unpack .../308-libopus-dev_1.5.2-2_amd64.deb ...
#7 74.52 Unpacking libopus-dev:amd64 (1.5.2-2) ...
#7 74.74 Selecting previously unselected package libpkgconf3:amd64.
#7 74.74 Preparing to unpack .../309-libpkgconf3_1.8.1-4_amd64.deb ...
#7 74.74 Unpacking libpkgconf3:amd64 (1.8.1-4) ...
#7 74.85 Selecting previously unselected package librsvg2-common:amd64.
#7 74.86 Preparing to unpack .../310-librsvg2-common_2.60.0+dfsg-1_amd64.deb ...
#7 74.86 Unpacking librsvg2-common:amd64 (2.60.0+dfsg-1) ...
#7 74.97 Selecting previously unselected package libvorbis-dev:amd64.
#7 74.97 Preparing to unpack .../311-libvorbis-dev_1.3.7-3_amd64.deb ...
#7 74.97 Unpacking libvorbis-dev:amd64 (1.3.7-3) ...
#7 75.10 Selecting previously unselected package libsndfile1-dev:amd64.
#7 75.10 Preparing to unpack .../312-libsndfile1-dev_1.2.2-2+b1_amd64.deb ...
#7 75.10 Unpacking libsndfile1-dev:amd64 (1.2.2-2+b1) ...
#7 75.24 Selecting previously unselected package libvdpau-va-gl1:amd64.
#7 75.24 Preparing to unpack .../313-libvdpau-va-gl1_0.4.2-2_amd64.deb ...
#7 75.24 Unpacking libvdpau-va-gl1:amd64 (0.4.2-2) ...
#7 75.36 Selecting previously unselected package manpages-dev.
#7 75.36 Preparing to unpack .../314-manpages-dev_6.9.1-1_all.deb ...
#7 75.36 Unpacking manpages-dev (6.9.1-1) ...
#7 75.54 Selecting previously unselected package mesa-va-drivers:amd64.
#7 75.55 Preparing to unpack .../315-mesa-va-drivers_25.0.7-2_amd64.deb ...
#7 75.55 Unpacking mesa-va-drivers:amd64 (25.0.7-2) ...
#7 75.66 Selecting previously unselected package mesa-vdpau-drivers:amd64.
#7 75.66 Preparing to unpack .../316-mesa-vdpau-drivers_25.0.7-2_amd64.deb ...
#7 75.66 Unpacking mesa-vdpau-drivers:amd64 (25.0.7-2) ...
#7 75.77 Selecting previously unselected package mesa-vulkan-drivers:amd64.
#7 75.77 Preparing to unpack .../317-mesa-vulkan-drivers_25.0.7-2_amd64.deb ...
#7 75.77 Unpacking mesa-vulkan-drivers:amd64 (25.0.7-2) ...
#7 76.41 Selecting previously unselected package pkgconf-bin.
#7 76.41 Preparing to unpack .../318-pkgconf-bin_1.8.1-4_amd64.deb ...
#7 76.41 Unpacking pkgconf-bin (1.8.1-4) ...
#7 76.52 Selecting previously unselected package pkgconf:amd64.
#7 76.52 Preparing to unpack .../319-pkgconf_1.8.1-4_amd64.deb ...
#7 76.54 Unpacking pkgconf:amd64 (1.8.1-4) ...
#7 76.66 Selecting previously unselected package pocketsphinx-en-us.
#7 76.66 Preparing to unpack .../320-pocketsphinx-en-us_0.8+5prealpha+1-15_all.deb ...
#7 76.66 Unpacking pocketsphinx-en-us (0.8+5prealpha+1-15) ...
#7 77.38 Selecting previously unselected package psmisc.
#7 77.39 Preparing to unpack .../321-psmisc_23.7-2_amd64.deb ...
#7 77.39 Unpacking psmisc (23.7-2) ...
#7 77.50 Selecting previously unselected package systemd-cryptsetup.
#7 77.51 Preparing to unpack .../322-systemd-cryptsetup_257.9-1~deb13u1_amd64.deb ...
#7 77.51 Unpacking systemd-cryptsetup (257.9-1~deb13u1) ...
#7 77.62 Selecting previously unselected package va-driver-all:amd64.
#7 77.62 Preparing to unpack .../323-va-driver-all_2.22.0-3_amd64.deb ...
#7 77.62 Unpacking va-driver-all:amd64 (2.22.0-3) ...
#7 77.73 Selecting previously unselected package vdpau-driver-all:amd64.
#7 77.74 Preparing to unpack .../324-vdpau-driver-all_1.5-3+b1_amd64.deb ...
#7 77.74 Unpacking vdpau-driver-all:amd64 (1.5-3+b1) ...
#7 77.85 Selecting previously unselected package xdg-user-dirs.
#7 77.85 Preparing to unpack .../325-xdg-user-dirs_0.18-2_amd64.deb ...
#7 77.90 Unpacking xdg-user-dirs (0.18-2) ...
#7 78.00 Setting up libgme0:amd64 (0.6.3-7+b2) ...
#7 78.01 Setting up libchromaprint1:amd64 (1.5.1-7) ...
#7 78.01 Setting up libhwy1t64:amd64 (1.2.0-2+b2) ...
#7 78.01 Setting up libexpat1:amd64 (2.7.1-2) ...
#7 78.02 Setting up libgraphite2-3:amd64 (1.3.14-2+b1) ...
#7 78.02 Setting up liblcms2-2:amd64 (2.16-2) ...
#7 78.02 Setting up libpixman-1-0:amd64 (0.44.0-3) ...
#7 78.03 Setting up libdvdread8t64:amd64 (6.1.3-2) ...
#7 78.03 Setting up libudfread0:amd64 (1.1.2-1+b2) ...
#7 78.03 Setting up libnorm1t64:amd64 (1.5.9+dfsg-3.1+b2) ...
#7 78.04 Setting up libsharpyuv0:amd64 (1.5.0-0.1) ...
#7 78.04 Setting up libwayland-server0:amd64 (1.23.1-3) ...
#7 78.04 Setting up libaom3:amd64 (3.12.1-1) ...
#7 78.04 Setting up libpciaccess0:amd64 (0.17-3+b3) ...
#7 78.05 Setting up librabbitmq4:amd64 (0.15.0-1) ...
#7 78.05 Setting up systemd-sysv (257.9-1~deb13u1) ...
#7 78.15 Setting up libxau6:amd64 (1:1.0.11-1) ...
#7 78.15 Setting up libxdmcp6:amd64 (1:1.1.5-1) ...
#7 78.15 Setting up libraw1394-11:amd64 (2.1.2-2+b2) ...
#7 78.16 Setting up libkeyutils1:amd64 (1.6.3-6) ...
#7 78.16 Setting up libxcb1:amd64 (1.17.0-2+b1) ...
#7 78.17 Setting up libsodium23:amd64 (1.0.18-1+deb13u1) ...
#7 78.17 Setting up libxcb-xfixes0:amd64 (1.17.0-2+b1) ...
#7 78.18 Setting up libogg0:amd64 (1.3.5-3+b2) ...
#7 78.18 Setting up liblerc4:amd64 (4.0.0+ds-5) ...
#7 78.19 Setting up libspeex1:amd64 (1.2.1-3) ...
#7 78.19 Setting up libshine3:amd64 (3.1.1-2+b2) ...
#7 78.20 Setting up libvpl2 (1:2.14.0-1+b1) ...
#7 78.20 Setting up hicolor-icon-theme (0.18-2) ...
#7 78.29 Setting up libx264-164:amd64 (2:0.164.3108+git31e19f9-2+b1) ...
#7 78.30 Setting up libtwolame0:amd64 (0.4.0-2+b2) ...
#7 78.30 Setting up libgpg-error0:amd64 (1.51-4) ...
#7 78.31 Setting up libdatrie1:amd64 (0.2.13-3+b1) ...
#7 78.31 Setting up xdg-user-dirs (0.18-2) ...
#7 78.37 Setting up libgsm1:amd64 (1.0.22-1+b2) ...
#7 78.37 Setting up psmisc (23.7-2) ...
#7 78.38 Setting up libxcb-render0:amd64 (1.17.0-2+b1) ...
#7 78.38 Setting up libzix-0-0:amd64 (0.6.2-1) ...
#7 78.38 Setting up manpages (6.9.1-1) ...
#7 78.39 Setting up libglvnd0:amd64 (1.7.0-1+b2) ...
#7 78.39 Setting up libcodec2-1.2:amd64 (1.2.0-3) ...
#7 78.40 Setting up libxcb-glx0:amd64 (1.17.0-2+b1) ...
#7 78.40 Setting up libbrotli1:amd64 (1.1.0-2+b7) ...
#7 78.40 Setting up libedit2:amd64 (3.1-20250104-1) ...
#7 78.41 Setting up libgdk-pixbuf2.0-common (2.42.12+dfsg-4) ...
#7 78.41 Setting up libmysofa1:amd64 (1.3.3+dfsg-1) ...
#7 78.42 Setting up libxcb-shape0:amd64 (1.17.0-2+b1) ...
#7 78.42 Setting up binutils-common:amd64 (2.44-3) ...
#7 78.42 Setting up x11-common (1:7.7+24+deb13u1) ...
#7 78.70 debconf: unable to initialize frontend: Dialog
#7 78.70 debconf: (TERM is not set, so the dialog frontend is not usable.)
#7 78.70 debconf: falling back to frontend: Readline
#7 78.70 debconf: unable to initialize frontend: Readline
#7 78.70 debconf: (Can't locate Term/ReadLine.pm in @INC (you may need to install the Term::ReadLine module) (@INC entries checked: /etc/perl /usr/local/lib/x86_64-linux-gnu/perl/5.40.1 /usr/local/share/perl/5.40.1 /usr/lib/x86_64-linux-gnu/perl5/5.40 /usr/share/perl5 /usr/lib/x86_64-linux-gnu/perl-base /usr/lib/x86_64-linux-gnu/perl/5.40 /usr/share/perl/5.40 /usr/local/lib/site_perl) at /usr/share/perl5/Debconf/FrontEnd/Readline.pm line 8.)
#7 78.70 debconf: falling back to frontend: Teletype
#7 78.76 debconf: unable to initialize frontend: Teletype
#7 78.76 debconf: (This frontend requires a controlling tty.)
#7 78.76 debconf: falling back to frontend: Noninteractive
#7 78.94 invoke-rc.d: could not determine current runlevel
#7 78.99 invoke-rc.d: policy-rc.d denied execution of start.
#7 79.00 Setting up libsensors-config (1:3.6.2-2) ...
#7 79.00 Setting up libcdio19t64:amd64 (2.2.0-4) ...
#7 79.01 Setting up libdeflate0:amd64 (1.23-2) ...
#7 79.01 Setting up linux-libc-dev (6.12.63-1) ...
#7 79.01 Setting up libctf-nobfd0:amd64 (2.44-3) ...
#7 79.02 Setting up libgcrypt20:amd64 (1.11.0-7) ...
#7 79.04 Setting up libnss-systemd:amd64 (257.9-1~deb13u1) ...
#7 79.20 Setting up xkb-data (2.42-1) ...
#7 79.21 Setting up krb5-locales (1.21.3-5) ...
#7 79.21 Setting up libxcb-shm0:amd64 (1.17.0-2+b1) ...
#7 79.21 Setting up libcom-err2:amd64 (1.47.2-3+b7) ...
#7 79.22 Setting up libigdgmm12:amd64 (22.7.2+ds1-1) ...
#7 79.22 Setting up libogg-dev:amd64 (1.3.5-3+b2) ...
#7 79.22 Setting up libmpg123-0t64:amd64 (1.32.10-1) ...
#7 79.22 Setting up libgomp1:amd64 (14.2.0-19) ...
#7 79.23 Setting up libcjson1:amd64 (1.7.18-3.1+deb13u1) ...
#7 79.23 Setting up libxvidcore4:amd64 (2:1.3.7-1+b2) ...
#7 79.23 Setting up libjbig0:amd64 (2.1-6.1+b2) ...
#7 79.24 Setting up libsframe1:amd64 (2.44-3) ...
#7 79.24 Setting up libelf1t64:amd64 (0.192-4) ...
#7 79.24 Setting up libjansson4:amd64 (2.14-2+b3) ...
#7 79.25 Setting up libsnappy1v5:amd64 (1.2.2-1) ...
#7 79.25 Setting up libcdio-cdda2t64:amd64 (10.2+2.0.2-1+b1) ...
#7 79.25 Setting up libkrb5support0:amd64 (1.21.3-5) ...
#7 79.26 Setting up libxcb-present0:amd64 (1.17.0-2+b1) ...
#7 79.26 Setting up libasound2-data (1.2.14-1) ...
#7 79.27 Setting up libpgm-5.3-0t64:amd64 (5.3.128~dfsg-2.1+b1) ...
#7 79.28 Setting up libtheoraenc1:amd64 (1.2.0~alpha1+dfsg-6) ...
#7 79.28 Setting up libz3-4:amd64 (4.13.3-1) ...
#7 79.29 Setting up libblas3:amd64 (3.12.1-6) ...
#7 79.33 update-alternatives: using /usr/lib/x86_64-linux-gnu/blas/libblas.so.3 to provide /usr/lib/x86_64-linux-gnu/libblas.so.3 (libblas.so.3-x86_64-linux-gnu) in auto mode
#7 79.33 Setting up libglib2.0-data (2.84.4-3~deb13u2) ...
#7 79.34 Setting up libpkgconf3:amd64 (1.8.1-4) ...
#7 79.34 Setting up rpcsvc-proto (1.4.3-1) ...
#7 79.34 Setting up linux-sysctl-defaults (4.12) ...
#7 79.35 Setting up libasound2t64:amd64 (1.2.14-1) ...
#7 79.35 Setting up libjpeg62-turbo:amd64 (1:2.1.5-4) ...
#7 79.35 Setting up libslang2:amd64 (2.3.3-5+b2) ...
#7 79.36 Setting up libva2:amd64 (2.22.0-3) ...
#7 79.36 Setting up libx11-data (2:1.8.12-1) ...
#7 79.36 Setting up libsvtav1enc2:amd64 (2.3.0+dfsg-1) ...
#7 79.37 Setting up libepoxy0:amd64 (1.5.10-2) ...
#7 79.37 Setting up libmpfr6:amd64 (4.2.2-1) ...
#7 79.38 Setting up libsyn123-0t64:amd64 (1.32.10-1) ...
#7 79.38 Setting up libxcb-sync1:amd64 (1.17.0-2+b1) ...
#7 79.38 Setting up libavahi-common-data:amd64 (0.8-16) ...
#7 79.39 Setting up libdbus-1-3:amd64 (1.16.2-2) ...
#7 79.39 Setting up libfribidi0:amd64 (1.0.16-1) ...
#7 79.39 Setting up libopus0:amd64 (1.5.2-2) ...
#7 79.40 Setting up libquadmath0:amd64 (14.2.0-19) ...
#7 79.40 Setting up libp11-kit0:amd64 (0.25.5-3) ...
#7 79.41 Setting up libproc2-0:amd64 (2:4.0.4-9) ...
#7 79.42 Setting up libcdio-paranoia2t64:amd64 (10.2+2.0.2-1+b1) ...
#7 79.42 Setting up libunistring5:amd64 (1.3-2) ...
#7 79.43 Setting up intel-media-va-driver:amd64 (25.2.3+dfsg1-1) ...
#7 79.43 Setting up fonts-dejavu-mono (2.37-8) ...
#7 79.45 Setting up libpng16-16t64:amd64 (1.6.48-1+deb13u1) ...
#7 79.45 Setting up libmpc3:amd64 (1.3.1-1+b3) ...
#7 79.46 Setting up systemd-timesyncd (257.9-1~deb13u1) ...
#7 79.52 Creating group 'systemd-timesync' with GID 997.
#7 79.52 Creating user 'systemd-timesync' (systemd Time Synchronization) with UID 997 and GID 997.
#7 80.45 Created symlink '/etc/systemd/system/dbus-org.freedesktop.timesync1.service' → '/usr/lib/systemd/system/systemd-timesyncd.service'.
#7 80.45 Created symlink '/etc/systemd/system/sysinit.target.wants/systemd-timesyncd.service' → '/usr/lib/systemd/system/systemd-timesyncd.service'.
#7 80.46 Setting up libatomic1:amd64 (14.2.0-19) ...
#7 80.46 Setting up libvorbis0a:amd64 (1.3.7-3) ...
#7 80.47 Setting up fonts-dejavu-core (2.37-8) ...
#7 80.72 Setting up libflac14:amd64 (1.5.0+ds-2) ...
#7 80.73 Setting up pkgconf-bin (1.8.1-4) ...
#7 80.75 Setting up libsensors5:amd64 (1:3.6.2-2) ...
#7 80.75 Setting up libaacs0:amd64 (0.11.1-4+b1) ...
#7 80.75 Setting up libk5crypto3:amd64 (1.21.3-5) ...
#7 80.76 Setting up pocketsphinx-en-us (0.8+5prealpha+1-15) ...
#7 80.76 Setting up libfftw3-double3:amd64 (3.3.10-2+b1) ...
#7 80.76 Setting up libgfortran5:amd64 (14.2.0-19) ...
#7 80.77 Setting up libvulkan1:amd64 (1.4.309.0-1) ...
#7 80.77 Setting up libwebp7:amd64 (1.5.0-0.1) ...
#7 80.77 Setting up libubsan1:amd64 (14.2.0-19) ...
#7 80.78 Setting up libout123-0t64:amd64 (1.32.10-1) ...
#7 80.78 Setting up libbdplus0:amd64 (0.2.0-4+b1) ...
#7 80.78 Setting up libnuma1:amd64 (2.0.19-1) ...
#7 80.79 Setting up libvidstab1.1:amd64 (1.1.0-2+b2) ...
#7 80.79 Setting up libvpx9:amd64 (1.15.0-2.1) ...
#7 80.79 Setting up alsa-topology-conf (1.2.5.1-3) ...
#7 80.80 Setting up libflite1:amd64 (2.2-7) ...
#7 80.80 Setting up libdav1d7:amd64 (1.5.1-1) ...
#7 80.80 Setting up ocl-icd-libopencl1:amd64 (2.3.3-1) ...
#7 80.80 Setting up libasyncns0:amd64 (0.8-6+b5) ...
#7 80.81 Setting up libxshmfence1:amd64 (1.3.3-1) ...
#7 80.81 Setting up libhwasan0:amd64 (14.2.0-19) ...
#7 80.81 Setting up at-spi2-common (2.56.2-1+deb13u1) ...
#7 80.82 Setting up libcrypt-dev:amd64 (1:4.4.38-1) ...
#7 80.90 Setting up libtiff6:amd64 (4.7.0-3+deb13u1) ...
#7 80.90 Setting up libbs2b0:amd64 (3.1.0+dfsg-8+b1) ...
#7 80.91 Setting up libxcb-randr0:amd64 (1.17.0-2+b1) ...
#7 80.91 Setting up dbus-session-bus-common (1.16.2-2) ...
#7 80.91 Setting up librav1e0.7:amd64 (0.7.1-9+b2) ...
#7 80.92 Setting up libasan8:amd64 (14.2.0-19) ...
#7 80.92 Setting up procps (2:4.0.4-9) ...
#7 81.09 Setting up libtasn1-6:amd64 (4.20.0-2) ...
#7 81.09 Setting up libzimg2:amd64 (3.0.5+ds1-1+b2) ...
#7 81.10 Setting up libopenjp2-7:amd64 (2.5.3-2.1~deb13u1) ...
#7 81.10 Setting up libx11-6:amd64 (2:1.8.12-1) ...
#7 81.11 Setting up libopenal-data (1:1.24.2-1) ...
#7 81.11 Setting up libthai-data (0.1.29-2) ...
#7 81.11 Setting up libkrb5-3:amd64 (1.21.3-5) ...
#7 81.12 Setting up libunibreak6:amd64 (6.1-3) ...
#7 81.12 Setting up libwayland-egl1:amd64 (1.23.1-3) ...
#7 81.13 Setting up libusb-1.0-0:amd64 (2:1.0.28-1) ...
#7 81.13 Setting up libmbedcrypto16:amd64 (3.6.5-0.1~deb13u1) ...
#7 81.13 Setting up libtsan2:amd64 (14.2.0-19) ...
#7 81.14 Setting up libbinutils:amd64 (2.44-3) ...
#7 81.14 Setting up dbus-system-bus-common (1.16.2-2) ...
#7 81.20 Creating group 'messagebus' with GID 996.
#7 81.20 Creating user 'messagebus' (System Message Bus) with UID 996 and GID 996.
#7 81.22 Setting up libisl23:amd64 (0.27-1) ...
#7 81.22 Setting up libc-dev-bin (2.41-12+deb13u1) ...
#7 81.22 Setting up libx265-215:amd64 (4.1-2) ...
#7 81.23 Setting up libsamplerate0:amd64 (0.2.2-4+b2) ...
#7 81.23 Setting up libwebpmux3:amd64 (1.5.0-0.1) ...
#7 81.23 Setting up libgpg-error-l10n (1.51-4) ...
#7 81.24 Setting up libdrm-common (2.4.124-2) ...
#7 81.24 Setting up libxcomposite1:amd64 (1:0.4.6-1) ...
#7 81.24 Setting up libjxl0.11:amd64 (0.11.1-4) ...
#7 81.24 Setting up libjson-c5:amd64 (0.18+ds-1) ...
#7 81.25 Setting up libxml2:amd64 (2.12.7+dfsg+really2.9.14-2.1+deb13u2) ...
#7 81.25 Setting up libcc1-0:amd64 (14.2.0-19) ...
#7 81.25 Setting up dbus-bin (1.16.2-2) ...
#7 81.26 Setting up libzvbi-common (0.2.44-1) ...
#7 81.26 Setting up liblsan0:amd64 (14.2.0-19) ...
#7 81.26 Setting up libmp3lame0:amd64 (3.100-6+b3) ...
#7 81.27 Setting up libitm1:amd64 (14.2.0-19) ...
#7 81.27 Setting up libvorbisenc2:amd64 (1.3.7-3) ...
#7 81.27 Setting up libkmod2:amd64 (34.2-2) ...
#7 81.28 Setting up libdvdnav4:amd64 (6.1.1-3+b1) ...
#7 81.28 Setting up libiec61883-0:amd64 (1.2.0-7) ...
#7 81.28 Setting up libserd-0-0:amd64 (0.32.4-1) ...
#7 81.29 Setting up libxkbcommon0:amd64 (1.7.0-2) ...
#7 81.29 Setting up libwayland-client0:amd64 (1.23.1-3) ...
#7 81.29 Setting up libctf0:amd64 (2.44-3) ...
#7 81.30 Setting up libavc1394-0:amd64 (0.5.4-5+b2) ...
#7 81.30 Setting up libxcb-dri3-0:amd64 (1.17.0-2+b1) ...
#7 81.31 Setting up libllvm19:amd64 (1:19.1.7-3+b1) ...
#7 81.31 Setting up manpages-dev (6.9.1-1) ...
#7 81.32 Setting up libx11-xcb1:amd64 (2:1.8.12-1) ...
#7 81.32 Setting up libflac-dev:amd64 (1.5.0+ds-2) ...
#7 81.32 Setting up liblapack3:amd64 (3.12.1-6) ...
#7 81.36 update-alternatives: using /usr/lib/x86_64-linux-gnu/lapack/liblapack.so.3 to provide /usr/lib/x86_64-linux-gnu/liblapack.so.3 (liblapack.so.3-x86_64-linux-gnu) in auto mode
#7 81.37 Setting up libxdamage1:amd64 (1:1.1.6-1+b2) ...
#7 81.37 Setting up libcaca0:amd64 (0.99.beta20-5) ...
#7 81.37 Setting up libzvbi0t64:amd64 (0.2.44-1) ...
#7 81.38 Setting up libxrender1:amd64 (1:0.9.12-1) ...
#7 81.38 Setting up alsa-ucm-conf (1.2.14-1) ...
#7 81.38 Setting up libsoxr0:amd64 (0.1.3-4+b2) ...
#7 81.39 Setting up fontconfig-config (2.15.0-2.3) ...
#7 81.66 debconf: unable to initialize frontend: Dialog
#7 81.66 debconf: (TERM is not set, so the dialog frontend is not usable.)
#7 81.66 debconf: falling back to frontend: Readline
#7 81.66 debconf: unable to initialize frontend: Readline
#7 81.66 debconf: (Can't locate Term/ReadLine.pm in @INC (you may need to install the Term::ReadLine module) (@INC entries checked: /etc/perl /usr/local/lib/x86_64-linux-gnu/perl/5.40.1 /usr/local/share/perl/5.40.1 /usr/lib/x86_64-linux-gnu/perl5/5.40 /usr/share/perl5 /usr/lib/x86_64-linux-gnu/perl-base /usr/lib/x86_64-linux-gnu/perl/5.40 /usr/share/perl/5.40 /usr/local/lib/site_perl) at /usr/share/perl5/Debconf/FrontEnd/Readline.pm line 8.)
#7 81.66 debconf: falling back to frontend: Teletype
#7 81.72 debconf: unable to initialize frontend: Teletype
#7 81.72 debconf: (This frontend requires a controlling tty.)
#7 81.72 debconf: falling back to frontend: Noninteractive
#7 81.92 Setting up libavahi-common3:amd64 (0.8-16) ...
#7 81.93 Setting up libxext6:amd64 (2:1.3.4-1+b3) ...
#7 81.93 Setting up libidn2-0:amd64 (2.3.8-2) ...
#7 81.93 Setting up libopenal1:amd64 (1:1.24.2-1) ...
#7 81.93 Setting up dbus-daemon (1.16.2-2) ...
#7 82.01 Setting up libopus-dev:amd64 (1.5.2-2) ...
#7 82.02 Setting up libmpg123-dev:amd64 (1.32.10-1) ...
#7 82.02 Setting up pkgconf:amd64 (1.8.1-4) ...
#7 82.02 Setting up libxxf86vm1:amd64 (1:1.1.4-1+b4) ...
#7 82.02 Setting up librist4:amd64 (0.2.11+dfsg-1) ...
#7 82.03 Setting up libthai0:amd64 (0.1.29-2+b1) ...
#7 82.03 Setting up libvorbisfile3:amd64 (1.3.7-3) ...
#7 82.03 Setting up libglib2.0-0t64:amd64 (2.84.4-3~deb13u2) ...
#7 82.11 Setting up libgprofng0:amd64 (2.44-3) ...
#7 82.12 Setting up libfreetype6:amd64 (2.13.3+dfsg-1) ...
#7 82.12 Setting up libxfixes3:amd64 (1:6.0.0-2+b4) ...
#7 82.13 Setting up dbus (1.16.2-2) ...
#7 82.33 invoke-rc.d: could not determine current runlevel
#7 82.38 invoke-rc.d: policy-rc.d denied execution of start.
#7 82.39 Setting up shared-mime-info (2.4-5+b2) ...
#7 83.18 Setting up libxinerama1:amd64 (2:1.1.4-3+b4) ...
#7 83.19 Setting up libplacebo349:amd64 (7.349.0-3) ...
#7 83.19 Setting up libdc1394-25:amd64 (2.2.6-5) ...
#7 83.19 Setting up libxv1:amd64 (2:1.0.11-1.1+b3) ...
#7 83.19 Setting up libgssapi-krb5-2:amd64 (1.21.3-5) ...
#7 83.21 Setting up libxrandr2:amd64 (2:1.5.4-1+b3) ...
#7 83.22 Setting up cpp-14-x86-64-linux-gnu (14.2.0-19) ...
#7 83.22 Setting up libssh-4:amd64 (0.11.2-1+deb13u1) ...
#7 83.22 Setting up cpp-14 (14.2.0-19) ...
#7 83.23 Setting up librubberband2:amd64 (3.3.0+dfsg-2+b3) ...
#7 83.23 Setting up libjack-jackd2-0:amd64 (1.9.22~dfsg-4) ...
#7 83.23 Setting up libdrm2:amd64 (2.4.124-2) ...
#7 83.23 Setting up libva-drm2:amd64 (2.22.0-3) ...
#7 83.24 Setting up libvdpau1:amd64 (1.5-3+b1) ...
#7 83.24 Setting up libsord-0-0:amd64 (0.16.18-1) ...
#7 83.24 Setting up libwayland-cursor0:amd64 (1.23.1-3) ...
#7 83.25 Setting up libsratom-0-0:amd64 (0.6.18-1) ...
#7 83.25 Setting up libpam-systemd:amd64 (257.9-1~deb13u1) ...
#7 83.58 debconf: unable to initialize frontend: Dialog
#7 83.58 debconf: (TERM is not set, so the dialog frontend is not usable.)
#7 83.58 debconf: falling back to frontend: Readline
#7 83.58 debconf: unable to initialize frontend: Readline
#7 83.58 debconf: (Can't locate Term/ReadLine.pm in @INC (you may need to install the Term::ReadLine module) (@INC entries checked: /etc/perl /usr/local/lib/x86_64-linux-gnu/perl/5.40.1 /usr/local/share/perl/5.40.1 /usr/lib/x86_64-linux-gnu/perl5/5.40 /usr/share/perl5 /usr/lib/x86_64-linux-gnu/perl-base /usr/lib/x86_64-linux-gnu/perl/5.40 /usr/share/perl/5.40 /usr/local/lib/site_perl) at /usr/share/perl5/Debconf/FrontEnd/Readline.pm line 8.)
#7 83.58 debconf: falling back to frontend: Teletype
#7 83.64 debconf: unable to initialize frontend: Teletype
#7 83.64 debconf: (This frontend requires a controlling tty.)
#7 83.64 debconf: falling back to frontend: Noninteractive
#7 83.90 Setting up libdecor-0-0:amd64 (0.2.2-2) ...
#7 83.90 Setting up libc6-dev:amd64 (2.41-12+deb13u1) ...
#7 83.90 Setting up libharfbuzz0b:amd64 (10.2.0-1+b1) ...
#7 83.91 Setting up libgdk-pixbuf-2.0-0:amd64 (2.42.12+dfsg-4) ...
#7 84.02 Setting up libxss1:amd64 (1:1.2.3-1+b3) ...
#7 84.02 Setting up libfontconfig1:amd64 (2.15.0-2.3) ...
#7 84.02 Setting up libsndfile1:amd64 (1.2.2-2+b1) ...
#7 84.03 Setting up libgcc-14-dev:amd64 (14.2.0-19) ...
#7 84.04 Setting up libbluray2:amd64 (1:1.3.4-1+b2) ...
#7 84.04 Setting up libva-x11-2:amd64 (2.22.0-3) ...
#7 84.04 Setting up libstdc++-14-dev:amd64 (14.2.0-19) ...
#7 84.04 Setting up liblilv-0-0:amd64 (0.24.26-1) ...
#7 84.05 Setting up libopenmpt0t64:amd64 (0.7.13-1+b1) ...
#7 84.05 Setting up libavahi-client3:amd64 (0.8-16) ...
#7 84.05 Setting up binutils-x86-64-linux-gnu (2.44-3) ...
#7 84.06 Setting up libdrm-amdgpu1:amd64 (2.4.124-2) ...
#7 84.06 Setting up cpp-x86-64-linux-gnu (4:14.2.0-1) ...
#7 84.06 Setting up libgnutls30t64:amd64 (3.8.9-3+deb13u1) ...
#7 84.07 Setting up libvorbis-dev:amd64 (1.3.7-3) ...
#7 84.07 Setting up mesa-vulkan-drivers:amd64 (25.0.7-2) ...
#7 84.07 Setting up mesa-vdpau-drivers:amd64 (25.0.7-2) ...
#7 84.08 Setting up gtk-update-icon-cache (4.18.6+ds-2) ...
#7 84.08 Setting up fontconfig (2.15.0-2.3) ...
#7 84.12 Regenerating fonts cache... done.
#7 86.19 Setting up libatk1.0-0t64:amd64 (2.56.2-1+deb13u1) ...
#7 86.19 Setting up libzmq5:amd64 (4.3.5-1+b3) ...
#7 86.20 Setting up libxi6:amd64 (2:1.8.2-1) ...
#7 86.20 Setting up libpulse0:amd64 (17.0+dfsg1-2+b1) ...
#7 86.20 Setting up libxtst6:amd64 (2:1.2.5-1) ...
#7 86.21 Setting up libxcursor1:amd64 (1:1.2.3-1) ...
#7 86.21 Setting up libpango-1.0-0:amd64 (1.56.3-1) ...
#7 86.22 Setting up libdrm-intel1:amd64 (2.4.124-2) ...
#7 86.22 Setting up libcloudproviders0:amd64 (0.3.6-2) ...
#7 86.22 Setting up binutils (2.44-3) ...
#7 86.23 Setting up libavutil59:amd64 (7:7.1.3-0+deb13u1) ...
#7 86.23 Setting up libcairo2:amd64 (1.18.4-1+b1) ...
#7 86.23 Setting up libcolord2:amd64 (1.4.7-3) ...
#7 86.24 Setting up libpostproc58:amd64 (7:7.1.3-0+deb13u1) ...
#7 86.24 Setting up libdconf1:amd64 (0.40.0-5) ...
#7 86.24 Setting up libsphinxbase3t64:amd64 (0.8+5prealpha+1-21+b1) ...
#7 86.25 Setting up dbus-user-session (1.16.2-2) ...
#7 86.25 Setting up libswresample5:amd64 (7:7.1.3-0+deb13u1) ...
#7 86.26 Setting up libswscale8:amd64 (7:7.1.3-0+deb13u1) ...
#7 86.26 Setting up libass9:amd64 (1:0.17.3-1+b1) ...
#7 86.27 Setting up libtheoradec1:amd64 (1.2.0~alpha1+dfsg-6) ...
#7 86.27 Setting up adwaita-icon-theme (48.1-1) ...
#7 86.35 update-alternatives: using /usr/share/icons/Adwaita/cursor.theme to provide /usr/share/icons/default/index.theme (x-cursor-theme) in auto mode
#7 86.36 Setting up libsndfile1-dev:amd64 (1.2.2-2+b1) ...
#7 86.36 Setting up libatspi2.0-0t64:amd64 (2.56.2-1+deb13u1) ...
#7 86.36 Setting up libsrt1.5-gnutls:amd64 (1.5.4-1) ...
#7 86.37 Setting up libgdk-pixbuf2.0-bin (2.42.12+dfsg-4) ...
#7 86.37 Setting up cpp (4:14.2.0-1) ...
#7 86.46 Setting up libcairo-gobject2:amd64 (1.18.4-1+b1) ...
#7 86.47 Setting up gcc-14-x86-64-linux-gnu (14.2.0-19) ...
#7 86.47 Setting up libpangoft2-1.0-0:amd64 (1.56.3-1) ...
#7 86.47 Setting up libcups2t64:amd64 (2.4.10-3+deb13u2) ...
#7 86.48 Setting up i965-va-driver:amd64 (2.4.1+dfsg1-2) ...
#7 86.48 Setting up libpangocairo-1.0-0:amd64 (1.56.3-1) ...
#7 86.48 Setting up libatk-bridge2.0-0t64:amd64 (2.56.2-1+deb13u1) ...
#7 86.48 Setting up mesa-libgallium:amd64 (25.0.7-2) ...
#7 86.49 Setting up gcc-x86-64-linux-gnu (4:14.2.0-1) ...
#7 86.49 Setting up libgbm1:amd64 (25.0.7-2) ...
#7 86.49 Setting up libgl1-mesa-dri:amd64 (25.0.7-2) ...
#7 86.57 Setting up dconf-service (0.40.0-5) ...
#7 86.57 Setting up gcc-14 (14.2.0-19) ...
#7 86.57 Setting up librsvg2-2:amd64 (2.60.0+dfsg-1) ...
#7 86.57 Setting up libpocketsphinx3:amd64 (0.8+5prealpha+1-15+b4) ...
#7 86.58 Setting up libavcodec61:amd64 (7:7.1.3-0+deb13u1) ...
#7 86.58 Setting up librsvg2-common:amd64 (2.60.0+dfsg-1) ...
#7 86.62 Setting up g++-14-x86-64-linux-gnu (14.2.0-19) ...
#7 86.63 Setting up g++-x86-64-linux-gnu (4:14.2.0-1) ...
#7 86.63 Setting up g++-14 (14.2.0-19) ...
#7 86.63 Setting up mesa-va-drivers:amd64 (25.0.7-2) ...
#7 86.64 Setting up libsdl2-2.0-0:amd64 (2.32.4+dfsg-1) ...
#7 86.64 Setting up libglx-mesa0:amd64 (25.0.7-2) ...
#7 86.64 Setting up libglx0:amd64 (1.7.0-1+b2) ...
#7 86.65 Setting up dconf-gsettings-backend:amd64 (0.40.0-5) ...
#7 86.65 Setting up libavformat61:amd64 (7:7.1.3-0+deb13u1) ...
#7 86.65 Setting up gcc (4:14.2.0-1) ...
#7 86.74 Setting up libgl1:amd64 (1.7.0-1+b2) ...
#7 86.74 Setting up va-driver-all:amd64 (2.22.0-3) ...
#7 86.74 Setting up libavfilter10:amd64 (7:7.1.3-0+deb13u1) ...
#7 86.75 Setting up g++ (4:14.2.0-1) ...
#7 86.78 update-alternatives: using /usr/bin/g++ to provide /usr/bin/c++ (c++) in auto mode
#7 86.79 Setting up libvdpau-va-gl1:amd64 (0.4.2-2) ...
#7 86.79 Setting up libgtk-3-common (3.24.49-3) ...
#7 86.79 Setting up gsettings-desktop-schemas (48.0-1) ...
#7 86.80 Setting up libavdevice61:amd64 (7:7.1.3-0+deb13u1) ...
#7 86.80 Setting up libgtk-3-0t64:amd64 (3.24.49-3) ...
#7 86.86 Setting up vdpau-driver-all:amd64 (1.5-3+b1) ...
#7 86.86 Setting up at-spi2-core (2.56.2-1+deb13u1) ...
#7 86.87 Setting up ffmpeg (7:7.1.3-0+deb13u1) ...
#7 86.88 Setting up libdecor-0-plugin-1-gtk:amd64 (0.2.2-2) ...
#7 86.88 Setting up libgtk-3-bin (3.24.49-3) ...
#7 86.88 Setting up dmsetup (2:1.02.205-2) ...
#7 86.89 Setting up libdevmapper1.02.1:amd64 (2:1.02.205-2) ...
#7 86.89 Setting up libcryptsetup12:amd64 (2:2.7.5-2) ...
#7 86.89 Setting up systemd-cryptsetup (257.9-1~deb13u1) ...
#7 86.90 Processing triggers for libc-bin (2.41-12+deb13u1) ...
#7 86.95 Processing triggers for systemd (257.9-1~deb13u1) ...
#7 86.97 Processing triggers for libgdk-pixbuf-2.0-0:amd64 (2.42.12+dfsg-4) ...
#7 DONE 87.6s

#8 [4/6] COPY requirements.txt .
#8 DONE 0.0s

#9 [5/6] RUN pip install --no-cache-dir -r requirements.txt
#9 2.156 Collecting fastapi<0.115.0,>=0.109.0 (from -r requirements.txt (line 1))
#9 2.316   Downloading fastapi-0.114.2-py3-none-any.whl.metadata (27 kB)
#9 2.394 Collecting uvicorn<0.32.0,>=0.27.0 (from uvicorn[standard]<0.32.0,>=0.27.0->-r requirements.txt (line 2))
#9 2.423   Downloading uvicorn-0.31.1-py3-none-any.whl.metadata (6.6 kB)
#9 2.777 Collecting sqlalchemy<2.1.0,>=2.0.25 (from -r requirements.txt (line 3))
#9 2.805   Downloading sqlalchemy-2.0.45-cp312-cp312-manylinux2014_x86_64.manylinux_2_17_x86_64.manylinux_2_28_x86_64.whl.metadata (9.5 kB)
#9 2.948 Collecting pydantic<3.0.0,>=2.6.0 (from -r requirements.txt (line 4))
#9 2.976   Downloading pydantic-2.12.5-py3-none-any.whl.metadata (90 kB)
#9 3.052 Collecting pydantic-settings<3.0.0,>=2.1.0 (from -r requirements.txt (line 5))
#9 3.083   Downloading pydantic_settings-2.12.0-py3-none-any.whl.metadata (3.4 kB)
#9 3.122 Collecting python-jose==3.3.0 (from python-jose[cryptography]==3.3.0->-r requirements.txt (line 6))
#9 3.159   Downloading python_jose-3.3.0-py2.py3-none-any.whl.metadata (5.4 kB)
#9 3.198 Collecting passlib==1.7.4 (from passlib[bcrypt]==1.7.4->-r requirements.txt (line 7))
#9 3.229   Downloading passlib-1.7.4-py2.py3-none-any.whl.metadata (1.7 kB)
#9 3.267 Collecting python-multipart==0.0.9 (from -r requirements.txt (line 8))
#9 3.297   Downloading python_multipart-0.0.9-py3-none-any.whl.metadata (2.5 kB)
#9 3.599 Collecting boto3==1.34.34 (from -r requirements.txt (line 9))
#9 3.636   Downloading boto3-1.34.34-py3-none-any.whl.metadata (6.6 kB)
#9 3.684 Collecting httpx==0.26.0 (from -r requirements.txt (line 10))
#9 3.714   Downloading httpx-0.26.0-py3-none-any.whl.metadata (7.6 kB)
#9 3.761 Collecting librosa==0.10.1 (from -r requirements.txt (line 11))
#9 3.790   Downloading librosa-0.10.1-py3-none-any.whl.metadata (8.3 kB)
#9 3.840 Collecting soundfile==0.12.1 (from -r requirements.txt (line 12))
#9 3.871   Downloading soundfile-0.12.1-py2.py3-none-manylinux_2_31_x86_64.whl.metadata (14 kB)
#9 4.014 Collecting numba==0.59.0 (from -r requirements.txt (line 13))
#9 4.043   Downloading numba-0.59.0-cp312-cp312-manylinux2014_x86_64.manylinux_2_17_x86_64.whl.metadata (2.7 kB)
#9 4.111 Collecting pytest>=7.4.0 (from -r requirements.txt (line 14))
#9 4.142   Downloading pytest-9.0.2-py3-none-any.whl.metadata (7.6 kB)
#9 4.195 Collecting pytest-asyncio>=0.21.0 (from -r requirements.txt (line 15))
#9 4.228   Downloading pytest_asyncio-1.3.0-py3-none-any.whl.metadata (4.1 kB)
#9 4.271 Collecting ecdsa!=0.15 (from python-jose==3.3.0->python-jose[cryptography]==3.3.0->-r requirements.txt (line 6))
#9 4.300   Downloading ecdsa-0.19.1-py2.py3-none-any.whl.metadata (29 kB)
#9 4.347 Collecting rsa (from python-jose==3.3.0->python-jose[cryptography]==3.3.0->-r requirements.txt (line 6))
#9 4.378   Downloading rsa-4.9.1-py3-none-any.whl.metadata (5.6 kB)
#9 4.436 Collecting pyasn1 (from python-jose==3.3.0->python-jose[cryptography]==3.3.0->-r requirements.txt (line 6))
#9 4.468   Downloading pyasn1-0.6.1-py3-none-any.whl.metadata (8.4 kB)
#9 4.828 Collecting botocore<1.35.0,>=1.34.34 (from boto3==1.34.34->-r requirements.txt (line 9))
#9 4.859   Downloading botocore-1.34.162-py3-none-any.whl.metadata (5.7 kB)
#9 4.900 Collecting jmespath<2.0.0,>=0.7.1 (from boto3==1.34.34->-r requirements.txt (line 9))
#9 4.933   Downloading jmespath-1.0.1-py3-none-any.whl.metadata (7.6 kB)
#9 4.983 Collecting s3transfer<0.11.0,>=0.10.0 (from boto3==1.34.34->-r requirements.txt (line 9))
#9 5.013   Downloading s3transfer-0.10.4-py3-none-any.whl.metadata (1.7 kB)
#9 5.065 Collecting anyio (from httpx==0.26.0->-r requirements.txt (line 10))
#9 5.096   Downloading anyio-4.12.1-py3-none-any.whl.metadata (4.3 kB)
#9 5.146 Collecting certifi (from httpx==0.26.0->-r requirements.txt (line 10))
#9 5.176   Downloading certifi-2026.1.4-py3-none-any.whl.metadata (2.5 kB)
#9 5.232 Collecting httpcore==1.* (from httpx==0.26.0->-r requirements.txt (line 10))
#9 5.262   Downloading httpcore-1.0.9-py3-none-any.whl.metadata (21 kB)
#9 5.309 Collecting idna (from httpx==0.26.0->-r requirements.txt (line 10))
#9 5.338   Downloading idna-3.11-py3-none-any.whl.metadata (8.4 kB)
#9 5.377 Collecting sniffio (from httpx==0.26.0->-r requirements.txt (line 10))
#9 5.410   Downloading sniffio-1.3.1-py3-none-any.whl.metadata (3.9 kB)
#9 5.454 Collecting audioread>=2.1.9 (from librosa==0.10.1->-r requirements.txt (line 11))
#9 5.484   Downloading audioread-3.1.0-py3-none-any.whl.metadata (9.0 kB)
#9 5.713 Collecting numpy!=1.22.0,!=1.22.1,!=1.22.2,>=1.20.3 (from librosa==0.10.1->-r requirements.txt (line 11))
#9 5.747   Downloading numpy-2.4.1-cp312-cp312-manylinux_2_27_x86_64.manylinux_2_28_x86_64.whl.metadata (6.6 kB)
#9 5.873 Collecting scipy>=1.2.0 (from librosa==0.10.1->-r requirements.txt (line 11))
#9 5.902   Downloading scipy-1.17.0-cp312-cp312-manylinux_2_27_x86_64.manylinux_2_28_x86_64.whl.metadata (62 kB)
#9 6.038 Collecting scikit-learn>=0.20.0 (from librosa==0.10.1->-r requirements.txt (line 11))
#9 6.067   Downloading scikit_learn-1.8.0-cp312-cp312-manylinux_2_27_x86_64.manylinux_2_28_x86_64.whl.metadata (11 kB)
#9 6.122 Collecting joblib>=0.14 (from librosa==0.10.1->-r requirements.txt (line 11))
#9 6.151   Downloading joblib-1.5.3-py3-none-any.whl.metadata (5.5 kB)
#9 6.198 Collecting decorator>=4.3.0 (from librosa==0.10.1->-r requirements.txt (line 11))
#9 6.234   Downloading decorator-5.2.1-py3-none-any.whl.metadata (3.9 kB)
#9 6.282 Collecting pooch>=1.0 (from librosa==0.10.1->-r requirements.txt (line 11))
#9 6.313   Downloading pooch-1.8.2-py3-none-any.whl.metadata (10 kB)
#9 6.389 Collecting soxr>=0.3.2 (from librosa==0.10.1->-r requirements.txt (line 11))
#9 6.422   Downloading soxr-1.0.0-cp312-abi3-manylinux_2_27_x86_64.manylinux_2_28_x86_64.whl.metadata (5.6 kB)
#9 6.470 Collecting typing-extensions>=4.1.1 (from librosa==0.10.1->-r requirements.txt (line 11))
#9 6.509   Downloading typing_extensions-4.15.0-py3-none-any.whl.metadata (3.3 kB)
#9 6.545 Collecting lazy-loader>=0.1 (from librosa==0.10.1->-r requirements.txt (line 11))
#9 6.575   Downloading lazy_loader-0.4-py3-none-any.whl.metadata (7.6 kB)
#9 6.671 Collecting msgpack>=1.0 (from librosa==0.10.1->-r requirements.txt (line 11))
#9 6.703   Downloading msgpack-1.1.2-cp312-cp312-manylinux2014_x86_64.manylinux_2_17_x86_64.manylinux_2_28_x86_64.whl.metadata (8.1 kB)
#9 6.824 Collecting cffi>=1.0 (from soundfile==0.12.1->-r requirements.txt (line 12))
#9 6.855   Downloading cffi-2.0.0-cp312-cp312-manylinux2014_x86_64.manylinux_2_17_x86_64.whl.metadata (2.6 kB)
#9 6.935 Collecting llvmlite<0.43,>=0.42.0dev0 (from numba==0.59.0->-r requirements.txt (line 13))
#9 6.971   Downloading llvmlite-0.42.0-cp312-cp312-manylinux_2_17_x86_64.manylinux2014_x86_64.whl.metadata (4.8 kB)
#9 6.988 Collecting numpy!=1.22.0,!=1.22.1,!=1.22.2,>=1.20.3 (from librosa==0.10.1->-r requirements.txt (line 11))
#9 7.019   Downloading numpy-1.26.4-cp312-cp312-manylinux_2_17_x86_64.manylinux2014_x86_64.whl.metadata (61 kB)
#9 7.101 Collecting bcrypt>=3.1.0 (from passlib[bcrypt]==1.7.4->-r requirements.txt (line 7))
#9 7.134   Downloading bcrypt-5.0.0-cp39-abi3-manylinux_2_34_x86_64.whl.metadata (10 kB)
#9 7.350 Collecting cryptography>=3.4.0 (from python-jose[cryptography]==3.3.0->-r requirements.txt (line 6))
#9 7.382   Downloading cryptography-46.0.3-cp311-abi3-manylinux_2_34_x86_64.whl.metadata (5.7 kB)
#9 7.423 Collecting h11>=0.16 (from httpcore==1.*->httpx==0.26.0->-r requirements.txt (line 10))
#9 7.458   Downloading h11-0.16.0-py3-none-any.whl.metadata (8.3 kB)
#9 7.520 Collecting starlette<0.39.0,>=0.37.2 (from fastapi<0.115.0,>=0.109.0->-r requirements.txt (line 1))
#9 7.550   Downloading starlette-0.38.6-py3-none-any.whl.metadata (6.0 kB)
#9 7.632 Collecting click>=7.0 (from uvicorn<0.32.0,>=0.27.0->uvicorn[standard]<0.32.0,>=0.27.0->-r requirements.txt (line 2))
#9 7.663   Downloading click-8.3.1-py3-none-any.whl.metadata (2.6 kB)
#9 7.793 Collecting greenlet>=1 (from sqlalchemy<2.1.0,>=2.0.25->-r requirements.txt (line 3))
#9 7.825   Downloading greenlet-3.3.0-cp312-cp312-manylinux_2_24_x86_64.manylinux_2_28_x86_64.whl.metadata (4.1 kB)
#9 7.868 Collecting annotated-types>=0.6.0 (from pydantic<3.0.0,>=2.6.0->-r requirements.txt (line 4))
#9 7.897   Downloading annotated_types-0.7.0-py3-none-any.whl.metadata (15 kB)
#9 8.560 Collecting pydantic-core==2.41.5 (from pydantic<3.0.0,>=2.6.0->-r requirements.txt (line 4))
#9 8.591   Downloading pydantic_core-2.41.5-cp312-cp312-manylinux_2_17_x86_64.manylinux2014_x86_64.whl.metadata (7.3 kB)
#9 8.631 Collecting typing-inspection>=0.4.2 (from pydantic<3.0.0,>=2.6.0->-r requirements.txt (line 4))
#9 8.661   Downloading typing_inspection-0.4.2-py3-none-any.whl.metadata (2.6 kB)
#9 8.736 Collecting python-dotenv>=0.21.0 (from pydantic-settings<3.0.0,>=2.1.0->-r requirements.txt (line 5))
#9 8.766   Downloading python_dotenv-1.2.1-py3-none-any.whl.metadata (25 kB)
#9 8.806 Collecting iniconfig>=1.0.1 (from pytest>=7.4.0->-r requirements.txt (line 14))
#9 8.837   Downloading iniconfig-2.3.0-py3-none-any.whl.metadata (2.5 kB)
#9 8.879 Collecting packaging>=22 (from pytest>=7.4.0->-r requirements.txt (line 14))
#9 8.910   Downloading packaging-25.0-py3-none-any.whl.metadata (3.3 kB)
#9 8.950 Collecting pluggy<2,>=1.5 (from pytest>=7.4.0->-r requirements.txt (line 14))
#9 8.983   Downloading pluggy-1.6.0-py3-none-any.whl.metadata (4.8 kB)
#9 9.029 Collecting pygments>=2.7.2 (from pytest>=7.4.0->-r requirements.txt (line 14))
#9 9.061   Downloading pygments-2.19.2-py3-none-any.whl.metadata (2.5 kB)
#9 9.145 Collecting httptools>=0.5.0 (from uvicorn[standard]<0.32.0,>=0.27.0->-r requirements.txt (line 2))
#9 9.177   Downloading httptools-0.7.1-cp312-cp312-manylinux1_x86_64.manylinux_2_28_x86_64.manylinux_2_5_x86_64.whl.metadata (3.5 kB)
#9 9.243 Collecting pyyaml>=5.1 (from uvicorn[standard]<0.32.0,>=0.27.0->-r requirements.txt (line 2))
#9 9.275   Downloading pyyaml-6.0.3-cp312-cp312-manylinux2014_x86_64.manylinux_2_17_x86_64.manylinux_2_28_x86_64.whl.metadata (2.4 kB)
#9 9.341 Collecting uvloop!=0.15.0,!=0.15.1,>=0.14.0 (from uvicorn[standard]<0.32.0,>=0.27.0->-r requirements.txt (line 2))
#9 9.370   Downloading uvloop-0.22.1-cp312-cp312-manylinux2014_x86_64.manylinux_2_17_x86_64.manylinux_2_28_x86_64.whl.metadata (4.9 kB)
#9 9.460 Collecting watchfiles>=0.13 (from uvicorn[standard]<0.32.0,>=0.27.0->-r requirements.txt (line 2))
#9 9.491   Downloading watchfiles-1.1.1-cp312-cp312-manylinux_2_17_x86_64.manylinux2014_x86_64.whl.metadata (4.9 kB)
#9 9.596 Collecting websockets>=10.4 (from uvicorn[standard]<0.32.0,>=0.27.0->-r requirements.txt (line 2))
#9 9.628   Downloading websockets-16.0-cp312-cp312-manylinux1_x86_64.manylinux_2_28_x86_64.manylinux_2_5_x86_64.whl.metadata (6.8 kB)
#9 9.675 Collecting python-dateutil<3.0.0,>=2.1 (from botocore<1.35.0,>=1.34.34->boto3==1.34.34->-r requirements.txt (line 9))
#9 9.709   Downloading python_dateutil-2.9.0.post0-py2.py3-none-any.whl.metadata (8.4 kB)
#9 9.768 Collecting urllib3!=2.2.0,<3,>=1.25.4 (from botocore<1.35.0,>=1.34.34->boto3==1.34.34->-r requirements.txt (line 9))
#9 9.798   Downloading urllib3-2.6.3-py3-none-any.whl.metadata (6.9 kB)
#9 9.835 Collecting pycparser (from cffi>=1.0->soundfile==0.12.1->-r requirements.txt (line 12))
#9 9.868   Downloading pycparser-2.23-py3-none-any.whl.metadata (993 bytes)
#9 9.919 Collecting six>=1.9.0 (from ecdsa!=0.15->python-jose==3.3.0->python-jose[cryptography]==3.3.0->-r requirements.txt (line 6))
#9 9.949   Downloading six-1.17.0-py2.py3-none-any.whl.metadata (1.7 kB)
#9 10.02 Collecting platformdirs>=2.5.0 (from pooch>=1.0->librosa==0.10.1->-r requirements.txt (line 11))
#9 10.05   Downloading platformdirs-4.5.1-py3-none-any.whl.metadata (12 kB)
#9 10.10 Collecting requests>=2.19.0 (from pooch>=1.0->librosa==0.10.1->-r requirements.txt (line 11))
#9 10.13   Downloading requests-2.32.5-py3-none-any.whl.metadata (4.9 kB)
#9 10.38 Collecting threadpoolctl>=3.2.0 (from scikit-learn>=0.20.0->librosa==0.10.1->-r requirements.txt (line 11))
#9 10.41   Downloading threadpoolctl-3.6.0-py3-none-any.whl.metadata (13 kB)
#9 10.59 Collecting charset_normalizer<4,>=2 (from requests>=2.19.0->pooch>=1.0->librosa==0.10.1->-r requirements.txt (line 11))
#9 10.62   Downloading charset_normalizer-3.4.4-cp312-cp312-manylinux2014_x86_64.manylinux_2_17_x86_64.manylinux_2_28_x86_64.whl.metadata (37 kB)
#9 10.69 Downloading python_jose-3.3.0-py2.py3-none-any.whl (33 kB)
#9 10.73 Downloading passlib-1.7.4-py2.py3-none-any.whl (525 kB)
#9 10.80    ━━━━━━━━━━━━━━━━━━━━━━━━━━━━━━━━━━━━━━━━ 525.6/525.6 kB 9.9 MB/s eta 0:00:00
#9 10.84 Downloading python_multipart-0.0.9-py3-none-any.whl (22 kB)
#9 10.87 Downloading boto3-1.34.34-py3-none-any.whl (139 kB)
#9 10.91 Downloading httpx-0.26.0-py3-none-any.whl (75 kB)
#9 10.96 Downloading librosa-0.10.1-py3-none-any.whl (253 kB)
#9 11.01 Downloading soundfile-0.12.1-py2.py3-none-manylinux_2_31_x86_64.whl (1.2 MB)
#9 11.07    ━━━━━━━━━━━━━━━━━━━━━━━━━━━━━━━━━━━━━━━━ 1.2/1.2 MB 19.8 MB/s eta 0:00:00
#9 11.20 Downloading numba-0.59.0-cp312-cp312-manylinux2014_x86_64.manylinux_2_17_x86_64.whl (3.7 MB)
#9 11.48    ━━━━━━━━━━━━━━━━━━━━━━━━━━━━━━━━━━━━━━━━ 3.7/3.7 MB 12.5 MB/s eta 0:00:00
#9 11.51 Downloading httpcore-1.0.9-py3-none-any.whl (78 kB)
#9 11.55 Downloading fastapi-0.114.2-py3-none-any.whl (94 kB)
#9 11.58 Downloading uvicorn-0.31.1-py3-none-any.whl (63 kB)
#9 11.62 Downloading sqlalchemy-2.0.45-cp312-cp312-manylinux2014_x86_64.manylinux_2_17_x86_64.manylinux_2_28_x86_64.whl (3.3 MB)
#9 11.73    ━━━━━━━━━━━━━━━━━━━━━━━━━━━━━━━━━━━━━━━━ 3.3/3.3 MB 31.4 MB/s eta 0:00:00
#9 11.76 Downloading pydantic-2.12.5-py3-none-any.whl (463 kB)
#9 11.81 Downloading pydantic_core-2.41.5-cp312-cp312-manylinux_2_17_x86_64.manylinux2014_x86_64.whl (2.1 MB)
#9 11.87    ━━━━━━━━━━━━━━━━━━━━━━━━━━━━━━━━━━━━━━━━ 2.1/2.1 MB 36.1 MB/s eta 0:00:00
#9 11.90 Downloading pydantic_settings-2.12.0-py3-none-any.whl (51 kB)
#9 11.94 Downloading pytest-9.0.2-py3-none-any.whl (374 kB)
#9 11.98 Downloading pytest_asyncio-1.3.0-py3-none-any.whl (15 kB)
#9 12.02 Downloading annotated_types-0.7.0-py3-none-any.whl (13 kB)
#9 12.05 Downloading audioread-3.1.0-py3-none-any.whl (23 kB)
#9 12.08 Downloading bcrypt-5.0.0-cp39-abi3-manylinux_2_34_x86_64.whl (278 kB)
#9 12.12 Downloading botocore-1.34.162-py3-none-any.whl (12.5 MB)
#9 12.43    ━━━━━━━━━━━━━━━━━━━━━━━━━━━━━━━━━━━━━━━━ 12.5/12.5 MB 41.6 MB/s eta 0:00:00
#9 12.45 Downloading cffi-2.0.0-cp312-cp312-manylinux2014_x86_64.manylinux_2_17_x86_64.whl (219 kB)
#9 12.50 Downloading click-8.3.1-py3-none-any.whl (108 kB)
#9 12.54 Downloading cryptography-46.0.3-cp311-abi3-manylinux_2_34_x86_64.whl (4.5 MB)
#9 12.62    ━━━━━━━━━━━━━━━━━━━━━━━━━━━━━━━━━━━━━━━━ 4.5/4.5 MB 54.5 MB/s eta 0:00:00
#9 12.67 Downloading decorator-5.2.1-py3-none-any.whl (9.2 kB)
#9 12.70 Downloading ecdsa-0.19.1-py2.py3-none-any.whl (150 kB)
#9 12.74 Downloading greenlet-3.3.0-cp312-cp312-manylinux_2_24_x86_64.manylinux_2_28_x86_64.whl (609 kB)
#9 12.75    ━━━━━━━━━━━━━━━━━━━━━━━━━━━━━━━━━━━━━━━━ 609.9/609.9 kB 63.7 MB/s eta 0:00:00
#9 12.79 Downloading h11-0.16.0-py3-none-any.whl (37 kB)
#9 12.83 Downloading httptools-0.7.1-cp312-cp312-manylinux1_x86_64.manylinux_2_28_x86_64.manylinux_2_5_x86_64.whl (517 kB)
#9 12.88 Downloading iniconfig-2.3.0-py3-none-any.whl (7.5 kB)
#9 12.92 Downloading jmespath-1.0.1-py3-none-any.whl (20 kB)
#9 12.97 Downloading joblib-1.5.3-py3-none-any.whl (309 kB)
#9 13.00 Downloading lazy_loader-0.4-py3-none-any.whl (12 kB)
#9 13.04 Downloading llvmlite-0.42.0-cp312-cp312-manylinux_2_17_x86_64.manylinux2014_x86_64.whl (43.8 MB)
#9 13.76    ━━━━━━━━━━━━━━━━━━━━━━━━━━━━━━━━━━━━━━━━ 43.8/43.8 MB 60.5 MB/s eta 0:00:00
#9 13.80 Downloading msgpack-1.1.2-cp312-cp312-manylinux2014_x86_64.manylinux_2_17_x86_64.manylinux_2_28_x86_64.whl (427 kB)
#9 13.85 Downloading numpy-1.26.4-cp312-cp312-manylinux_2_17_x86_64.manylinux2014_x86_64.whl (18.0 MB)
#9 14.14    ━━━━━━━━━━━━━━━━━━━━━━━━━━━━━━━━━━━━━━━━ 18.0/18.0 MB 63.1 MB/s eta 0:00:00
#9 14.17 Downloading packaging-25.0-py3-none-any.whl (66 kB)
#9 14.21 Downloading pluggy-1.6.0-py3-none-any.whl (20 kB)
#9 14.24 Downloading pooch-1.8.2-py3-none-any.whl (64 kB)
#9 14.28 Downloading pygments-2.19.2-py3-none-any.whl (1.2 MB)
#9 14.31    ━━━━━━━━━━━━━━━━━━━━━━━━━━━━━━━━━━━━━━━━ 1.2/1.2 MB 59.4 MB/s eta 0:00:00
#9 14.34 Downloading python_dotenv-1.2.1-py3-none-any.whl (21 kB)
#9 14.38 Downloading pyyaml-6.0.3-cp312-cp312-manylinux2014_x86_64.manylinux_2_17_x86_64.manylinux_2_28_x86_64.whl (807 kB)
#9 14.40    ━━━━━━━━━━━━━━━━━━━━━━━━━━━━━━━━━━━━━━━━ 807.9/807.9 kB 76.3 MB/s eta 0:00:00
#9 14.43 Downloading s3transfer-0.10.4-py3-none-any.whl (83 kB)
#9 14.47 Downloading scikit_learn-1.8.0-cp312-cp312-manylinux_2_27_x86_64.manylinux_2_28_x86_64.whl (8.9 MB)
#9 14.62    ━━━━━━━━━━━━━━━━━━━━━━━━━━━━━━━━━━━━━━━━ 8.9/8.9 MB 61.6 MB/s eta 0:00:00
#9 14.65 Downloading scipy-1.17.0-cp312-cp312-manylinux_2_27_x86_64.manylinux_2_28_x86_64.whl (35.0 MB)
#9 15.24    ━━━━━━━━━━━━━━━━━━━━━━━━━━━━━━━━━━━━━━━━ 35.0/35.0 MB 60.2 MB/s eta 0:00:00
#9 15.28 Downloading soxr-1.0.0-cp312-abi3-manylinux_2_27_x86_64.manylinux_2_28_x86_64.whl (238 kB)
#9 15.33 Downloading starlette-0.38.6-py3-none-any.whl (71 kB)
#9 15.36 Downloading anyio-4.12.1-py3-none-any.whl (113 kB)
#9 15.40 Downloading idna-3.11-py3-none-any.whl (71 kB)
#9 15.43 Downloading typing_extensions-4.15.0-py3-none-any.whl (44 kB)
#9 15.47 Downloading typing_inspection-0.4.2-py3-none-any.whl (14 kB)
#9 15.51 Downloading uvloop-0.22.1-cp312-cp312-manylinux2014_x86_64.manylinux_2_17_x86_64.manylinux_2_28_x86_64.whl (4.4 MB)
#9 15.58    ━━━━━━━━━━━━━━━━━━━━━━━━━━━━━━━━━━━━━━━━ 4.4/4.4 MB 62.2 MB/s eta 0:00:00
#9 15.61 Downloading watchfiles-1.1.1-cp312-cp312-manylinux_2_17_x86_64.manylinux2014_x86_64.whl (456 kB)
#9 15.66 Downloading websockets-16.0-cp312-cp312-manylinux1_x86_64.manylinux_2_28_x86_64.manylinux_2_5_x86_64.whl (184 kB)
#9 15.70 Downloading certifi-2026.1.4-py3-none-any.whl (152 kB)
#9 15.75 Downloading pyasn1-0.6.1-py3-none-any.whl (83 kB)
#9 15.79 Downloading rsa-4.9.1-py3-none-any.whl (34 kB)
#9 15.82 Downloading sniffio-1.3.1-py3-none-any.whl (10 kB)
#9 15.86 Downloading platformdirs-4.5.1-py3-none-any.whl (18 kB)
#9 15.90 Downloading python_dateutil-2.9.0.post0-py2.py3-none-any.whl (229 kB)
#9 15.96 Downloading requests-2.32.5-py3-none-any.whl (64 kB)
#9 15.99 Downloading six-1.17.0-py2.py3-none-any.whl (11 kB)
#9 16.03 Downloading threadpoolctl-3.6.0-py3-none-any.whl (18 kB)
#9 16.07 Downloading urllib3-2.6.3-py3-none-any.whl (131 kB)
#9 16.11 Downloading pycparser-2.23-py3-none-any.whl (118 kB)
#9 16.17 Downloading charset_normalizer-3.4.4-cp312-cp312-manylinux2014_x86_64.manylinux_2_17_x86_64.manylinux_2_28_x86_64.whl (153 kB)
#9 16.76 Installing collected packages: passlib, websockets, uvloop, urllib3, typing-extensions, threadpoolctl, sniffio, six, pyyaml, python-multipart, python-dotenv, pygments, pycparser, pyasn1, pluggy, platformdirs, packaging, numpy, msgpack, llvmlite, joblib, jmespath, iniconfig, idna, httptools, h11, greenlet, decorator, click, charset_normalizer, certifi, bcrypt, audioread, annotated-types, uvicorn, typing-inspection, sqlalchemy, soxr, scipy, rsa, requests, python-dateutil, pytest, pydantic-core, numba, lazy-loader, httpcore, ecdsa, cffi, anyio, watchfiles, starlette, soundfile, scikit-learn, python-jose, pytest-asyncio, pydantic, pooch, httpx, cryptography, botocore, s3transfer, pydantic-settings, librosa, fastapi, boto3
#9 32.75 Successfully installed annotated-types-0.7.0 anyio-4.12.1 audioread-3.1.0 bcrypt-5.0.0 boto3-1.34.34 botocore-1.34.162 certifi-2026.1.4 cffi-2.0.0 charset_normalizer-3.4.4 click-8.3.1 cryptography-46.0.3 decorator-5.2.1 ecdsa-0.19.1 fastapi-0.114.2 greenlet-3.3.0 h11-0.16.0 httpcore-1.0.9 httptools-0.7.1 httpx-0.26.0 idna-3.11 iniconfig-2.3.0 jmespath-1.0.1 joblib-1.5.3 lazy-loader-0.4 librosa-0.10.1 llvmlite-0.42.0 msgpack-1.1.2 numba-0.59.0 numpy-1.26.4 packaging-25.0 passlib-1.7.4 platformdirs-4.5.1 pluggy-1.6.0 pooch-1.8.2 pyasn1-0.6.1 pycparser-2.23 pydantic-2.12.5 pydantic-core-2.41.5 pydantic-settings-2.12.0 pygments-2.19.2 pytest-9.0.2 pytest-asyncio-1.3.0 python-dateutil-2.9.0.post0 python-dotenv-1.2.1 python-jose-3.3.0 python-multipart-0.0.9 pyyaml-6.0.3 requests-2.32.5 rsa-4.9.1 s3transfer-0.10.4 scikit-learn-1.8.0 scipy-1.17.0 six-1.17.0 sniffio-1.3.1 soundfile-0.12.1 soxr-1.0.0 sqlalchemy-2.0.45 starlette-0.38.6 threadpoolctl-3.6.0 typing-extensions-4.15.0 typing-inspection-0.4.2 urllib3-2.6.3 uvicorn-0.31.1 uvloop-0.22.1 watchfiles-1.1.1 websockets-16.0
#9 32.75 WARNING: Running pip as the 'root' user can result in broken permissions and conflicting behaviour with the system package manager, possibly rendering your system unusable. It is recommended to use a virtual environment instead: https://pip.pypa.io/warnings/venv. Use the --root-user-action option if you know what you are doing and want to suppress this warning.
#9 32.97 
#9 32.97 [notice] A new release of pip is available: 25.0.1 -> 25.3
#9 32.97 [notice] To update, run: pip install --upgrade pip
#9 DONE 33.6s

#10 [6/6] COPY app/ ./app/
#10 DONE 0.0s

#11 exporting to image
#11 exporting layers
#11 exporting layers 2.3s done
#11 writing image sha256:471d39a138b279f0eb05450240286bc0f42a1a4f096bb925818ec67ca459fc2f done
#11 naming to docker.io/library/cdkasset-c4c143e4468a27a0f833207840186315dc190c00e1212465c498a696de11bbbc done
#11 DONE 2.3s
RiamLmsStack:  success: Built c4c143e4468a27a0f833207840186315dc190c00e1212465c498a696de11bbbc:682190641149-us-west-2
RiamLmsStack:  start: Publishing c4c143e4468a27a0f833207840186315dc190c00e1212465c498a696de11bbbc:682190641149-us-west-2
The push refers to repository [682190641149.dkr.ecr.us-west-2.amazonaws.com/cdk-hnb659fds-container-assets-682190641149-us-west-2]
e10cd826ca00: Preparing
9b43efced815: Preparing
39bd44c9d562: Preparing
ccb3c966dc0f: Preparing
b2a1727b94f0: Preparing
343fbb74dfa7: Preparing
cfdc6d123592: Preparing
ff565e4de379: Preparing
e50a58335e13: Preparing
343fbb74dfa7: Waiting
cfdc6d123592: Waiting
ff565e4de379: Waiting
e50a58335e13: Waiting
b2a1727b94f0: Pushed
39bd44c9d562: Pushed
e10cd826ca00: Pushed
343fbb74dfa7: Pushed
ff565e4de379: Pushed
cfdc6d123592: Pushed
e50a58335e13: Pushed
9b43efced815: Pushed
ccb3c966dc0f: Pushed
c4c143e4468a27a0f833207840186315dc190c00e1212465c498a696de11bbbc: digest: sha256:dca4a0c47f30fe84ca1bffcec499ae5112f774ddecfff5c0e4ef244485178d60 size: 2207
RiamLmsStack:  success: Published c4c143e4468a27a0f833207840186315dc190c00e1212465c498a696de11bbbc:682190641149-us-west-2
RiamLmsStack: deploying... [1/1]
RiamLmsStack: creating CloudFormation changeset...
RiamLmsStack |  1/34 | 00:25:05 | CREATE_COMPLETE      | AWS::CloudFront::CloudFrontOriginAccessIdentity | UiOAI (UiOAIAE97058F) 
RiamLmsStack |  1/34 | 00:25:05 | CREATE_IN_PROGRESS   | AWS::EC2::SecurityGroup                         | RiamLmsService/LB/SecurityGroup (RiamLmsServiceLBSecurityGroupD3E8E05C) Resource creation Initiated
RiamLmsStack |  1/34 | 00:24:51 | REVIEW_IN_PROGRESS   | AWS::CloudFormation::Stack                      | RiamLmsStack User Initiated
RiamLmsStack |  1/34 | 00:24:59 | CREATE_IN_PROGRESS   | AWS::CloudFormation::Stack                      | RiamLmsStack User Initiated
RiamLmsStack |  1/34 | 00:25:03 | CREATE_IN_PROGRESS   | AWS::Lambda::LayerVersion                       | UiDeployment/AwsCliLayer (UiDeploymentAwsCliLayer64A90B53) 
RiamLmsStack |  1/34 | 00:25:03 | CREATE_IN_PROGRESS   | AWS::EC2::SecurityGroup                         | RiamLmsService/LB/SecurityGroup (RiamLmsServiceLBSecurityGroupD3E8E05C) 
RiamLmsStack |  1/34 | 00:25:03 | CREATE_IN_PROGRESS   | AWS::ElasticLoadBalancingV2::TargetGroup        | RiamLmsService/LB/PublicListener/ECSGroup (RiamLmsServiceLBPublicListenerECSGroupB1128F6C) 
RiamLmsStack |  1/34 | 00:25:03 | CREATE_IN_PROGRESS   | AWS::ECS::Cluster                               | RiamLmsCluster (RiamLmsClusterDDCCB31A) 
RiamLmsStack |  1/34 | 00:25:03 | CREATE_IN_PROGRESS   | AWS::CloudFront::CloudFrontOriginAccessIdentity | UiOAI (UiOAIAE97058F) 
RiamLmsStack |  1/34 | 00:25:03 | CREATE_IN_PROGRESS   | AWS::Logs::LogGroup                             | RiamLmsService/TaskDef/web/LogGroup (RiamLmsServiceTaskDefwebLogGroup87A05590) 
RiamLmsStack |  1/34 | 00:25:03 | CREATE_IN_PROGRESS   | AWS::IAM::Role                                  | RiamLmsService/TaskDef/ExecutionRole (RiamLmsServiceTaskDefExecutionRole06AE8C0E) 
RiamLmsStack |  1/34 | 00:25:03 | CREATE_IN_PROGRESS   | AWS::IAM::Role                                  | Custom::S3AutoDeleteObjectsCustomResourceProvider/Role (CustomS3AutoDeleteObjectsCustomResourceProviderRole3B1BD092) 
RiamLmsStack |  1/34 | 00:25:03 | CREATE_IN_PROGRESS   | AWS::S3::Bucket                                 | UiBucket (UiBucket6890E4C3) 
RiamLmsStack |  1/34 | 00:25:03 | CREATE_IN_PROGRESS   | AWS::IAM::Role                                  | RiamLmsService/TaskDef/TaskRole (RiamLmsServiceTaskDefTaskRoleCA85C930) 
RiamLmsStack |  1/34 | 00:25:03 | CREATE_IN_PROGRESS   | AWS::IAM::Role                                  | Custom::CDKBucketDeployment8693BB64968944B69AAFB0CC9EB8756C/ServiceRole (CustomCDKBucketDeployment8693BB64968944B69AAFB0CC9EB8756CServiceRole89A01265) 
RiamLmsStack |  1/34 | 00:25:03 | CREATE_IN_PROGRESS   | AWS::CDK::Metadata                              | CDKMetadata/Default (CDKMetadata) 
RiamLmsStack |  1/34 | 00:25:03 | CREATE_IN_PROGRESS   | AWS::S3::Bucket                                 | RecordingsBucket (RecordingsBucketAA52F499) 
RiamLmsStack |  1/34 | 00:25:04 | CREATE_IN_PROGRESS   | AWS::Logs::LogGroup                             | RiamLmsService/TaskDef/web/LogGroup (RiamLmsServiceTaskDefwebLogGroup87A05590) Resource creation Initiated
RiamLmsStack |  1/34 | 00:25:04 | CREATE_IN_PROGRESS   | AWS::IAM::Role                                  | RiamLmsService/TaskDef/ExecutionRole (RiamLmsServiceTaskDefExecutionRole06AE8C0E) Resource creation Initiated
RiamLmsStack |  1/34 | 00:25:04 | CREATE_IN_PROGRESS   | AWS::ElasticLoadBalancingV2::TargetGroup        | RiamLmsService/LB/PublicListener/ECSGroup (RiamLmsServiceLBPublicListenerECSGroupB1128F6C) Resource creation Initiated
RiamLmsStack |  1/34 | 00:25:04 | CREATE_IN_PROGRESS   | AWS::ECS::Cluster                               | RiamLmsCluster (RiamLmsClusterDDCCB31A) Resource creation Initiated
RiamLmsStack |  1/34 | 00:25:04 | CREATE_IN_PROGRESS   | AWS::CDK::Metadata                              | CDKMetadata/Default (CDKMetadata) Resource creation Initiated
RiamLmsStack |  1/34 | 00:25:04 | CREATE_IN_PROGRESS   | AWS::CloudFront::CloudFrontOriginAccessIdentity | UiOAI (UiOAIAE97058F) Resource creation Initiated
RiamLmsStack |  1/34 | 00:25:04 | CREATE_IN_PROGRESS   | AWS::IAM::Role                                  | Custom::S3AutoDeleteObjectsCustomResourceProvider/Role (CustomS3AutoDeleteObjectsCustomResourceProviderRole3B1BD092) Resource creation Initiated
RiamLmsStack |  1/34 | 00:25:04 | CREATE_IN_PROGRESS   | AWS::IAM::Role                                  | RiamLmsService/TaskDef/TaskRole (RiamLmsServiceTaskDefTaskRoleCA85C930) Resource creation Initiated
RiamLmsStack |  1/34 | 00:25:04 | CREATE_IN_PROGRESS   | AWS::IAM::Role                                  | Custom::CDKBucketDeployment8693BB64968944B69AAFB0CC9EB8756C/ServiceRole (CustomCDKBucketDeployment8693BB64968944B69AAFB0CC9EB8756CServiceRole89A01265) Resource creation Initiated
RiamLmsStack |  2/34 | 00:25:04 | CREATE_COMPLETE      | AWS::CDK::Metadata                              | CDKMetadata/Default (CDKMetadata) 
RiamLmsStack |  2/34 | 00:25:04 | CREATE_IN_PROGRESS   | AWS::S3::Bucket                                 | UiBucket (UiBucket6890E4C3) Resource creation Initiated
RiamLmsStack |  2/34 | 00:25:05 | CREATE_IN_PROGRESS   | AWS::S3::Bucket                                 | RecordingsBucket (RecordingsBucketAA52F499) Resource creation Initiated
RiamLmsStack |  2/34 | 00:25:05 | CREATE_IN_PROGRESS   | AWS::ECS::Cluster                               | RiamLmsCluster (RiamLmsClusterDDCCB31A) Eventual consistency check initiated
RiamLmsStack |  3/34 | 00:25:08 | CREATE_COMPLETE      | AWS::ECS::Cluster                               | RiamLmsCluster (RiamLmsClusterDDCCB31A) 
RiamLmsStack |  3/34 | 00:25:09 | CREATE_IN_PROGRESS   | AWS::Lambda::LayerVersion                       | UiDeployment/AwsCliLayer (UiDeploymentAwsCliLayer64A90B53) Resource creation Initiated
RiamLmsStack |  4/34 | 00:25:09 | CREATE_COMPLETE      | AWS::Lambda::LayerVersion                       | UiDeployment/AwsCliLayer (UiDeploymentAwsCliLayer64A90B53) 
RiamLmsStack |  5/34 | 00:25:11 | CREATE_COMPLETE      | AWS::Logs::LogGroup                             | RiamLmsService/TaskDef/web/LogGroup (RiamLmsServiceTaskDefwebLogGroup87A05590) 
RiamLmsStack |  6/34 | 00:25:12 | CREATE_COMPLETE      | AWS::EC2::SecurityGroup                         | RiamLmsService/LB/SecurityGroup (RiamLmsServiceLBSecurityGroupD3E8E05C) 
RiamLmsStack |  6/34 | 00:25:13 | CREATE_IN_PROGRESS   | AWS::ElasticLoadBalancingV2::LoadBalancer       | RiamLmsService/LB (RiamLmsServiceLB97A66689) 
RiamLmsStack |  6/34 | 00:25:15 | CREATE_IN_PROGRESS   | AWS::ElasticLoadBalancingV2::LoadBalancer       | RiamLmsService/LB (RiamLmsServiceLB97A66689) Resource creation Initiated
RiamLmsStack |  7/34 | 00:25:18 | CREATE_COMPLETE      | AWS::S3::Bucket                                 | UiBucket (UiBucket6890E4C3) 
RiamLmsStack |  8/34 | 00:25:19 | CREATE_COMPLETE      | AWS::S3::Bucket                                 | RecordingsBucket (RecordingsBucketAA52F499) 
RiamLmsStack |  8/34 | 00:25:19 | CREATE_IN_PROGRESS   | AWS::CloudFront::Distribution                   | UiDistribution (UiDistribution3836E805) 
RiamLmsStack |  9/34 | 00:25:20 | CREATE_COMPLETE      | AWS::ElasticLoadBalancingV2::TargetGroup        | RiamLmsService/LB/PublicListener/ECSGroup (RiamLmsServiceLBPublicListenerECSGroupB1128F6C) 
RiamLmsStack | 10/34 | 00:25:21 | CREATE_COMPLETE      | AWS::IAM::Role                                  | RiamLmsService/TaskDef/ExecutionRole (RiamLmsServiceTaskDefExecutionRole06AE8C0E) 
RiamLmsStack | 11/34 | 00:25:21 | CREATE_COMPLETE      | AWS::IAM::Role                                  | Custom::CDKBucketDeployment8693BB64968944B69AAFB0CC9EB8756C/ServiceRole (CustomCDKBucketDeployment8693BB64968944B69AAFB0CC9EB8756CServiceRole89A01265) 
RiamLmsStack | 12/34 | 00:25:21 | CREATE_COMPLETE      | AWS::IAM::Role                                  | RiamLmsService/TaskDef/TaskRole (RiamLmsServiceTaskDefTaskRoleCA85C930) 
RiamLmsStack | 13/34 | 00:25:21 | CREATE_COMPLETE      | AWS::IAM::Role                                  | Custom::S3AutoDeleteObjectsCustomResourceProvider/Role (CustomS3AutoDeleteObjectsCustomResourceProviderRole3B1BD092) 
RiamLmsStack | 13/34 | 00:25:22 | CREATE_IN_PROGRESS   | AWS::IAM::Policy                                | RiamLmsService/TaskDef/ExecutionRole/DefaultPolicy (RiamLmsServiceTaskDefExecutionRoleDefaultPolicy5E486BF1) 
RiamLmsStack | 13/34 | 00:25:22 | CREATE_IN_PROGRESS   | AWS::CloudFront::Distribution                   | UiDistribution (UiDistribution3836E805) Resource creation Initiated
RiamLmsStack | 13/34 | 00:25:22 | CREATE_IN_PROGRESS   | AWS::IAM::Policy                                | RiamLmsService/TaskDef/TaskRole/DefaultPolicy (RiamLmsServiceTaskDefTaskRoleDefaultPolicy6CEFAFFF) 
RiamLmsStack | 13/34 | 00:25:22 | CREATE_IN_PROGRESS   | AWS::IAM::Policy                                | Custom::CDKBucketDeployment8693BB64968944B69AAFB0CC9EB8756C/ServiceRole/DefaultPolicy (CustomCDKBucketDeployment8693BB64968944B69AAFB0CC9EB8756CServiceRoleDefaultPolicy88902FDF) 
RiamLmsStack | 13/34 | 00:25:22 | CREATE_IN_PROGRESS   | AWS::Lambda::Function                           | Custom::S3AutoDeleteObjectsCustomResourceProvider/Handler (CustomS3AutoDeleteObjectsCustomResourceProviderHandler9D90184F) 
RiamLmsStack | 13/34 | 00:25:22 | CREATE_IN_PROGRESS   | AWS::ECS::TaskDefinition                        | RiamLmsService/TaskDef (RiamLmsServiceTaskDef40248E91) 
RiamLmsStack | 13/34 | 00:25:23 | CREATE_IN_PROGRESS   | AWS::CloudFront::Distribution                   | UiDistribution (UiDistribution3836E805) Eventual consistency check initiated
RiamLmsStack | 13/34 | 00:25:23 | CREATE_IN_PROGRESS   | AWS::S3::BucketPolicy                           | RecordingsBucket/Policy (RecordingsBucketPolicy7D6C1F47) 
RiamLmsStack | 13/34 | 00:25:23 | CREATE_IN_PROGRESS   | AWS::S3::BucketPolicy                           | UiBucket/Policy (UiBucketPolicy09DA0D65) 
RiamLmsStack | 13/34 | 00:25:23 | CREATE_IN_PROGRESS   | AWS::IAM::Policy                                | RiamLmsService/TaskDef/ExecutionRole/DefaultPolicy (RiamLmsServiceTaskDefExecutionRoleDefaultPolicy5E486BF1) Resource creation Initiated
RiamLmsStack | 13/34 | 00:25:23 | CREATE_IN_PROGRESS   | AWS::IAM::Policy                                | Custom::CDKBucketDeployment8693BB64968944B69AAFB0CC9EB8756C/ServiceRole/DefaultPolicy (CustomCDKBucketDeployment8693BB64968944B69AAFB0CC9EB8756CServiceRoleDefaultPolicy88902FDF) Resource creation Initiated
RiamLmsStack | 13/34 | 00:25:24 | CREATE_IN_PROGRESS   | AWS::IAM::Policy                                | RiamLmsService/TaskDef/TaskRole/DefaultPolicy (RiamLmsServiceTaskDefTaskRoleDefaultPolicy6CEFAFFF) Resource creation Initiated
RiamLmsStack | 13/34 | 00:25:24 | CREATE_IN_PROGRESS   | AWS::S3::BucketPolicy                           | RecordingsBucket/Policy (RecordingsBucketPolicy7D6C1F47) Resource creation Initiated
RiamLmsStack | 13/34 | 00:25:24 | CREATE_IN_PROGRESS   | AWS::ECS::TaskDefinition                        | RiamLmsService/TaskDef (RiamLmsServiceTaskDef40248E91) Resource creation Initiated
RiamLmsStack | 13/34 | 00:25:24 | CREATE_IN_PROGRESS   | AWS::S3::BucketPolicy                           | UiBucket/Policy (UiBucketPolicy09DA0D65) Resource creation Initiated
RiamLmsStack | 13/34 | 00:25:24 | CREATE_IN_PROGRESS   | AWS::Lambda::Function                           | Custom::S3AutoDeleteObjectsCustomResourceProvider/Handler (CustomS3AutoDeleteObjectsCustomResourceProviderHandler9D90184F) Resource creation Initiated
RiamLmsStack | 14/34 | 00:25:24 | CREATE_COMPLETE      | AWS::S3::BucketPolicy                           | UiBucket/Policy (UiBucketPolicy09DA0D65) 
RiamLmsStack | 15/34 | 00:25:25 | CREATE_COMPLETE      | AWS::S3::BucketPolicy                           | RecordingsBucket/Policy (RecordingsBucketPolicy7D6C1F47) 
RiamLmsStack | 16/34 | 00:25:25 | CREATE_COMPLETE      | AWS::ECS::TaskDefinition                        | RiamLmsService/TaskDef (RiamLmsServiceTaskDef40248E91) 
RiamLmsStack | 16/34 | 00:25:25 | CREATE_IN_PROGRESS   | AWS::Lambda::Function                           | Custom::S3AutoDeleteObjectsCustomResourceProvider/Handler (CustomS3AutoDeleteObjectsCustomResourceProviderHandler9D90184F) Eventual consistency check initiated
RiamLmsStack | 17/34 | 00:25:30 | CREATE_COMPLETE      | AWS::Lambda::Function                           | Custom::S3AutoDeleteObjectsCustomResourceProvider/Handler (CustomS3AutoDeleteObjectsCustomResourceProviderHandler9D90184F) 
RiamLmsStack | 17/34 | 00:25:31 | CREATE_IN_PROGRESS   | Custom::S3AutoDeleteObjects                     | RecordingsBucket/AutoDeleteObjectsCustomResource/Default (RecordingsBucketAutoDeleteObjectsCustomResource0D202F09) 
RiamLmsStack | 17/34 | 00:25:31 | CREATE_IN_PROGRESS   | Custom::S3AutoDeleteObjects                     | UiBucket/AutoDeleteObjectsCustomResource/Default (UiBucketAutoDeleteObjectsCustomResourceE3F28A4B) 
RiamLmsStack | 17/34 | 00:25:34 | CREATE_IN_PROGRESS   | Custom::S3AutoDeleteObjects                     | UiBucket/AutoDeleteObjectsCustomResource/Default (UiBucketAutoDeleteObjectsCustomResourceE3F28A4B) Resource creation Initiated
RiamLmsStack | 18/34 | 00:25:34 | CREATE_COMPLETE      | Custom::S3AutoDeleteObjects                     | UiBucket/AutoDeleteObjectsCustomResource/Default (UiBucketAutoDeleteObjectsCustomResourceE3F28A4B) 
RiamLmsStack | 18/34 | 00:25:34 | CREATE_IN_PROGRESS   | Custom::S3AutoDeleteObjects                     | RecordingsBucket/AutoDeleteObjectsCustomResource/Default (RecordingsBucketAutoDeleteObjectsCustomResource0D202F09) Resource creation Initiated
RiamLmsStack | 19/34 | 00:25:34 | CREATE_COMPLETE      | Custom::S3AutoDeleteObjects                     | RecordingsBucket/AutoDeleteObjectsCustomResource/Default (RecordingsBucketAutoDeleteObjectsCustomResource0D202F09) 
RiamLmsStack | 20/34 | 00:25:38 | CREATE_COMPLETE      | AWS::IAM::Policy                                | RiamLmsService/TaskDef/ExecutionRole/DefaultPolicy (RiamLmsServiceTaskDefExecutionRoleDefaultPolicy5E486BF1) 
RiamLmsStack | 21/34 | 00:25:39 | CREATE_COMPLETE      | AWS::IAM::Policy                                | Custom::CDKBucketDeployment8693BB64968944B69AAFB0CC9EB8756C/ServiceRole/DefaultPolicy (CustomCDKBucketDeployment8693BB64968944B69AAFB0CC9EB8756CServiceRoleDefaultPolicy88902FDF) 
RiamLmsStack | 22/34 | 00:25:39 | CREATE_COMPLETE      | AWS::IAM::Policy                                | RiamLmsService/TaskDef/TaskRole/DefaultPolicy (RiamLmsServiceTaskDefTaskRoleDefaultPolicy6CEFAFFF) 
RiamLmsStack | 22/34 | 00:25:40 | CREATE_IN_PROGRESS   | AWS::EC2::SecurityGroup                         | RiamLmsService/Service/SecurityGroup (RiamLmsServiceSecurityGroup1501F571) 
RiamLmsStack | 22/34 | 00:25:40 | CREATE_IN_PROGRESS   | AWS::Lambda::Function                           | Custom::CDKBucketDeployment8693BB64968944B69AAFB0CC9EB8756C (CustomCDKBucketDeployment8693BB64968944B69AAFB0CC9EB8756C81C01536) 
RiamLmsStack | 22/34 | 00:25:42 | CREATE_IN_PROGRESS   | AWS::Lambda::Function                           | Custom::CDKBucketDeployment8693BB64968944B69AAFB0CC9EB8756C (CustomCDKBucketDeployment8693BB64968944B69AAFB0CC9EB8756C81C01536) Resource creation Initiated
RiamLmsStack | 22/34 | 00:25:43 | CREATE_IN_PROGRESS   | AWS::EC2::SecurityGroup                         | RiamLmsService/Service/SecurityGroup (RiamLmsServiceSecurityGroup1501F571) Resource creation Initiated
RiamLmsStack | 22/34 | 00:25:43 | CREATE_IN_PROGRESS   | AWS::Lambda::Function                           | Custom::CDKBucketDeployment8693BB64968944B69AAFB0CC9EB8756C (CustomCDKBucketDeployment8693BB64968944B69AAFB0CC9EB8756C81C01536) Eventual consistency check initiated
RiamLmsStack | 23/34 | 00:25:48 | CREATE_COMPLETE      | AWS::Lambda::Function                           | Custom::CDKBucketDeployment8693BB64968944B69AAFB0CC9EB8756C (CustomCDKBucketDeployment8693BB64968944B69AAFB0CC9EB8756C81C01536) 
RiamLmsStack | 24/34 | 00:25:49 | CREATE_COMPLETE      | AWS::EC2::SecurityGroup                         | RiamLmsService/Service/SecurityGroup (RiamLmsServiceSecurityGroup1501F571) 
RiamLmsStack | 24/34 | 00:25:50 | CREATE_IN_PROGRESS   | AWS::EC2::SecurityGroupEgress                   | RiamLmsService/LB/SecurityGroup/to RiamLmsStackRiamLmsServiceSecurityGroup604B60A6:8000 (RiamLmsServiceLBSecurityGrouptoRiamLmsStackRiamLmsServiceSecurityGroup604B60A6800073D2AEB7) 
RiamLmsStack | 24/34 | 00:25:50 | CREATE_IN_PROGRESS   | AWS::EC2::SecurityGroupIngress                  | RiamLmsService/Service/SecurityGroup/from RiamLmsStackRiamLmsServiceLBSecurityGroupB89AC316:8000 (RiamLmsServiceSecurityGroupfromRiamLmsStackRiamLmsServiceLBSecurityGroupB89AC3168000A25B1240) 
RiamLmsStack | 24/34 | 00:25:51 | CREATE_IN_PROGRESS   | AWS::EC2::SecurityGroupIngress                  | RiamLmsService/Service/SecurityGroup/from RiamLmsStackRiamLmsServiceLBSecurityGroupB89AC316:8000 (RiamLmsServiceSecurityGroupfromRiamLmsStackRiamLmsServiceLBSecurityGroupB89AC3168000A25B1240) Resource creation Initiated
RiamLmsStack | 24/34 | 00:25:52 | CREATE_IN_PROGRESS   | AWS::EC2::SecurityGroupEgress                   | RiamLmsService/LB/SecurityGroup/to RiamLmsStackRiamLmsServiceSecurityGroup604B60A6:8000 (RiamLmsServiceLBSecurityGrouptoRiamLmsStackRiamLmsServiceSecurityGroup604B60A6800073D2AEB7) Resource creation Initiated
RiamLmsStack | 25/34 | 00:25:52 | CREATE_COMPLETE      | AWS::EC2::SecurityGroupEgress                   | RiamLmsService/LB/SecurityGroup/to RiamLmsStackRiamLmsServiceSecurityGroup604B60A6:8000 (RiamLmsServiceLBSecurityGrouptoRiamLmsStackRiamLmsServiceSecurityGroup604B60A6800073D2AEB7) 
RiamLmsStack | 26/34 | 00:25:52 | CREATE_COMPLETE      | AWS::EC2::SecurityGroupIngress                  | RiamLmsService/Service/SecurityGroup/from RiamLmsStackRiamLmsServiceLBSecurityGroupB89AC316:8000 (RiamLmsServiceSecurityGroupfromRiamLmsStackRiamLmsServiceLBSecurityGroupB89AC3168000A25B1240) 
26/34 Currently in progress: RiamLmsStack, UiOAIAE97058F, RiamLmsServiceLB97A66689, UiDistribution3836E805
RiamLmsStack | 27/34 | 00:28:18 | CREATE_COMPLETE      | AWS::ElasticLoadBalancingV2::LoadBalancer       | RiamLmsService/LB (RiamLmsServiceLB97A66689) 
RiamLmsStack | 27/34 | 00:28:19 | CREATE_IN_PROGRESS   | AWS::ElasticLoadBalancingV2::Listener           | RiamLmsService/LB/PublicListener (RiamLmsServiceLBPublicListener9E124493) 
RiamLmsStack | 27/34 | 00:28:20 | CREATE_IN_PROGRESS   | AWS::ElasticLoadBalancingV2::Listener           | RiamLmsService/LB/PublicListener (RiamLmsServiceLBPublicListener9E124493) Resource creation Initiated
RiamLmsStack | 28/34 | 00:28:21 | CREATE_COMPLETE      | AWS::ElasticLoadBalancingV2::Listener           | RiamLmsService/LB/PublicListener (RiamLmsServiceLBPublicListener9E124493) 
RiamLmsStack | 28/34 | 00:28:22 | CREATE_IN_PROGRESS   | AWS::ECS::Service                               | RiamLmsService/Service/Service (RiamLmsServiceBDEB2ED9) 
RiamLmsStack | 28/34 | 00:28:24 | CREATE_IN_PROGRESS   | AWS::ECS::Service                               | RiamLmsService/Service/Service (RiamLmsServiceBDEB2ED9) Resource creation Initiated
RiamLmsStack | 29/34 | 00:28:26 | CREATE_COMPLETE      | AWS::CloudFront::Distribution                   | UiDistribution (UiDistribution3836E805) 
RiamLmsStack | 29/34 | 00:28:26 | CREATE_IN_PROGRESS   | Custom::CDKBucketDeployment                     | UiDeployment/CustomResource/Default (UiDeploymentCustomResource13C95213) 
29/34 Currently in progress: RiamLmsStack, UiOAIAE97058F, RiamLmsServiceBDEB2ED9, UiDeploymentCustomResource13C95213
RiamLmsStack | 29/34 | 00:30:06 | CREATE_IN_PROGRESS   | Custom::CDKBucketDeployment                     | UiDeployment/CustomResource/Default (UiDeploymentCustomResource13C95213) Resource creation Initiated
RiamLmsStack | 30/34 | 00:30:06 | CREATE_COMPLETE      | Custom::CDKBucketDeployment                     | UiDeployment/CustomResource/Default (UiDeploymentCustomResource13C95213) 
30/34 Currently in progress: RiamLmsStack, UiOAIAE97058F, RiamLmsServiceBDEB2ED9
